0x80000000 R
0x80000040 R
0x80000080 R
0x800000C0 R
0x80000100 R
0x80000140 R
0x80000180 R
0x800001C0 R
0x80000200 R
0x80000240 R
0x80000280 R
0x800002C0 R
0x80000300 R
0x80000340 R
0x80000380 R
0x800003C0 R
0x80000400 R
0x80000440 R
0x80000480 R
0x800004C0 R
0x80000500 R
0x80000540 R
0x80000580 R
0x800005C0 R
0x80000600 R
0x80000640 R
0x80000680 R
0x800006C0 R
0x80000700 R
0x80000740 R
0x80000780 R
0x800007C0 R
0x80000800 R
0x80000840 R
0x80000880 R
0x800008C0 R
0x80000900 R
0x80000940 R
0x80000980 R
0x800009C0 R
0x80000A00 R
0x80000A40 R
0x80000A80 R
0x80000AC0 R
0x80000B00 R
0x80000B40 R
0x80000B80 R
0x80000BC0 R
0x80000C00 R
0x80000C40 R
0x80000C80 R
0x80000CC0 R
0x80000D00 R
0x80000D40 R
0x80000D80 R
0x80000DC0 R
0x80000E00 R
0x80000E40 R
0x80000E80 R
0x80000EC0 R
0x80000F00 R
0x80000F40 R
0x80000F80 R
0x80000FC0 R
0x80001000 R
0x80001040 R
0x80001080 R
0x800010C0 R
0x80001100 R
0x80001140 R
0x80001180 R
0x800011C0 R
0x80001200 R
0x80001240 R
0x80001280 R
0x800012C0 R
0x80001300 R
0x80001340 R
0x80001380 R
0x800013C0 R
0x80001400 R
0x80001440 R
0x80001480 R
0x800014C0 R
0x80001500 R
0x80001540 R
0x80001580 R
0x800015C0 R
0x80001600 R
0x80001640 R
0x80001680 R
0x800016C0 R
0x80001700 R
0x80001740 R
0x80001780 R
0x800017C0 R
0x80001800 R
0x80001840 R
0x80001880 R
0x800018C0 R
0x80001900 R
0x80001940 R
0x80001980 R
0x800019C0 R
0x80001A00 R
0x80001A40 R
0x80001A80 R
0x80001AC0 R
0x80001B00 R
0x80001B40 R
0x80001B80 R
0x80001BC0 R
0x80001C00 R
0x80001C40 R
0x80001C80 R
0x80001CC0 R
0x80001D00 R
0x80001D40 R
0x80001D80 R
0x80001DC0 R
0x80001E00 R
0x80001E40 R
0x80001E80 R
0x80001EC0 R
0x80001F00 R
0x80001F40 R
0x80001F80 R
0x80001FC0 R
0x80002000 R
0x80002040 R
0x80002080 R
0x800020C0 R
0x80002100 R
0x80002140 R
0x80002180 R
0x800021C0 R
0x80002200 R
0x80002240 R
0x80002280 R
0x800022C0 R
0x80002300 R
0x80002340 R
0x80002380 R
0x800023C0 R
0x80002400 R
0x80002440 R
0x80002480 R
0x800024C0 R
0x80002500 R
0x80002540 R
0x80002580 R
0x800025C0 R
0x80002600 R
0x80002640 R
0x80002680 R
0x800026C0 R
0x80002700 R
0x80002740 R
0x80002780 R
0x800027C0 R
0x80002800 R
0x80002840 R
0x80002880 R
0x800028C0 R
0x80002900 R
0x80002940 R
0x80002980 R
0x800029C0 R
0x80002A00 R
0x80002A40 R
0x80002A80 R
0x80002AC0 R
0x80002B00 R
0x80002B40 R
0x80002B80 R
0x80002BC0 R
0x80002C00 R
0x80002C40 R
0x80002C80 R
0x80002CC0 R
0x80002D00 R
0x80002D40 R
0x80002D80 R
0x80002DC0 R
0x80002E00 R
0x80002E40 R
0x80002E80 R
0x80002EC0 R
0x80002F00 R
0x80002F40 R
0x80002F80 R
0x80002FC0 R
0x80003000 R
0x80003040 R
0x80003080 R
0x800030C0 R
0x80003100 R
0x80003140 R
0x80003180 R
0x800031C0 R
0x80003200 R
0x80003240 R
0x80003280 R
0x800032C0 R
0x80003300 R
0x80003340 R
0x80003380 R
0x800033C0 R
0x80003400 R
0x80003440 R
0x80003480 R
0x800034C0 R
0x80003500 R
0x80003540 R
0x80003580 R
0x800035C0 R
0x80003600 R
0x80003640 R
0x80003680 R
0x800036C0 R
0x80003700 R
0x80003740 R
0x80003780 R
0x800037C0 R
0x80003800 R
0x80003840 R
0x80003880 R
0x800038C0 R
0x80003900 R
0x80003940 R
0x80003980 R
0x800039C0 R
0x80003A00 R
0x80003A40 R
0x80003A80 R
0x80003AC0 R
0x80003B00 R
0x80003B40 R
0x80003B80 R
0x80003BC0 R
0x80003C00 R
0x80003C40 R
0x80003C80 R
0x80003CC0 R
0x80003D00 R
0x80003D40 R
0x80003D80 R
0x80003DC0 R
0x80003E00 R
0x80003E40 R
0x80003E80 R
0x80003EC0 R
0x80003F00 R
0x80003F40 R
0x80003F80 R
0x80003FC0 R
0x80004000 R
0x80004040 R
0x80004080 R
0x800040C0 R
0x80004100 R
0x80004140 R
0x80004180 R
0x800041C0 R
0x80004200 R
0x80004240 R
0x80004280 R
0x800042C0 R
0x80004300 R
0x80004340 R
0x80004380 R
0x800043C0 R
0x80004400 R
0x80004440 R
0x80004480 R
0x800044C0 R
0x80004500 R
0x80004540 R
0x80004580 R
0x800045C0 R
0x80004600 R
0x80004640 R
0x80004680 R
0x800046C0 R
0x80004700 R
0x80004740 R
0x80004780 R
0x800047C0 R
0x80004800 R
0x80004840 R
0x80004880 R
0x800048C0 R
0x80004900 R
0x80004940 R
0x80004980 R
0x800049C0 R
0x80004A00 R
0x80004A40 R
0x80004A80 R
0x80004AC0 R
0x80004B00 R
0x80004B40 R
0x80004B80 R
0x80004BC0 R
0x80004C00 R
0x80004C40 R
0x80004C80 R
0x80004CC0 R
0x80004D00 R
0x80004D40 R
0x80004D80 R
0x80004DC0 R
0x80004E00 R
0x80004E40 R
0x80004E80 R
0x80004EC0 R
0x80004F00 R
0x80004F40 R
0x80004F80 R
0x80004FC0 R
0x80005000 R
0x80005040 R
0x80005080 R
0x800050C0 R
0x80005100 R
0x80005140 R
0x80005180 R
0x800051C0 R
0x80005200 R
0x80005240 R
0x80005280 R
0x800052C0 R
0x80005300 R
0x80005340 R
0x80005380 R
0x800053C0 R
0x80005400 R
0x80005440 R
0x80005480 R
0x800054C0 R
0x80005500 R
0x80005540 R
0x80005580 R
0x800055C0 R
0x80005600 R
0x80005640 R
0x80005680 R
0x800056C0 R
0x80005700 R
0x80005740 R
0x80005780 R
0x800057C0 R
0x80005800 R
0x80005840 R
0x80005880 R
0x800058C0 R
0x80005900 R
0x80005940 R
0x80005980 R
0x800059C0 R
0x80005A00 R
0x80005A40 R
0x80005A80 R
0x80005AC0 R
0x80005B00 R
0x80005B40 R
0x80005B80 R
0x80005BC0 R
0x80005C00 R
0x80005C40 R
0x80005C80 R
0x80005CC0 R
0x80005D00 R
0x80005D40 R
0x80005D80 R
0x80005DC0 R
0x80005E00 R
0x80005E40 R
0x80005E80 R
0x80005EC0 R
0x80005F00 R
0x80005F40 R
0x80005F80 R
0x80005FC0 R
0x80006000 R
0x80006040 R
0x80006080 R
0x800060C0 R
0x80006100 R
0x80006140 R
0x80006180 R
0x800061C0 R
0x80006200 R
0x80006240 R
0x80006280 R
0x800062C0 R
0x80006300 R
0x80006340 R
0x80006380 R
0x800063C0 R
0x80006400 R
0x80006440 R
0x80006480 R
0x800064C0 R
0x80006500 R
0x80006540 R
0x80006580 R
0x800065C0 R
0x80006600 R
0x80006640 R
0x80006680 R
0x800066C0 R
0x80006700 R
0x80006740 R
0x80006780 R
0x800067C0 R
0x80006800 R
0x80006840 R
0x80006880 R
0x800068C0 R
0x80006900 R
0x80006940 R
0x80006980 R
0x800069C0 R
0x80006A00 R
0x80006A40 R
0x80006A80 R
0x80006AC0 R
0x80006B00 R
0x80006B40 R
0x80006B80 R
0x80006BC0 R
0x80006C00 R
0x80006C40 R
0x80006C80 R
0x80006CC0 R
0x80006D00 R
0x80006D40 R
0x80006D80 R
0x80006DC0 R
0x80006E00 R
0x80006E40 R
0x80006E80 R
0x80006EC0 R
0x80006F00 R
0x80006F40 R
0x80006F80 R
0x80006FC0 R
0x80007000 R
0x80007040 R
0x80007080 R
0x800070C0 R
0x80007100 R
0x80007140 R
0x80007180 R
0x800071C0 R
0x80007200 R
0x80007240 R
0x80007280 R
0x800072C0 R
0x80007300 R
0x80007340 R
0x80007380 R
0x800073C0 R
0x80007400 R
0x80007440 R
0x80007480 R
0x800074C0 R
0x80007500 R
0x80007540 R
0x80007580 R
0x800075C0 R
0x80007600 R
0x80007640 R
0x80007680 R
0x800076C0 R
0x80007700 R
0x80007740 R
0x80007780 R
0x800077C0 R
0x80007800 R
0x80007840 R
0x80007880 R
0x800078C0 R
0x80007900 R
0x80007940 R
0x80007980 R
0x800079C0 R
0x80007A00 R
0x80007A40 R
0x80007A80 R
0x80007AC0 R
0x80007B00 R
0x80007B40 R
0x80007B80 R
0x80007BC0 R
0x80007C00 R
0x80007C40 R
0x80007C80 R
0x80007CC0 R
0x80007D00 R
0x80007D40 R
0x80007D80 R
0x80007DC0 R
0x80007E00 R
0x80007E40 R
0x80007E80 R
0x80007EC0 R
0x80007F00 R
0x80007F40 R
0x80007F80 R
0x80007FC0 R
0x80008000 R
0x80008040 R
0x80008080 R
0x800080C0 R
0x80008100 R
0x80008140 R
0x80008180 R
0x800081C0 R
0x80008200 R
0x80008240 R
0x80008280 R
0x800082C0 R
0x80008300 R
0x80008340 R
0x80008380 R
0x800083C0 R
0x80008400 R
0x80008440 R
0x80008480 R
0x800084C0 R
0x80008500 R
0x80008540 R
0x80008580 R
0x800085C0 R
0x80008600 R
0x80008640 R
0x80008680 R
0x800086C0 R
0x80008700 R
0x80008740 R
0x80008780 R
0x800087C0 R
0x80008800 R
0x80008840 R
0x80008880 R
0x800088C0 R
0x80008900 R
0x80008940 R
0x80008980 R
0x800089C0 R
0x80008A00 R
0x80008A40 R
0x80008A80 R
0x80008AC0 R
0x80008B00 R
0x80008B40 R
0x80008B80 R
0x80008BC0 R
0x80008C00 R
0x80008C40 R
0x80008C80 R
0x80008CC0 R
0x80008D00 R
0x80008D40 R
0x80008D80 R
0x80008DC0 R
0x80008E00 R
0x80008E40 R
0x80008E80 R
0x80008EC0 R
0x80008F00 R
0x80008F40 R
0x80008F80 R
0x80008FC0 R
0x80009000 R
0x80009040 R
0x80009080 R
0x800090C0 R
0x80009100 R
0x80009140 R
0x80009180 R
0x800091C0 R
0x80009200 R
0x80009240 R
0x80009280 R
0x800092C0 R
0x80009300 R
0x80009340 R
0x80009380 R
0x800093C0 R
0x80009400 R
0x80009440 R
0x80009480 R
0x800094C0 R
0x80009500 R
0x80009540 R
0x80009580 R
0x800095C0 R
0x80009600 R
0x80009640 R
0x80009680 R
0x800096C0 R
0x80009700 R
0x80009740 R
0x80009780 R
0x800097C0 R
0x80009800 R
0x80009840 R
0x80009880 R
0x800098C0 R
0x80009900 R
0x80009940 R
0x80009980 R
0x800099C0 R
0x80009A00 R
0x80009A40 R
0x80009A80 R
0x80009AC0 R
0x80009B00 R
0x80009B40 R
0x80009B80 R
0x80009BC0 R
0x80009C00 R
0x80009C40 R
0x80009C80 R
0x80009CC0 R
0x80009D00 R
0x80009D40 R
0x80009D80 R
0x80009DC0 R
0x80009E00 R
0x80009E40 R
0x80009E80 R
0x80009EC0 R
0x80009F00 R
0x80009F40 R
0x80009F80 R
0x80009FC0 R
0x8000A000 R
0x8000A040 R
0x8000A080 R
0x8000A0C0 R
0x8000A100 R
0x8000A140 R
0x8000A180 R
0x8000A1C0 R
0x8000A200 R
0x8000A240 R
0x8000A280 R
0x8000A2C0 R
0x8000A300 R
0x8000A340 R
0x8000A380 R
0x8000A3C0 R
0x8000A400 R
0x8000A440 R
0x8000A480 R
0x8000A4C0 R
0x8000A500 R
0x8000A540 R
0x8000A580 R
0x8000A5C0 R
0x8000A600 R
0x8000A640 R
0x8000A680 R
0x8000A6C0 R
0x8000A700 R
0x8000A740 R
0x8000A780 R
0x8000A7C0 R
0x8000A800 R
0x8000A840 R
0x8000A880 R
0x8000A8C0 R
0x8000A900 R
0x8000A940 R
0x8000A980 R
0x8000A9C0 R
0x8000AA00 R
0x8000AA40 R
0x8000AA80 R
0x8000AAC0 R
0x8000AB00 R
0x8000AB40 R
0x8000AB80 R
0x8000ABC0 R
0x8000AC00 R
0x8000AC40 R
0x8000AC80 R
0x8000ACC0 R
0x8000AD00 R
0x8000AD40 R
0x8000AD80 R
0x8000ADC0 R
0x8000AE00 R
0x8000AE40 R
0x8000AE80 R
0x8000AEC0 R
0x8000AF00 R
0x8000AF40 R
0x8000AF80 R
0x8000AFC0 R
0x8000B000 R
0x8000B040 R
0x8000B080 R
0x8000B0C0 R
0x8000B100 R
0x8000B140 R
0x8000B180 R
0x8000B1C0 R
0x8000B200 R
0x8000B240 R
0x8000B280 R
0x8000B2C0 R
0x8000B300 R
0x8000B340 R
0x8000B380 R
0x8000B3C0 R
0x8000B400 R
0x8000B440 R
0x8000B480 R
0x8000B4C0 R
0x8000B500 R
0x8000B540 R
0x8000B580 R
0x8000B5C0 R
0x8000B600 R
0x8000B640 R
0x8000B680 R
0x8000B6C0 R
0x8000B700 R
0x8000B740 R
0x8000B780 R
0x8000B7C0 R
0x8000B800 R
0x8000B840 R
0x8000B880 R
0x8000B8C0 R
0x8000B900 R
0x8000B940 R
0x8000B980 R
0x8000B9C0 R
0x8000BA00 R
0x8000BA40 R
0x8000BA80 R
0x8000BAC0 R
0x8000BB00 R
0x8000BB40 R
0x8000BB80 R
0x8000BBC0 R
0x8000BC00 R
0x8000BC40 R
0x8000BC80 R
0x8000BCC0 R
0x8000BD00 R
0x8000BD40 R
0x8000BD80 R
0x8000BDC0 R
0x8000BE00 R
0x8000BE40 R
0x8000BE80 R
0x8000BEC0 R
0x8000BF00 R
0x8000BF40 R
0x8000BF80 R
0x8000BFC0 R
0x8000C000 R
0x8000C040 R
0x8000C080 R
0x8000C0C0 R
0x8000C100 R
0x8000C140 R
0x8000C180 R
0x8000C1C0 R
0x8000C200 R
0x8000C240 R
0x8000C280 R
0x8000C2C0 R
0x8000C300 R
0x8000C340 R
0x8000C380 R
0x8000C3C0 R
0x8000C400 R
0x8000C440 R
0x8000C480 R
0x8000C4C0 R
0x8000C500 R
0x8000C540 R
0x8000C580 R
0x8000C5C0 R
0x8000C600 R
0x8000C640 R
0x8000C680 R
0x8000C6C0 R
0x8000C700 R
0x8000C740 R
0x8000C780 R
0x8000C7C0 R
0x8000C800 R
0x8000C840 R
0x8000C880 R
0x8000C8C0 R
0x8000C900 R
0x8000C940 R
0x8000C980 R
0x8000C9C0 R
0x8000CA00 R
0x8000CA40 R
0x8000CA80 R
0x8000CAC0 R
0x8000CB00 R
0x8000CB40 R
0x8000CB80 R
0x8000CBC0 R
0x8000CC00 R
0x8000CC40 R
0x8000CC80 R
0x8000CCC0 R
0x8000CD00 R
0x8000CD40 R
0x8000CD80 R
0x8000CDC0 R
0x8000CE00 R
0x8000CE40 R
0x8000CE80 R
0x8000CEC0 R
0x8000CF00 R
0x8000CF40 R
0x8000CF80 R
0x8000CFC0 R
0x8000D000 R
0x8000D040 R
0x8000D080 R
0x8000D0C0 R
0x8000D100 R
0x8000D140 R
0x8000D180 R
0x8000D1C0 R
0x8000D200 R
0x8000D240 R
0x8000D280 R
0x8000D2C0 R
0x8000D300 R
0x8000D340 R
0x8000D380 R
0x8000D3C0 R
0x8000D400 R
0x8000D440 R
0x8000D480 R
0x8000D4C0 R
0x8000D500 R
0x8000D540 R
0x8000D580 R
0x8000D5C0 R
0x8000D600 R
0x8000D640 R
0x8000D680 R
0x8000D6C0 R
0x8000D700 R
0x8000D740 R
0x8000D780 R
0x8000D7C0 R
0x8000D800 R
0x8000D840 R
0x8000D880 R
0x8000D8C0 R
0x8000D900 R
0x8000D940 R
0x8000D980 R
0x8000D9C0 R
0x8000DA00 R
0x8000DA40 R
0x8000DA80 R
0x8000DAC0 R
0x8000DB00 R
0x8000DB40 R
0x8000DB80 R
0x8000DBC0 R
0x8000DC00 R
0x8000DC40 R
0x8000DC80 R
0x8000DCC0 R
0x8000DD00 R
0x8000DD40 R
0x8000DD80 R
0x8000DDC0 R
0x8000DE00 R
0x8000DE40 R
0x8000DE80 R
0x8000DEC0 R
0x8000DF00 R
0x8000DF40 R
0x8000DF80 R
0x8000DFC0 R
0x8000E000 R
0x8000E040 R
0x8000E080 R
0x8000E0C0 R
0x8000E100 R
0x8000E140 R
0x8000E180 R
0x8000E1C0 R
0x8000E200 R
0x8000E240 R
0x8000E280 R
0x8000E2C0 R
0x8000E300 R
0x8000E340 R
0x8000E380 R
0x8000E3C0 R
0x8000E400 R
0x8000E440 R
0x8000E480 R
0x8000E4C0 R
0x8000E500 R
0x8000E540 R
0x8000E580 R
0x8000E5C0 R
0x8000E600 R
0x8000E640 R
0x8000E680 R
0x8000E6C0 R
0x8000E700 R
0x8000E740 R
0x8000E780 R
0x8000E7C0 R
0x8000E800 R
0x8000E840 R
0x8000E880 R
0x8000E8C0 R
0x8000E900 R
0x8000E940 R
0x8000E980 R
0x8000E9C0 R
0x8000EA00 R
0x8000EA40 R
0x8000EA80 R
0x8000EAC0 R
0x8000EB00 R
0x8000EB40 R
0x8000EB80 R
0x8000EBC0 R
0x8000EC00 R
0x8000EC40 R
0x8000EC80 R
0x8000ECC0 R
0x8000ED00 R
0x8000ED40 R
0x8000ED80 R
0x8000EDC0 R
0x8000EE00 R
0x8000EE40 R
0x8000EE80 R
0x8000EEC0 R
0x8000EF00 R
0x8000EF40 R
0x8000EF80 R
0x8000EFC0 R
0x8000F000 R
0x8000F040 R
0x8000F080 R
0x8000F0C0 R
0x8000F100 R
0x8000F140 R
0x8000F180 R
0x8000F1C0 R
0x8000F200 R
0x8000F240 R
0x8000F280 R
0x8000F2C0 R
0x8000F300 R
0x8000F340 R
0x8000F380 R
0x8000F3C0 R
0x8000F400 R
0x8000F440 R
0x8000F480 R
0x8000F4C0 R
0x8000F500 R
0x8000F540 R
0x8000F580 R
0x8000F5C0 R
0x8000F600 R
0x8000F640 R
0x8000F680 R
0x8000F6C0 R
0x8000F700 R
0x8000F740 R
0x8000F780 R
0x8000F7C0 R
0x8000F800 R
0x8000F840 R
0x8000F880 R
0x8000F8C0 R
0x8000F900 R
0x8000F940 R
0x8000F980 R
0x8000F9C0 R
0x8000FA00 R
0x8000FA40 R
0x8000FA80 R
0x8000FAC0 R
0x8000FB00 R
0x8000FB40 R
0x8000FB80 R
0x8000FBC0 R
0x8000FC00 R
0x8000FC40 R
0x8000FC80 R
0x8000FCC0 R
0x8000FD00 R
0x8000FD40 R
0x8000FD80 R
0x8000FDC0 R
0x8000FE00 R
0x8000FE40 R
0x8000FE80 R
0x8000FEC0 R
0x8000FF00 R
0x8000FF40 R
0x8000FF80 R
0x8000FFC0 R
0x80010000 R
0x80010040 R
0x80010080 R
0x800100C0 R
0x80010100 R
0x80010140 R
0x80010180 R
0x800101C0 R
0x80010200 R
0x80010240 R
0x80010280 R
0x800102C0 R
0x80010300 R
0x80010340 R
0x80010380 R
0x800103C0 R
0x80010400 R
0x80010440 R
0x80010480 R
0x800104C0 R
0x80010500 R
0x80010540 R
0x80010580 R
0x800105C0 R
0x80010600 R
0x80010640 R
0x80010680 R
0x800106C0 R
0x80010700 R
0x80010740 R
0x80010780 R
0x800107C0 R
0x80010800 R
0x80010840 R
0x80010880 R
0x800108C0 R
0x80010900 R
0x80010940 R
0x80010980 R
0x800109C0 R
0x80010A00 R
0x80010A40 R
0x80010A80 R
0x80010AC0 R
0x80010B00 R
0x80010B40 R
0x80010B80 R
0x80010BC0 R
0x80010C00 R
0x80010C40 R
0x80010C80 R
0x80010CC0 R
0x80010D00 R
0x80010D40 R
0x80010D80 R
0x80010DC0 R
0x80010E00 R
0x80010E40 R
0x80010E80 R
0x80010EC0 R
0x80010F00 R
0x80010F40 R
0x80010F80 R
0x80010FC0 R
0x80011000 R
0x80011040 R
0x80011080 R
0x800110C0 R
0x80011100 R
0x80011140 R
0x80011180 R
0x800111C0 R
0x80011200 R
0x80011240 R
0x80011280 R
0x800112C0 R
0x80011300 R
0x80011340 R
0x80011380 R
0x800113C0 R
0x80011400 R
0x80011440 R
0x80011480 R
0x800114C0 R
0x80011500 R
0x80011540 R
0x80011580 R
0x800115C0 R
0x80011600 R
0x80011640 R
0x80011680 R
0x800116C0 R
0x80011700 R
0x80011740 R
0x80011780 R
0x800117C0 R
0x80011800 R
0x80011840 R
0x80011880 R
0x800118C0 R
0x80011900 R
0x80011940 R
0x80011980 R
0x800119C0 R
0x80011A00 R
0x80011A40 R
0x80011A80 R
0x80011AC0 R
0x80011B00 R
0x80011B40 R
0x80011B80 R
0x80011BC0 R
0x80011C00 R
0x80011C40 R
0x80011C80 R
0x80011CC0 R
0x80011D00 R
0x80011D40 R
0x80011D80 R
0x80011DC0 R
0x80011E00 R
0x80011E40 R
0x80011E80 R
0x80011EC0 R
0x80011F00 R
0x80011F40 R
0x80011F80 R
0x80011FC0 R
0x80012000 R
0x80012040 R
0x80012080 R
0x800120C0 R
0x80012100 R
0x80012140 R
0x80012180 R
0x800121C0 R
0x80012200 R
0x80012240 R
0x80012280 R
0x800122C0 R
0x80012300 R
0x80012340 R
0x80012380 R
0x800123C0 R
0x80012400 R
0x80012440 R
0x80012480 R
0x800124C0 R
0x80012500 R
0x80012540 R
0x80012580 R
0x800125C0 R
0x80012600 R
0x80012640 R
0x80012680 R
0x800126C0 R
0x80012700 R
0x80012740 R
0x80012780 R
0x800127C0 R
0x80012800 R
0x80012840 R
0x80012880 R
0x800128C0 R
0x80012900 R
0x80012940 R
0x80012980 R
0x800129C0 R
0x80012A00 R
0x80012A40 R
0x80012A80 R
0x80012AC0 R
0x80012B00 R
0x80012B40 R
0x80012B80 R
0x80012BC0 R
0x80012C00 R
0x80012C40 R
0x80012C80 R
0x80012CC0 R
0x80012D00 R
0x80012D40 R
0x80012D80 R
0x80012DC0 R
0x80012E00 R
0x80012E40 R
0x80012E80 R
0x80012EC0 R
0x80012F00 R
0x80012F40 R
0x80012F80 R
0x80012FC0 R
0x80013000 R
0x80013040 R
0x80013080 R
0x800130C0 R
0x80013100 R
0x80013140 R
0x80013180 R
0x800131C0 R
0x80013200 R
0x80013240 R
0x80013280 R
0x800132C0 R
0x80013300 R
0x80013340 R
0x80013380 R
0x800133C0 R
0x80013400 R
0x80013440 R
0x80013480 R
0x800134C0 R
0x80013500 R
0x80013540 R
0x80013580 R
0x800135C0 R
0x80013600 R
0x80013640 R
0x80013680 R
0x800136C0 R
0x80013700 R
0x80013740 R
0x80013780 R
0x800137C0 R
0x80013800 R
0x80013840 R
0x80013880 R
0x800138C0 R
0x80013900 R
0x80013940 R
0x80013980 R
0x800139C0 R
0x80013A00 R
0x80013A40 R
0x80013A80 R
0x80013AC0 R
0x80013B00 R
0x80013B40 R
0x80013B80 R
0x80013BC0 R
0x80013C00 R
0x80013C40 R
0x80013C80 R
0x80013CC0 R
0x80013D00 R
0x80013D40 R
0x80013D80 R
0x80013DC0 R
0x80013E00 R
0x80013E40 R
0x80013E80 R
0x80013EC0 R
0x80013F00 R
0x80013F40 R
0x80013F80 R
0x80013FC0 R
0x80014000 R
0x80014040 R
0x80014080 R
0x800140C0 R
0x80014100 R
0x80014140 R
0x80014180 R
0x800141C0 R
0x80014200 R
0x80014240 R
0x80014280 R
0x800142C0 R
0x80014300 R
0x80014340 R
0x80014380 R
0x800143C0 R
0x80014400 R
0x80014440 R
0x80014480 R
0x800144C0 R
0x80014500 R
0x80014540 R
0x80014580 R
0x800145C0 R
0x80014600 R
0x80014640 R
0x80014680 R
0x800146C0 R
0x80014700 R
0x80014740 R
0x80014780 R
0x800147C0 R
0x80014800 R
0x80014840 R
0x80014880 R
0x800148C0 R
0x80014900 R
0x80014940 R
0x80014980 R
0x800149C0 R
0x80014A00 R
0x80014A40 R
0x80014A80 R
0x80014AC0 R
0x80014B00 R
0x80014B40 R
0x80014B80 R
0x80014BC0 R
0x80014C00 R
0x80014C40 R
0x80014C80 R
0x80014CC0 R
0x80014D00 R
0x80014D40 R
0x80014D80 R
0x80014DC0 R
0x80014E00 R
0x80014E40 R
0x80014E80 R
0x80014EC0 R
0x80014F00 R
0x80014F40 R
0x80014F80 R
0x80014FC0 R
0x80015000 R
0x80015040 R
0x80015080 R
0x800150C0 R
0x80015100 R
0x80015140 R
0x80015180 R
0x800151C0 R
0x80015200 R
0x80015240 R
0x80015280 R
0x800152C0 R
0x80015300 R
0x80015340 R
0x80015380 R
0x800153C0 R
0x80015400 R
0x80015440 R
0x80015480 R
0x800154C0 R
0x80015500 R
0x80015540 R
0x80015580 R
0x800155C0 R
0x80015600 R
0x80015640 R
0x80015680 R
0x800156C0 R
0x80015700 R
0x80015740 R
0x80015780 R
0x800157C0 R
0x80015800 R
0x80015840 R
0x80015880 R
0x800158C0 R
0x80015900 R
0x80015940 R
0x80015980 R
0x800159C0 R
0x80015A00 R
0x80015A40 R
0x80015A80 R
0x80015AC0 R
0x80015B00 R
0x80015B40 R
0x80015B80 R
0x80015BC0 R
0x80015C00 R
0x80015C40 R
0x80015C80 R
0x80015CC0 R
0x80015D00 R
0x80015D40 R
0x80015D80 R
0x80015DC0 R
0x80015E00 R
0x80015E40 R
0x80015E80 R
0x80015EC0 R
0x80015F00 R
0x80015F40 R
0x80015F80 R
0x80015FC0 R
0x80016000 R
0x80016040 R
0x80016080 R
0x800160C0 R
0x80016100 R
0x80016140 R
0x80016180 R
0x800161C0 R
0x80016200 R
0x80016240 R
0x80016280 R
0x800162C0 R
0x80016300 R
0x80016340 R
0x80016380 R
0x800163C0 R
0x80016400 R
0x80016440 R
0x80016480 R
0x800164C0 R
0x80016500 R
0x80016540 R
0x80016580 R
0x800165C0 R
0x80016600 R
0x80016640 R
0x80016680 R
0x800166C0 R
0x80016700 R
0x80016740 R
0x80016780 R
0x800167C0 R
0x80016800 R
0x80016840 R
0x80016880 R
0x800168C0 R
0x80016900 R
0x80016940 R
0x80016980 R
0x800169C0 R
0x80016A00 R
0x80016A40 R
0x80016A80 R
0x80016AC0 R
0x80016B00 R
0x80016B40 R
0x80016B80 R
0x80016BC0 R
0x80016C00 R
0x80016C40 R
0x80016C80 R
0x80016CC0 R
0x80016D00 R
0x80016D40 R
0x80016D80 R
0x80016DC0 R
0x80016E00 R
0x80016E40 R
0x80016E80 R
0x80016EC0 R
0x80016F00 R
0x80016F40 R
0x80016F80 R
0x80016FC0 R
0x80017000 R
0x80017040 R
0x80017080 R
0x800170C0 R
0x80017100 R
0x80017140 R
0x80017180 R
0x800171C0 R
0x80017200 R
0x80017240 R
0x80017280 R
0x800172C0 R
0x80017300 R
0x80017340 R
0x80017380 R
0x800173C0 R
0x80017400 R
0x80017440 R
0x80017480 R
0x800174C0 R
0x80017500 R
0x80017540 R
0x80017580 R
0x800175C0 R
0x80017600 R
0x80017640 R
0x80017680 R
0x800176C0 R
0x80017700 R
0x80017740 R
0x80017780 R
0x800177C0 R
0x80017800 R
0x80017840 R
0x80017880 R
0x800178C0 R
0x80017900 R
0x80017940 R
0x80017980 R
0x800179C0 R
0x80017A00 R
0x80017A40 R
0x80017A80 R
0x80017AC0 R
0x80017B00 R
0x80017B40 R
0x80017B80 R
0x80017BC0 R
0x80017C00 R
0x80017C40 R
0x80017C80 R
0x80017CC0 R
0x80017D00 R
0x80017D40 R
0x80017D80 R
0x80017DC0 R
0x80017E00 R
0x80017E40 R
0x80017E80 R
0x80017EC0 R
0x80017F00 R
0x80017F40 R
0x80017F80 R
0x80017FC0 R
0x80018000 R
0x80018040 R
0x80018080 R
0x800180C0 R
0x80018100 R
0x80018140 R
0x80018180 R
0x800181C0 R
0x80018200 R
0x80018240 R
0x80018280 R
0x800182C0 R
0x80018300 R
0x80018340 R
0x80018380 R
0x800183C0 R
0x80018400 R
0x80018440 R
0x80018480 R
0x800184C0 R
0x80018500 R
0x80018540 R
0x80018580 R
0x800185C0 R
0x80018600 R
0x80018640 R
0x80018680 R
0x800186C0 R
0x80018700 R
0x80018740 R
0x80018780 R
0x800187C0 R
0x80018800 R
0x80018840 R
0x80018880 R
0x800188C0 R
0x80018900 R
0x80018940 R
0x80018980 R
0x800189C0 R
0x80018A00 R
0x80018A40 R
0x80018A80 R
0x80018AC0 R
0x80018B00 R
0x80018B40 R
0x80018B80 R
0x80018BC0 R
0x80018C00 R
0x80018C40 R
0x80018C80 R
0x80018CC0 R
0x80018D00 R
0x80018D40 R
0x80018D80 R
0x80018DC0 R
0x80018E00 R
0x80018E40 R
0x80018E80 R
0x80018EC0 R
0x80018F00 R
0x80018F40 R
0x80018F80 R
0x80018FC0 R
0x80019000 R
0x80019040 R
0x80019080 R
0x800190C0 R
0x80019100 R
0x80019140 R
0x80019180 R
0x800191C0 R
0x80019200 R
0x80019240 R
0x80019280 R
0x800192C0 R
0x80019300 R
0x80019340 R
0x80019380 R
0x800193C0 R
0x80019400 R
0x80019440 R
0x80019480 R
0x800194C0 R
0x80019500 R
0x80019540 R
0x80019580 R
0x800195C0 R
0x80019600 R
0x80019640 R
0x80019680 R
0x800196C0 R
0x80019700 R
0x80019740 R
0x80019780 R
0x800197C0 R
0x80019800 R
0x80019840 R
0x80019880 R
0x800198C0 R
0x80019900 R
0x80019940 R
0x80019980 R
0x800199C0 R
0x80019A00 R
0x80019A40 R
0x80019A80 R
0x80019AC0 R
0x80019B00 R
0x80019B40 R
0x80019B80 R
0x80019BC0 R
0x80019C00 R
0x80019C40 R
0x80019C80 R
0x80019CC0 R
0x80019D00 R
0x80019D40 R
0x80019D80 R
0x80019DC0 R
0x80019E00 R
0x80019E40 R
0x80019E80 R
0x80019EC0 R
0x80019F00 R
0x80019F40 R
0x80019F80 R
0x80019FC0 R
0x8001A000 R
0x8001A040 R
0x8001A080 R
0x8001A0C0 R
0x8001A100 R
0x8001A140 R
0x8001A180 R
0x8001A1C0 R
0x8001A200 R
0x8001A240 R
0x8001A280 R
0x8001A2C0 R
0x8001A300 R
0x8001A340 R
0x8001A380 R
0x8001A3C0 R
0x8001A400 R
0x8001A440 R
0x8001A480 R
0x8001A4C0 R
0x8001A500 R
0x8001A540 R
0x8001A580 R
0x8001A5C0 R
0x8001A600 R
0x8001A640 R
0x8001A680 R
0x8001A6C0 R
0x8001A700 R
0x8001A740 R
0x8001A780 R
0x8001A7C0 R
0x8001A800 R
0x8001A840 R
0x8001A880 R
0x8001A8C0 R
0x8001A900 R
0x8001A940 R
0x8001A980 R
0x8001A9C0 R
0x8001AA00 R
0x8001AA40 R
0x8001AA80 R
0x8001AAC0 R
0x8001AB00 R
0x8001AB40 R
0x8001AB80 R
0x8001ABC0 R
0x8001AC00 R
0x8001AC40 R
0x8001AC80 R
0x8001ACC0 R
0x8001AD00 R
0x8001AD40 R
0x8001AD80 R
0x8001ADC0 R
0x8001AE00 R
0x8001AE40 R
0x8001AE80 R
0x8001AEC0 R
0x8001AF00 R
0x8001AF40 R
0x8001AF80 R
0x8001AFC0 R
0x8001B000 R
0x8001B040 R
0x8001B080 R
0x8001B0C0 R
0x8001B100 R
0x8001B140 R
0x8001B180 R
0x8001B1C0 R
0x8001B200 R
0x8001B240 R
0x8001B280 R
0x8001B2C0 R
0x8001B300 R
0x8001B340 R
0x8001B380 R
0x8001B3C0 R
0x8001B400 R
0x8001B440 R
0x8001B480 R
0x8001B4C0 R
0x8001B500 R
0x8001B540 R
0x8001B580 R
0x8001B5C0 R
0x8001B600 R
0x8001B640 R
0x8001B680 R
0x8001B6C0 R
0x8001B700 R
0x8001B740 R
0x8001B780 R
0x8001B7C0 R
0x8001B800 R
0x8001B840 R
0x8001B880 R
0x8001B8C0 R
0x8001B900 R
0x8001B940 R
0x8001B980 R
0x8001B9C0 R
0x8001BA00 R
0x8001BA40 R
0x8001BA80 R
0x8001BAC0 R
0x8001BB00 R
0x8001BB40 R
0x8001BB80 R
0x8001BBC0 R
0x8001BC00 R
0x8001BC40 R
0x8001BC80 R
0x8001BCC0 R
0x8001BD00 R
0x8001BD40 R
0x8001BD80 R
0x8001BDC0 R
0x8001BE00 R
0x8001BE40 R
0x8001BE80 R
0x8001BEC0 R
0x8001BF00 R
0x8001BF40 R
0x8001BF80 R
0x8001BFC0 R
0x8001C000 R
0x8001C040 R
0x8001C080 R
0x8001C0C0 R
0x8001C100 R
0x8001C140 R
0x8001C180 R
0x8001C1C0 R
0x8001C200 R
0x8001C240 R
0x8001C280 R
0x8001C2C0 R
0x8001C300 R
0x8001C340 R
0x8001C380 R
0x8001C3C0 R
0x8001C400 R
0x8001C440 R
0x8001C480 R
0x8001C4C0 R
0x8001C500 R
0x8001C540 R
0x8001C580 R
0x8001C5C0 R
0x8001C600 R
0x8001C640 R
0x8001C680 R
0x8001C6C0 R
0x8001C700 R
0x8001C740 R
0x8001C780 R
0x8001C7C0 R
0x8001C800 R
0x8001C840 R
0x8001C880 R
0x8001C8C0 R
0x8001C900 R
0x8001C940 R
0x8001C980 R
0x8001C9C0 R
0x8001CA00 R
0x8001CA40 R
0x8001CA80 R
0x8001CAC0 R
0x8001CB00 R
0x8001CB40 R
0x8001CB80 R
0x8001CBC0 R
0x8001CC00 R
0x8001CC40 R
0x8001CC80 R
0x8001CCC0 R
0x8001CD00 R
0x8001CD40 R
0x8001CD80 R
0x8001CDC0 R
0x8001CE00 R
0x8001CE40 R
0x8001CE80 R
0x8001CEC0 R
0x8001CF00 R
0x8001CF40 R
0x8001CF80 R
0x8001CFC0 R
0x8001D000 R
0x8001D040 R
0x8001D080 R
0x8001D0C0 R
0x8001D100 R
0x8001D140 R
0x8001D180 R
0x8001D1C0 R
0x8001D200 R
0x8001D240 R
0x8001D280 R
0x8001D2C0 R
0x8001D300 R
0x8001D340 R
0x8001D380 R
0x8001D3C0 R
0x8001D400 R
0x8001D440 R
0x8001D480 R
0x8001D4C0 R
0x8001D500 R
0x8001D540 R
0x8001D580 R
0x8001D5C0 R
0x8001D600 R
0x8001D640 R
0x8001D680 R
0x8001D6C0 R
0x8001D700 R
0x8001D740 R
0x8001D780 R
0x8001D7C0 R
0x8001D800 R
0x8001D840 R
0x8001D880 R
0x8001D8C0 R
0x8001D900 R
0x8001D940 R
0x8001D980 R
0x8001D9C0 R
0x8001DA00 R
0x8001DA40 R
0x8001DA80 R
0x8001DAC0 R
0x8001DB00 R
0x8001DB40 R
0x8001DB80 R
0x8001DBC0 R
0x8001DC00 R
0x8001DC40 R
0x8001DC80 R
0x8001DCC0 R
0x8001DD00 R
0x8001DD40 R
0x8001DD80 R
0x8001DDC0 R
0x8001DE00 R
0x8001DE40 R
0x8001DE80 R
0x8001DEC0 R
0x8001DF00 R
0x8001DF40 R
0x8001DF80 R
0x8001DFC0 R
0x8001E000 R
0x8001E040 R
0x8001E080 R
0x8001E0C0 R
0x8001E100 R
0x8001E140 R
0x8001E180 R
0x8001E1C0 R
0x8001E200 R
0x8001E240 R
0x8001E280 R
0x8001E2C0 R
0x8001E300 R
0x8001E340 R
0x8001E380 R
0x8001E3C0 R
0x8001E400 R
0x8001E440 R
0x8001E480 R
0x8001E4C0 R
0x8001E500 R
0x8001E540 R
0x8001E580 R
0x8001E5C0 R
0x8001E600 R
0x8001E640 R
0x8001E680 R
0x8001E6C0 R
0x8001E700 R
0x8001E740 R
0x8001E780 R
0x8001E7C0 R
0x8001E800 R
0x8001E840 R
0x8001E880 R
0x8001E8C0 R
0x8001E900 R
0x8001E940 R
0x8001E980 R
0x8001E9C0 R
0x8001EA00 R
0x8001EA40 R
0x8001EA80 R
0x8001EAC0 R
0x8001EB00 R
0x8001EB40 R
0x8001EB80 R
0x8001EBC0 R
0x8001EC00 R
0x8001EC40 R
0x8001EC80 R
0x8001ECC0 R
0x8001ED00 R
0x8001ED40 R
0x8001ED80 R
0x8001EDC0 R
0x8001EE00 R
0x8001EE40 R
0x8001EE80 R
0x8001EEC0 R
0x8001EF00 R
0x8001EF40 R
0x8001EF80 R
0x8001EFC0 R
0x8001F000 R
0x8001F040 R
0x8001F080 R
0x8001F0C0 R
0x8001F100 R
0x8001F140 R
0x8001F180 R
0x8001F1C0 R
0x8001F200 R
0x8001F240 R
0x8001F280 R
0x8001F2C0 R
0x8001F300 R
0x8001F340 R
0x8001F380 R
0x8001F3C0 R
0x8001F400 R
0x8001F440 R
0x8001F480 R
0x8001F4C0 R
0x8001F500 R
0x8001F540 R
0x8001F580 R
0x8001F5C0 R
0x8001F600 R
0x8001F640 R
0x8001F680 R
0x8001F6C0 R
0x8001F700 R
0x8001F740 R
0x8001F780 R
0x8001F7C0 R
0x8001F800 R
0x8001F840 R
0x8001F880 R
0x8001F8C0 R
0x8001F900 R
0x8001F940 R
0x8001F980 R
0x8001F9C0 R
0x8001FA00 R
0x8001FA40 R
0x8001FA80 R
0x8001FAC0 R
0x8001FB00 R
0x8001FB40 R
0x8001FB80 R
0x8001FBC0 R
0x8001FC00 R
0x8001FC40 R
0x8001FC80 R
0x8001FCC0 R
0x8001FD00 R
0x8001FD40 R
0x8001FD80 R
0x8001FDC0 R
0x8001FE00 R
0x8001FE40 R
0x8001FE80 R
0x8001FEC0 R
0x8001FF00 R
0x8001FF40 R
0x8001FF80 R
0x8001FFC0 R
0x80020000 R
0x80020040 R
0x80020080 R
0x800200C0 R
0x80020100 R
0x80020140 R
0x80020180 R
0x800201C0 R
0x80020200 R
0x80020240 R
0x80020280 R
0x800202C0 R
0x80020300 R
0x80020340 R
0x80020380 R
0x800203C0 R
0x80020400 R
0x80020440 R
0x80020480 R
0x800204C0 R
0x80020500 R
0x80020540 R
0x80020580 R
0x800205C0 R
0x80020600 R
0x80020640 R
0x80020680 R
0x800206C0 R
0x80020700 R
0x80020740 R
0x80020780 R
0x800207C0 R
0x80020800 R
0x80020840 R
0x80020880 R
0x800208C0 R
0x80020900 R
0x80020940 R
0x80020980 R
0x800209C0 R
0x80020A00 R
0x80020A40 R
0x80020A80 R
0x80020AC0 R
0x80020B00 R
0x80020B40 R
0x80020B80 R
0x80020BC0 R
0x80020C00 R
0x80020C40 R
0x80020C80 R
0x80020CC0 R
0x80020D00 R
0x80020D40 R
0x80020D80 R
0x80020DC0 R
0x80020E00 R
0x80020E40 R
0x80020E80 R
0x80020EC0 R
0x80020F00 R
0x80020F40 R
0x80020F80 R
0x80020FC0 R
0x80021000 R
0x80021040 R
0x80021080 R
0x800210C0 R
0x80021100 R
0x80021140 R
0x80021180 R
0x800211C0 R
0x80021200 R
0x80021240 R
0x80021280 R
0x800212C0 R
0x80021300 R
0x80021340 R
0x80021380 R
0x800213C0 R
0x80021400 R
0x80021440 R
0x80021480 R
0x800214C0 R
0x80021500 R
0x80021540 R
0x80021580 R
0x800215C0 R
0x80021600 R
0x80021640 R
0x80021680 R
0x800216C0 R
0x80021700 R
0x80021740 R
0x80021780 R
0x800217C0 R
0x80021800 R
0x80021840 R
0x80021880 R
0x800218C0 R
0x80021900 R
0x80021940 R
0x80021980 R
0x800219C0 R
0x80021A00 R
0x80021A40 R
0x80021A80 R
0x80021AC0 R
0x80021B00 R
0x80021B40 R
0x80021B80 R
0x80021BC0 R
0x80021C00 R
0x80021C40 R
0x80021C80 R
0x80021CC0 R
0x80021D00 R
0x80021D40 R
0x80021D80 R
0x80021DC0 R
0x80021E00 R
0x80021E40 R
0x80021E80 R
0x80021EC0 R
0x80021F00 R
0x80021F40 R
0x80021F80 R
0x80021FC0 R
0x80022000 R
0x80022040 R
0x80022080 R
0x800220C0 R
0x80022100 R
0x80022140 R
0x80022180 R
0x800221C0 R
0x80022200 R
0x80022240 R
0x80022280 R
0x800222C0 R
0x80022300 R
0x80022340 R
0x80022380 R
0x800223C0 R
0x80022400 R
0x80022440 R
0x80022480 R
0x800224C0 R
0x80022500 R
0x80022540 R
0x80022580 R
0x800225C0 R
0x80022600 R
0x80022640 R
0x80022680 R
0x800226C0 R
0x80022700 R
0x80022740 R
0x80022780 R
0x800227C0 R
0x80022800 R
0x80022840 R
0x80022880 R
0x800228C0 R
0x80022900 R
0x80022940 R
0x80022980 R
0x800229C0 R
0x80022A00 R
0x80022A40 R
0x80022A80 R
0x80022AC0 R
0x80022B00 R
0x80022B40 R
0x80022B80 R
0x80022BC0 R
0x80022C00 R
0x80022C40 R
0x80022C80 R
0x80022CC0 R
0x80022D00 R
0x80022D40 R
0x80022D80 R
0x80022DC0 R
0x80022E00 R
0x80022E40 R
0x80022E80 R
0x80022EC0 R
0x80022F00 R
0x80022F40 R
0x80022F80 R
0x80022FC0 R
0x80023000 R
0x80023040 R
0x80023080 R
0x800230C0 R
0x80023100 R
0x80023140 R
0x80023180 R
0x800231C0 R
0x80023200 R
0x80023240 R
0x80023280 R
0x800232C0 R
0x80023300 R
0x80023340 R
0x80023380 R
0x800233C0 R
0x80023400 R
0x80023440 R
0x80023480 R
0x800234C0 R
0x80023500 R
0x80023540 R
0x80023580 R
0x800235C0 R
0x80023600 R
0x80023640 R
0x80023680 R
0x800236C0 R
0x80023700 R
0x80023740 R
0x80023780 R
0x800237C0 R
0x80023800 R
0x80023840 R
0x80023880 R
0x800238C0 R
0x80023900 R
0x80023940 R
0x80023980 R
0x800239C0 R
0x80023A00 R
0x80023A40 R
0x80023A80 R
0x80023AC0 R
0x80023B00 R
0x80023B40 R
0x80023B80 R
0x80023BC0 R
0x80023C00 R
0x80023C40 R
0x80023C80 R
0x80023CC0 R
0x80023D00 R
0x80023D40 R
0x80023D80 R
0x80023DC0 R
0x80023E00 R
0x80023E40 R
0x80023E80 R
0x80023EC0 R
0x80023F00 R
0x80023F40 R
0x80023F80 R
0x80023FC0 R
0x80024000 R
0x80024040 R
0x80024080 R
0x800240C0 R
0x80024100 R
0x80024140 R
0x80024180 R
0x800241C0 R
0x80024200 R
0x80024240 R
0x80024280 R
0x800242C0 R
0x80024300 R
0x80024340 R
0x80024380 R
0x800243C0 R
0x80024400 R
0x80024440 R
0x80024480 R
0x800244C0 R
0x80024500 R
0x80024540 R
0x80024580 R
0x800245C0 R
0x80024600 R
0x80024640 R
0x80024680 R
0x800246C0 R
0x80024700 R
0x80024740 R
0x80024780 R
0x800247C0 R
0x80024800 R
0x80024840 R
0x80024880 R
0x800248C0 R
0x80024900 R
0x80024940 R
0x80024980 R
0x800249C0 R
0x80024A00 R
0x80024A40 R
0x80024A80 R
0x80024AC0 R
0x80024B00 R
0x80024B40 R
0x80024B80 R
0x80024BC0 R
0x80024C00 R
0x80024C40 R
0x80024C80 R
0x80024CC0 R
0x80024D00 R
0x80024D40 R
0x80024D80 R
0x80024DC0 R
0x80024E00 R
0x80024E40 R
0x80024E80 R
0x80024EC0 R
0x80024F00 R
0x80024F40 R
0x80024F80 R
0x80024FC0 R
0x80025000 R
0x80025040 R
0x80025080 R
0x800250C0 R
0x80025100 R
0x80025140 R
0x80025180 R
0x800251C0 R
0x80025200 R
0x80025240 R
0x80025280 R
0x800252C0 R
0x80025300 R
0x80025340 R
0x80025380 R
0x800253C0 R
0x80025400 R
0x80025440 R
0x80025480 R
0x800254C0 R
0x80025500 R
0x80025540 R
0x80025580 R
0x800255C0 R
0x80025600 R
0x80025640 R
0x80025680 R
0x800256C0 R
0x80025700 R
0x80025740 R
0x80025780 R
0x800257C0 R
0x80025800 R
0x80025840 R
0x80025880 R
0x800258C0 R
0x80025900 R
0x80025940 R
0x80025980 R
0x800259C0 R
0x80025A00 R
0x80025A40 R
0x80025A80 R
0x80025AC0 R
0x80025B00 R
0x80025B40 R
0x80025B80 R
0x80025BC0 R
0x80025C00 R
0x80025C40 R
0x80025C80 R
0x80025CC0 R
0x80025D00 R
0x80025D40 R
0x80025D80 R
0x80025DC0 R
0x80025E00 R
0x80025E40 R
0x80025E80 R
0x80025EC0 R
0x80025F00 R
0x80025F40 R
0x80025F80 R
0x80025FC0 R
0x80026000 R
0x80026040 R
0x80026080 R
0x800260C0 R
0x80026100 R
0x80026140 R
0x80026180 R
0x800261C0 R
0x80026200 R
0x80026240 R
0x80026280 R
0x800262C0 R
0x80026300 R
0x80026340 R
0x80026380 R
0x800263C0 R
0x80026400 R
0x80026440 R
0x80026480 R
0x800264C0 R
0x80026500 R
0x80026540 R
0x80026580 R
0x800265C0 R
0x80026600 R
0x80026640 R
0x80026680 R
0x800266C0 R
0x80026700 R
0x80026740 R
0x80026780 R
0x800267C0 R
0x80026800 R
0x80026840 R
0x80026880 R
0x800268C0 R
0x80026900 R
0x80026940 R
0x80026980 R
0x800269C0 R
0x80026A00 R
0x80026A40 R
0x80026A80 R
0x80026AC0 R
0x80026B00 R
0x80026B40 R
0x80026B80 R
0x80026BC0 R
0x80026C00 R
0x80026C40 R
0x80026C80 R
0x80026CC0 R
0x80026D00 R
0x80026D40 R
0x80026D80 R
0x80026DC0 R
0x80026E00 R
0x80026E40 R
0x80026E80 R
0x80026EC0 R
0x80026F00 R
0x80026F40 R
0x80026F80 R
0x80026FC0 R
0x80027000 R
0x80027040 R
0x80027080 R
0x800270C0 R
0x80027100 R
0x80027140 R
0x80027180 R
0x800271C0 R
0x80027200 R
0x80027240 R
0x80027280 R
0x800272C0 R
0x80027300 R
0x80027340 R
0x80027380 R
0x800273C0 R
0x80027400 R
0x80027440 R
0x80027480 R
0x800274C0 R
0x80027500 R
0x80027540 R
0x80027580 R
0x800275C0 R
0x80027600 R
0x80027640 R
0x80027680 R
0x800276C0 R
0x80027700 R
0x80027740 R
0x80027780 R
0x800277C0 R
0x80027800 R
0x80027840 R
0x80027880 R
0x800278C0 R
0x80027900 R
0x80027940 R
0x80027980 R
0x800279C0 R
0x80027A00 R
0x80027A40 R
0x80027A80 R
0x80027AC0 R
0x80027B00 R
0x80027B40 R
0x80027B80 R
0x80027BC0 R
0x80027C00 R
0x80027C40 R
0x80027C80 R
0x80027CC0 R
0x80027D00 R
0x80027D40 R
0x80027D80 R
0x80027DC0 R
0x80027E00 R
0x80027E40 R
0x80027E80 R
0x80027EC0 R
0x80027F00 R
0x80027F40 R
0x80027F80 R
0x80027FC0 R
0x80028000 R
0x80028040 R
0x80028080 R
0x800280C0 R
0x80028100 R
0x80028140 R
0x80028180 R
0x800281C0 R
0x80028200 R
0x80028240 R
0x80028280 R
0x800282C0 R
0x80028300 R
0x80028340 R
0x80028380 R
0x800283C0 R
0x80028400 R
0x80028440 R
0x80028480 R
0x800284C0 R
0x80028500 R
0x80028540 R
0x80028580 R
0x800285C0 R
0x80028600 R
0x80028640 R
0x80028680 R
0x800286C0 R
0x80028700 R
0x80028740 R
0x80028780 R
0x800287C0 R
0x80028800 R
0x80028840 R
0x80028880 R
0x800288C0 R
0x80028900 R
0x80028940 R
0x80028980 R
0x800289C0 R
0x80028A00 R
0x80028A40 R
0x80028A80 R
0x80028AC0 R
0x80028B00 R
0x80028B40 R
0x80028B80 R
0x80028BC0 R
0x80028C00 R
0x80028C40 R
0x80028C80 R
0x80028CC0 R
0x80028D00 R
0x80028D40 R
0x80028D80 R
0x80028DC0 R
0x80028E00 R
0x80028E40 R
0x80028E80 R
0x80028EC0 R
0x80028F00 R
0x80028F40 R
0x80028F80 R
0x80028FC0 R
0x80029000 R
0x80029040 R
0x80029080 R
0x800290C0 R
0x80029100 R
0x80029140 R
0x80029180 R
0x800291C0 R
0x80029200 R
0x80029240 R
0x80029280 R
0x800292C0 R
0x80029300 R
0x80029340 R
0x80029380 R
0x800293C0 R
0x80029400 R
0x80029440 R
0x80029480 R
0x800294C0 R
0x80029500 R
0x80029540 R
0x80029580 R
0x800295C0 R
0x80029600 R
0x80029640 R
0x80029680 R
0x800296C0 R
0x80029700 R
0x80029740 R
0x80029780 R
0x800297C0 R
0x80029800 R
0x80029840 R
0x80029880 R
0x800298C0 R
0x80029900 R
0x80029940 R
0x80029980 R
0x800299C0 R
0x80029A00 R
0x80029A40 R
0x80029A80 R
0x80029AC0 R
0x80029B00 R
0x80029B40 R
0x80029B80 R
0x80029BC0 R
0x80029C00 R
0x80029C40 R
0x80029C80 R
0x80029CC0 R
0x80029D00 R
0x80029D40 R
0x80029D80 R
0x80029DC0 R
0x80029E00 R
0x80029E40 R
0x80029E80 R
0x80029EC0 R
0x80029F00 R
0x80029F40 R
0x80029F80 R
0x80029FC0 R
0x8002A000 R
0x8002A040 R
0x8002A080 R
0x8002A0C0 R
0x8002A100 R
0x8002A140 R
0x8002A180 R
0x8002A1C0 R
0x8002A200 R
0x8002A240 R
0x8002A280 R
0x8002A2C0 R
0x8002A300 R
0x8002A340 R
0x8002A380 R
0x8002A3C0 R
0x8002A400 R
0x8002A440 R
0x8002A480 R
0x8002A4C0 R
0x8002A500 R
0x8002A540 R
0x8002A580 R
0x8002A5C0 R
0x8002A600 R
0x8002A640 R
0x8002A680 R
0x8002A6C0 R
0x8002A700 R
0x8002A740 R
0x8002A780 R
0x8002A7C0 R
0x8002A800 R
0x8002A840 R
0x8002A880 R
0x8002A8C0 R
0x8002A900 R
0x8002A940 R
0x8002A980 R
0x8002A9C0 R
0x8002AA00 R
0x8002AA40 R
0x8002AA80 R
0x8002AAC0 R
0x8002AB00 R
0x8002AB40 R
0x8002AB80 R
0x8002ABC0 R
0x8002AC00 R
0x8002AC40 R
0x8002AC80 R
0x8002ACC0 R
0x8002AD00 R
0x8002AD40 R
0x8002AD80 R
0x8002ADC0 R
0x8002AE00 R
0x8002AE40 R
0x8002AE80 R
0x8002AEC0 R
0x8002AF00 R
0x8002AF40 R
0x8002AF80 R
0x8002AFC0 R
0x8002B000 R
0x8002B040 R
0x8002B080 R
0x8002B0C0 R
0x8002B100 R
0x8002B140 R
0x8002B180 R
0x8002B1C0 R
0x8002B200 R
0x8002B240 R
0x8002B280 R
0x8002B2C0 R
0x8002B300 R
0x8002B340 R
0x8002B380 R
0x8002B3C0 R
0x8002B400 R
0x8002B440 R
0x8002B480 R
0x8002B4C0 R
0x8002B500 R
0x8002B540 R
0x8002B580 R
0x8002B5C0 R
0x8002B600 R
0x8002B640 R
0x8002B680 R
0x8002B6C0 R
0x8002B700 R
0x8002B740 R
0x8002B780 R
0x8002B7C0 R
0x8002B800 R
0x8002B840 R
0x8002B880 R
0x8002B8C0 R
0x8002B900 R
0x8002B940 R
0x8002B980 R
0x8002B9C0 R
0x8002BA00 R
0x8002BA40 R
0x8002BA80 R
0x8002BAC0 R
0x8002BB00 R
0x8002BB40 R
0x8002BB80 R
0x8002BBC0 R
0x8002BC00 R
0x8002BC40 R
0x8002BC80 R
0x8002BCC0 R
0x8002BD00 R
0x8002BD40 R
0x8002BD80 R
0x8002BDC0 R
0x8002BE00 R
0x8002BE40 R
0x8002BE80 R
0x8002BEC0 R
0x8002BF00 R
0x8002BF40 R
0x8002BF80 R
0x8002BFC0 R
0x8002C000 R
0x8002C040 R
0x8002C080 R
0x8002C0C0 R
0x8002C100 R
0x8002C140 R
0x8002C180 R
0x8002C1C0 R
0x8002C200 R
0x8002C240 R
0x8002C280 R
0x8002C2C0 R
0x8002C300 R
0x8002C340 R
0x8002C380 R
0x8002C3C0 R
0x8002C400 R
0x8002C440 R
0x8002C480 R
0x8002C4C0 R
0x8002C500 R
0x8002C540 R
0x8002C580 R
0x8002C5C0 R
0x8002C600 R
0x8002C640 R
0x8002C680 R
0x8002C6C0 R
0x8002C700 R
0x8002C740 R
0x8002C780 R
0x8002C7C0 R
0x8002C800 R
0x8002C840 R
0x8002C880 R
0x8002C8C0 R
0x8002C900 R
0x8002C940 R
0x8002C980 R
0x8002C9C0 R
0x8002CA00 R
0x8002CA40 R
0x8002CA80 R
0x8002CAC0 R
0x8002CB00 R
0x8002CB40 R
0x8002CB80 R
0x8002CBC0 R
0x8002CC00 R
0x8002CC40 R
0x8002CC80 R
0x8002CCC0 R
0x8002CD00 R
0x8002CD40 R
0x8002CD80 R
0x8002CDC0 R
0x8002CE00 R
0x8002CE40 R
0x8002CE80 R
0x8002CEC0 R
0x8002CF00 R
0x8002CF40 R
0x8002CF80 R
0x8002CFC0 R
0x8002D000 R
0x8002D040 R
0x8002D080 R
0x8002D0C0 R
0x8002D100 R
0x8002D140 R
0x8002D180 R
0x8002D1C0 R
0x8002D200 R
0x8002D240 R
0x8002D280 R
0x8002D2C0 R
0x8002D300 R
0x8002D340 R
0x8002D380 R
0x8002D3C0 R
0x8002D400 R
0x8002D440 R
0x8002D480 R
0x8002D4C0 R
0x8002D500 R
0x8002D540 R
0x8002D580 R
0x8002D5C0 R
0x8002D600 R
0x8002D640 R
0x8002D680 R
0x8002D6C0 R
0x8002D700 R
0x8002D740 R
0x8002D780 R
0x8002D7C0 R
0x8002D800 R
0x8002D840 R
0x8002D880 R
0x8002D8C0 R
0x8002D900 R
0x8002D940 R
0x8002D980 R
0x8002D9C0 R
0x8002DA00 R
0x8002DA40 R
0x8002DA80 R
0x8002DAC0 R
0x8002DB00 R
0x8002DB40 R
0x8002DB80 R
0x8002DBC0 R
0x8002DC00 R
0x8002DC40 R
0x8002DC80 R
0x8002DCC0 R
0x8002DD00 R
0x8002DD40 R
0x8002DD80 R
0x8002DDC0 R
0x8002DE00 R
0x8002DE40 R
0x8002DE80 R
0x8002DEC0 R
0x8002DF00 R
0x8002DF40 R
0x8002DF80 R
0x8002DFC0 R
0x8002E000 R
0x8002E040 R
0x8002E080 R
0x8002E0C0 R
0x8002E100 R
0x8002E140 R
0x8002E180 R
0x8002E1C0 R
0x8002E200 R
0x8002E240 R
0x8002E280 R
0x8002E2C0 R
0x8002E300 R
0x8002E340 R
0x8002E380 R
0x8002E3C0 R
0x8002E400 R
0x8002E440 R
0x8002E480 R
0x8002E4C0 R
0x8002E500 R
0x8002E540 R
0x8002E580 R
0x8002E5C0 R
0x8002E600 R
0x8002E640 R
0x8002E680 R
0x8002E6C0 R
0x8002E700 R
0x8002E740 R
0x8002E780 R
0x8002E7C0 R
0x8002E800 R
0x8002E840 R
0x8002E880 R
0x8002E8C0 R
0x8002E900 R
0x8002E940 R
0x8002E980 R
0x8002E9C0 R
0x8002EA00 R
0x8002EA40 R
0x8002EA80 R
0x8002EAC0 R
0x8002EB00 R
0x8002EB40 R
0x8002EB80 R
0x8002EBC0 R
0x8002EC00 R
0x8002EC40 R
0x8002EC80 R
0x8002ECC0 R
0x8002ED00 R
0x8002ED40 R
0x8002ED80 R
0x8002EDC0 R
0x8002EE00 R
0x8002EE40 R
0x8002EE80 R
0x8002EEC0 R
0x8002EF00 R
0x8002EF40 R
0x8002EF80 R
0x8002EFC0 R
0x8002F000 R
0x8002F040 R
0x8002F080 R
0x8002F0C0 R
0x8002F100 R
0x8002F140 R
0x8002F180 R
0x8002F1C0 R
0x8002F200 R
0x8002F240 R
0x8002F280 R
0x8002F2C0 R
0x8002F300 R
0x8002F340 R
0x8002F380 R
0x8002F3C0 R
0x8002F400 R
0x8002F440 R
0x8002F480 R
0x8002F4C0 R
0x8002F500 R
0x8002F540 R
0x8002F580 R
0x8002F5C0 R
0x8002F600 R
0x8002F640 R
0x8002F680 R
0x8002F6C0 R
0x8002F700 R
0x8002F740 R
0x8002F780 R
0x8002F7C0 R
0x8002F800 R
0x8002F840 R
0x8002F880 R
0x8002F8C0 R
0x8002F900 R
0x8002F940 R
0x8002F980 R
0x8002F9C0 R
0x8002FA00 R
0x8002FA40 R
0x8002FA80 R
0x8002FAC0 R
0x8002FB00 R
0x8002FB40 R
0x8002FB80 R
0x8002FBC0 R
0x8002FC00 R
0x8002FC40 R
0x8002FC80 R
0x8002FCC0 R
0x8002FD00 R
0x8002FD40 R
0x8002FD80 R
0x8002FDC0 R
0x8002FE00 R
0x8002FE40 R
0x8002FE80 R
0x8002FEC0 R
0x8002FF00 R
0x8002FF40 R
0x8002FF80 R
0x8002FFC0 R
0x80030000 R
0x80030040 R
0x80030080 R
0x800300C0 R
0x80030100 R
0x80030140 R
0x80030180 R
0x800301C0 R
0x80030200 R
0x80030240 R
0x80030280 R
0x800302C0 R
0x80030300 R
0x80030340 R
0x80030380 R
0x800303C0 R
0x80030400 R
0x80030440 R
0x80030480 R
0x800304C0 R
0x80030500 R
0x80030540 R
0x80030580 R
0x800305C0 R
0x80030600 R
0x80030640 R
0x80030680 R
0x800306C0 R
0x80030700 R
0x80030740 R
0x80030780 R
0x800307C0 R
0x80030800 R
0x80030840 R
0x80030880 R
0x800308C0 R
0x80030900 R
0x80030940 R
0x80030980 R
0x800309C0 R
0x80030A00 R
0x80030A40 R
0x80030A80 R
0x80030AC0 R
0x80030B00 R
0x80030B40 R
0x80030B80 R
0x80030BC0 R
0x80030C00 R
0x80030C40 R
0x80030C80 R
0x80030CC0 R
0x80030D00 R
0x80030D40 R
0x80030D80 R
0x80030DC0 R
0x80030E00 R
0x80030E40 R
0x80030E80 R
0x80030EC0 R
0x80030F00 R
0x80030F40 R
0x80030F80 R
0x80030FC0 R
0x80031000 R
0x80031040 R
0x80031080 R
0x800310C0 R
0x80031100 R
0x80031140 R
0x80031180 R
0x800311C0 R
0x80031200 R
0x80031240 R
0x80031280 R
0x800312C0 R
0x80031300 R
0x80031340 R
0x80031380 R
0x800313C0 R
0x80031400 R
0x80031440 R
0x80031480 R
0x800314C0 R
0x80031500 R
0x80031540 R
0x80031580 R
0x800315C0 R
0x80031600 R
0x80031640 R
0x80031680 R
0x800316C0 R
0x80031700 R
0x80031740 R
0x80031780 R
0x800317C0 R
0x80031800 R
0x80031840 R
0x80031880 R
0x800318C0 R
0x80031900 R
0x80031940 R
0x80031980 R
0x800319C0 R
0x80031A00 R
0x80031A40 R
0x80031A80 R
0x80031AC0 R
0x80031B00 R
0x80031B40 R
0x80031B80 R
0x80031BC0 R
0x80031C00 R
0x80031C40 R
0x80031C80 R
0x80031CC0 R
0x80031D00 R
0x80031D40 R
0x80031D80 R
0x80031DC0 R
0x80031E00 R
0x80031E40 R
0x80031E80 R
0x80031EC0 R
0x80031F00 R
0x80031F40 R
0x80031F80 R
0x80031FC0 R
0x80032000 R
0x80032040 R
0x80032080 R
0x800320C0 R
0x80032100 R
0x80032140 R
0x80032180 R
0x800321C0 R
0x80032200 R
0x80032240 R
0x80032280 R
0x800322C0 R
0x80032300 R
0x80032340 R
0x80032380 R
0x800323C0 R
0x80032400 R
0x80032440 R
0x80032480 R
0x800324C0 R
0x80032500 R
0x80032540 R
0x80032580 R
0x800325C0 R
0x80032600 R
0x80032640 R
0x80032680 R
0x800326C0 R
0x80032700 R
0x80032740 R
0x80032780 R
0x800327C0 R
0x80032800 R
0x80032840 R
0x80032880 R
0x800328C0 R
0x80032900 R
0x80032940 R
0x80032980 R
0x800329C0 R
0x80032A00 R
0x80032A40 R
0x80032A80 R
0x80032AC0 R
0x80032B00 R
0x80032B40 R
0x80032B80 R
0x80032BC0 R
0x80032C00 R
0x80032C40 R
0x80032C80 R
0x80032CC0 R
0x80032D00 R
0x80032D40 R
0x80032D80 R
0x80032DC0 R
0x80032E00 R
0x80032E40 R
0x80032E80 R
0x80032EC0 R
0x80032F00 R
0x80032F40 R
0x80032F80 R
0x80032FC0 R
0x80033000 R
0x80033040 R
0x80033080 R
0x800330C0 R
0x80033100 R
0x80033140 R
0x80033180 R
0x800331C0 R
0x80033200 R
0x80033240 R
0x80033280 R
0x800332C0 R
0x80033300 R
0x80033340 R
0x80033380 R
0x800333C0 R
0x80033400 R
0x80033440 R
0x80033480 R
0x800334C0 R
0x80033500 R
0x80033540 R
0x80033580 R
0x800335C0 R
0x80033600 R
0x80033640 R
0x80033680 R
0x800336C0 R
0x80033700 R
0x80033740 R
0x80033780 R
0x800337C0 R
0x80033800 R
0x80033840 R
0x80033880 R
0x800338C0 R
0x80033900 R
0x80033940 R
0x80033980 R
0x800339C0 R
0x80033A00 R
0x80033A40 R
0x80033A80 R
0x80033AC0 R
0x80033B00 R
0x80033B40 R
0x80033B80 R
0x80033BC0 R
0x80033C00 R
0x80033C40 R
0x80033C80 R
0x80033CC0 R
0x80033D00 R
0x80033D40 R
0x80033D80 R
0x80033DC0 R
0x80033E00 R
0x80033E40 R
0x80033E80 R
0x80033EC0 R
0x80033F00 R
0x80033F40 R
0x80033F80 R
0x80033FC0 R
0x80034000 R
0x80034040 R
0x80034080 R
0x800340C0 R
0x80034100 R
0x80034140 R
0x80034180 R
0x800341C0 R
0x80034200 R
0x80034240 R
0x80034280 R
0x800342C0 R
0x80034300 R
0x80034340 R
0x80034380 R
0x800343C0 R
0x80034400 R
0x80034440 R
0x80034480 R
0x800344C0 R
0x80034500 R
0x80034540 R
0x80034580 R
0x800345C0 R
0x80034600 R
0x80034640 R
0x80034680 R
0x800346C0 R
0x80034700 R
0x80034740 R
0x80034780 R
0x800347C0 R
0x80034800 R
0x80034840 R
0x80034880 R
0x800348C0 R
0x80034900 R
0x80034940 R
0x80034980 R
0x800349C0 R
0x80034A00 R
0x80034A40 R
0x80034A80 R
0x80034AC0 R
0x80034B00 R
0x80034B40 R
0x80034B80 R
0x80034BC0 R
0x80034C00 R
0x80034C40 R
0x80034C80 R
0x80034CC0 R
0x80034D00 R
0x80034D40 R
0x80034D80 R
0x80034DC0 R
0x80034E00 R
0x80034E40 R
0x80034E80 R
0x80034EC0 R
0x80034F00 R
0x80034F40 R
0x80034F80 R
0x80034FC0 R
0x80035000 R
0x80035040 R
0x80035080 R
0x800350C0 R
0x80035100 R
0x80035140 R
0x80035180 R
0x800351C0 R
0x80035200 R
0x80035240 R
0x80035280 R
0x800352C0 R
0x80035300 R
0x80035340 R
0x80035380 R
0x800353C0 R
0x80035400 R
0x80035440 R
0x80035480 R
0x800354C0 R
0x80035500 R
0x80035540 R
0x80035580 R
0x800355C0 R
0x80035600 R
0x80035640 R
0x80035680 R
0x800356C0 R
0x80035700 R
0x80035740 R
0x80035780 R
0x800357C0 R
0x80035800 R
0x80035840 R
0x80035880 R
0x800358C0 R
0x80035900 R
0x80035940 R
0x80035980 R
0x800359C0 R
0x80035A00 R
0x80035A40 R
0x80035A80 R
0x80035AC0 R
0x80035B00 R
0x80035B40 R
0x80035B80 R
0x80035BC0 R
0x80035C00 R
0x80035C40 R
0x80035C80 R
0x80035CC0 R
0x80035D00 R
0x80035D40 R
0x80035D80 R
0x80035DC0 R
0x80035E00 R
0x80035E40 R
0x80035E80 R
0x80035EC0 R
0x80035F00 R
0x80035F40 R
0x80035F80 R
0x80035FC0 R
0x80036000 R
0x80036040 R
0x80036080 R
0x800360C0 R
0x80036100 R
0x80036140 R
0x80036180 R
0x800361C0 R
0x80036200 R
0x80036240 R
0x80036280 R
0x800362C0 R
0x80036300 R
0x80036340 R
0x80036380 R
0x800363C0 R
0x80036400 R
0x80036440 R
0x80036480 R
0x800364C0 R
0x80036500 R
0x80036540 R
0x80036580 R
0x800365C0 R
0x80036600 R
0x80036640 R
0x80036680 R
0x800366C0 R
0x80036700 R
0x80036740 R
0x80036780 R
0x800367C0 R
0x80036800 R
0x80036840 R
0x80036880 R
0x800368C0 R
0x80036900 R
0x80036940 R
0x80036980 R
0x800369C0 R
0x80036A00 R
0x80036A40 R
0x80036A80 R
0x80036AC0 R
0x80036B00 R
0x80036B40 R
0x80036B80 R
0x80036BC0 R
0x80036C00 R
0x80036C40 R
0x80036C80 R
0x80036CC0 R
0x80036D00 R
0x80036D40 R
0x80036D80 R
0x80036DC0 R
0x80036E00 R
0x80036E40 R
0x80036E80 R
0x80036EC0 R
0x80036F00 R
0x80036F40 R
0x80036F80 R
0x80036FC0 R
0x80037000 R
0x80037040 R
0x80037080 R
0x800370C0 R
0x80037100 R
0x80037140 R
0x80037180 R
0x800371C0 R
0x80037200 R
0x80037240 R
0x80037280 R
0x800372C0 R
0x80037300 R
0x80037340 R
0x80037380 R
0x800373C0 R
0x80037400 R
0x80037440 R
0x80037480 R
0x800374C0 R
0x80037500 R
0x80037540 R
0x80037580 R
0x800375C0 R
0x80037600 R
0x80037640 R
0x80037680 R
0x800376C0 R
0x80037700 R
0x80037740 R
0x80037780 R
0x800377C0 R
0x80037800 R
0x80037840 R
0x80037880 R
0x800378C0 R
0x80037900 R
0x80037940 R
0x80037980 R
0x800379C0 R
0x80037A00 R
0x80037A40 R
0x80037A80 R
0x80037AC0 R
0x80037B00 R
0x80037B40 R
0x80037B80 R
0x80037BC0 R
0x80037C00 R
0x80037C40 R
0x80037C80 R
0x80037CC0 R
0x80037D00 R
0x80037D40 R
0x80037D80 R
0x80037DC0 R
0x80037E00 R
0x80037E40 R
0x80037E80 R
0x80037EC0 R
0x80037F00 R
0x80037F40 R
0x80037F80 R
0x80037FC0 R
0x80038000 R
0x80038040 R
0x80038080 R
0x800380C0 R
0x80038100 R
0x80038140 R
0x80038180 R
0x800381C0 R
0x80038200 R
0x80038240 R
0x80038280 R
0x800382C0 R
0x80038300 R
0x80038340 R
0x80038380 R
0x800383C0 R
0x80038400 R
0x80038440 R
0x80038480 R
0x800384C0 R
0x80038500 R
0x80038540 R
0x80038580 R
0x800385C0 R
0x80038600 R
0x80038640 R
0x80038680 R
0x800386C0 R
0x80038700 R
0x80038740 R
0x80038780 R
0x800387C0 R
0x80038800 R
0x80038840 R
0x80038880 R
0x800388C0 R
0x80038900 R
0x80038940 R
0x80038980 R
0x800389C0 R
0x80038A00 R
0x80038A40 R
0x80038A80 R
0x80038AC0 R
0x80038B00 R
0x80038B40 R
0x80038B80 R
0x80038BC0 R
0x80038C00 R
0x80038C40 R
0x80038C80 R
0x80038CC0 R
0x80038D00 R
0x80038D40 R
0x80038D80 R
0x80038DC0 R
0x80038E00 R
0x80038E40 R
0x80038E80 R
0x80038EC0 R
0x80038F00 R
0x80038F40 R
0x80038F80 R
0x80038FC0 R
0x80039000 R
0x80039040 R
0x80039080 R
0x800390C0 R
0x80039100 R
0x80039140 R
0x80039180 R
0x800391C0 R
0x80039200 R
0x80039240 R
0x80039280 R
0x800392C0 R
0x80039300 R
0x80039340 R
0x80039380 R
0x800393C0 R
0x80039400 R
0x80039440 R
0x80039480 R
0x800394C0 R
0x80039500 R
0x80039540 R
0x80039580 R
0x800395C0 R
0x80039600 R
0x80039640 R
0x80039680 R
0x800396C0 R
0x80039700 R
0x80039740 R
0x80039780 R
0x800397C0 R
0x80039800 R
0x80039840 R
0x80039880 R
0x800398C0 R
0x80039900 R
0x80039940 R
0x80039980 R
0x800399C0 R
0x80039A00 R
0x80039A40 R
0x80039A80 R
0x80039AC0 R
0x80039B00 R
0x80039B40 R
0x80039B80 R
0x80039BC0 R
0x80039C00 R
0x80039C40 R
0x80039C80 R
0x80039CC0 R
0x80039D00 R
0x80039D40 R
0x80039D80 R
0x80039DC0 R
0x80039E00 R
0x80039E40 R
0x80039E80 R
0x80039EC0 R
0x80039F00 R
0x80039F40 R
0x80039F80 R
0x80039FC0 R
0x8003A000 R
0x8003A040 R
0x8003A080 R
0x8003A0C0 R
0x8003A100 R
0x8003A140 R
0x8003A180 R
0x8003A1C0 R
0x8003A200 R
0x8003A240 R
0x8003A280 R
0x8003A2C0 R
0x8003A300 R
0x8003A340 R
0x8003A380 R
0x8003A3C0 R
0x8003A400 R
0x8003A440 R
0x8003A480 R
0x8003A4C0 R
0x8003A500 R
0x8003A540 R
0x8003A580 R
0x8003A5C0 R
0x8003A600 R
0x8003A640 R
0x8003A680 R
0x8003A6C0 R
0x8003A700 R
0x8003A740 R
0x8003A780 R
0x8003A7C0 R
0x8003A800 R
0x8003A840 R
0x8003A880 R
0x8003A8C0 R
0x8003A900 R
0x8003A940 R
0x8003A980 R
0x8003A9C0 R
0x8003AA00 R
0x8003AA40 R
0x8003AA80 R
0x8003AAC0 R
0x8003AB00 R
0x8003AB40 R
0x8003AB80 R
0x8003ABC0 R
0x8003AC00 R
0x8003AC40 R
0x8003AC80 R
0x8003ACC0 R
0x8003AD00 R
0x8003AD40 R
0x8003AD80 R
0x8003ADC0 R
0x8003AE00 R
0x8003AE40 R
0x8003AE80 R
0x8003AEC0 R
0x8003AF00 R
0x8003AF40 R
0x8003AF80 R
0x8003AFC0 R
0x8003B000 R
0x8003B040 R
0x8003B080 R
0x8003B0C0 R
0x8003B100 R
0x8003B140 R
0x8003B180 R
0x8003B1C0 R
0x8003B200 R
0x8003B240 R
0x8003B280 R
0x8003B2C0 R
0x8003B300 R
0x8003B340 R
0x8003B380 R
0x8003B3C0 R
0x8003B400 R
0x8003B440 R
0x8003B480 R
0x8003B4C0 R
0x8003B500 R
0x8003B540 R
0x8003B580 R
0x8003B5C0 R
0x8003B600 R
0x8003B640 R
0x8003B680 R
0x8003B6C0 R
0x8003B700 R
0x8003B740 R
0x8003B780 R
0x8003B7C0 R
0x8003B800 R
0x8003B840 R
0x8003B880 R
0x8003B8C0 R
0x8003B900 R
0x8003B940 R
0x8003B980 R
0x8003B9C0 R
0x8003BA00 R
0x8003BA40 R
0x8003BA80 R
0x8003BAC0 R
0x8003BB00 R
0x8003BB40 R
0x8003BB80 R
0x8003BBC0 R
0x8003BC00 R
0x8003BC40 R
0x8003BC80 R
0x8003BCC0 R
0x8003BD00 R
0x8003BD40 R
0x8003BD80 R
0x8003BDC0 R
0x8003BE00 R
0x8003BE40 R
0x8003BE80 R
0x8003BEC0 R
0x8003BF00 R
0x8003BF40 R
0x8003BF80 R
0x8003BFC0 R
0x8003C000 R
0x8003C040 R
0x8003C080 R
0x8003C0C0 R
0x8003C100 R
0x8003C140 R
0x8003C180 R
0x8003C1C0 R
0x8003C200 R
0x8003C240 R
0x8003C280 R
0x8003C2C0 R
0x8003C300 R
0x8003C340 R
0x8003C380 R
0x8003C3C0 R
0x8003C400 R
0x8003C440 R
0x8003C480 R
0x8003C4C0 R
0x8003C500 R
0x8003C540 R
0x8003C580 R
0x8003C5C0 R
0x8003C600 R
0x8003C640 R
0x8003C680 R
0x8003C6C0 R
0x8003C700 R
0x8003C740 R
0x8003C780 R
0x8003C7C0 R
0x8003C800 R
0x8003C840 R
0x8003C880 R
0x8003C8C0 R
0x8003C900 R
0x8003C940 R
0x8003C980 R
0x8003C9C0 R
0x8003CA00 R
0x8003CA40 R
0x8003CA80 R
0x8003CAC0 R
0x8003CB00 R
0x8003CB40 R
0x8003CB80 R
0x8003CBC0 R
0x8003CC00 R
0x8003CC40 R
0x8003CC80 R
0x8003CCC0 R
0x8003CD00 R
0x8003CD40 R
0x8003CD80 R
0x8003CDC0 R
0x8003CE00 R
0x8003CE40 R
0x8003CE80 R
0x8003CEC0 R
0x8003CF00 R
0x8003CF40 R
0x8003CF80 R
0x8003CFC0 R
0x8003D000 R
0x8003D040 R
0x8003D080 R
0x8003D0C0 R
0x8003D100 R
0x8003D140 R
0x8003D180 R
0x8003D1C0 R
0x8003D200 R
0x8003D240 R
0x8003D280 R
0x8003D2C0 R
0x8003D300 R
0x8003D340 R
0x8003D380 R
0x8003D3C0 R
0x8003D400 R
0x8003D440 R
0x8003D480 R
0x8003D4C0 R
0x8003D500 R
0x8003D540 R
0x8003D580 R
0x8003D5C0 R
0x8003D600 R
0x8003D640 R
0x8003D680 R
0x8003D6C0 R
0x8003D700 R
0x8003D740 R
0x8003D780 R
0x8003D7C0 R
0x8003D800 R
0x8003D840 R
0x8003D880 R
0x8003D8C0 R
0x8003D900 R
0x8003D940 R
0x8003D980 R
0x8003D9C0 R
0x8003DA00 R
0x8003DA40 R
0x8003DA80 R
0x8003DAC0 R
0x8003DB00 R
0x8003DB40 R
0x8003DB80 R
0x8003DBC0 R
0x8003DC00 R
0x8003DC40 R
0x8003DC80 R
0x8003DCC0 R
0x8003DD00 R
0x8003DD40 R
0x8003DD80 R
0x8003DDC0 R
0x8003DE00 R
0x8003DE40 R
0x8003DE80 R
0x8003DEC0 R
0x8003DF00 R
0x8003DF40 R
0x8003DF80 R
0x8003DFC0 R
0x8003E000 R
0x8003E040 R
0x8003E080 R
0x8003E0C0 R
0x8003E100 R
0x8003E140 R
0x8003E180 R
0x8003E1C0 R
0x8003E200 R
0x8003E240 R
0x8003E280 R
0x8003E2C0 R
0x8003E300 R
0x8003E340 R
0x8003E380 R
0x8003E3C0 R
0x8003E400 R
0x8003E440 R
0x8003E480 R
0x8003E4C0 R
0x8003E500 R
0x8003E540 R
0x8003E580 R
0x8003E5C0 R
0x8003E600 R
0x8003E640 R
0x8003E680 R
0x8003E6C0 R
0x8003E700 R
0x8003E740 R
0x8003E780 R
0x8003E7C0 R
0x8003E800 R
0x8003E840 R
0x8003E880 R
0x8003E8C0 R
0x8003E900 R
0x8003E940 R
0x8003E980 R
0x8003E9C0 R
0x8003EA00 R
0x8003EA40 R
0x8003EA80 R
0x8003EAC0 R
0x8003EB00 R
0x8003EB40 R
0x8003EB80 R
0x8003EBC0 R
0x8003EC00 R
0x8003EC40 R
0x8003EC80 R
0x8003ECC0 R
0x8003ED00 R
0x8003ED40 R
0x8003ED80 R
0x8003EDC0 R
0x8003EE00 R
0x8003EE40 R
0x8003EE80 R
0x8003EEC0 R
0x8003EF00 R
0x8003EF40 R
0x8003EF80 R
0x8003EFC0 R
0x8003F000 R
0x8003F040 R
0x8003F080 R
0x8003F0C0 R
0x8003F100 R
0x8003F140 R
0x8003F180 R
0x8003F1C0 R
0x8003F200 R
0x8003F240 R
0x8003F280 R
0x8003F2C0 R
0x8003F300 R
0x8003F340 R
0x8003F380 R
0x8003F3C0 R
0x8003F400 R
0x8003F440 R
0x8003F480 R
0x8003F4C0 R
0x8003F500 R
0x8003F540 R
0x8003F580 R
0x8003F5C0 R
0x8003F600 R
0x8003F640 R
0x8003F680 R
0x8003F6C0 R
0x8003F700 R
0x8003F740 R
0x8003F780 R
0x8003F7C0 R
0x8003F800 R
0x8003F840 R
0x8003F880 R
0x8003F8C0 R
0x8003F900 R
0x8003F940 R
0x8003F980 R
0x8003F9C0 R
0x8003FA00 R
0x8003FA40 R
0x8003FA80 R
0x8003FAC0 R
0x8003FB00 R
0x8003FB40 R
0x8003FB80 R
0x8003FBC0 R
0x8003FC00 R
0x8003FC40 R
0x8003FC80 R
0x8003FCC0 R
0x8003FD00 R
0x8003FD40 R
0x8003FD80 R
0x8003FDC0 R
0x8003FE00 R
0x8003FE40 R
0x8003FE80 R
0x8003FEC0 R
0x8003FF00 R
0x8003FF40 R
0x8003FF80 R
0x8003FFC0 R
0x80040000 R
0x80040040 R
0x80040080 R
0x800400C0 R
0x80040100 R
0x80040140 R
0x80040180 R
0x800401C0 R
0x80040200 R
0x80040240 R
0x80040280 R
0x800402C0 R
0x80040300 R
0x80040340 R
0x80040380 R
0x800403C0 R
0x80040400 R
0x80040440 R
0x80040480 R
0x800404C0 R
0x80040500 R
0x80040540 R
0x80040580 R
0x800405C0 R
0x80040600 R
0x80040640 R
0x80040680 R
0x800406C0 R
0x80040700 R
0x80040740 R
0x80040780 R
0x800407C0 R
0x80040800 R
0x80040840 R
0x80040880 R
0x800408C0 R
0x80040900 R
0x80040940 R
0x80040980 R
0x800409C0 R
0x80040A00 R
0x80040A40 R
0x80040A80 R
0x80040AC0 R
0x80040B00 R
0x80040B40 R
0x80040B80 R
0x80040BC0 R
0x80040C00 R
0x80040C40 R
0x80040C80 R
0x80040CC0 R
0x80040D00 R
0x80040D40 R
0x80040D80 R
0x80040DC0 R
0x80040E00 R
0x80040E40 R
0x80040E80 R
0x80040EC0 R
0x80040F00 R
0x80040F40 R
0x80040F80 R
0x80040FC0 R
0x80041000 R
0x80041040 R
0x80041080 R
0x800410C0 R
0x80041100 R
0x80041140 R
0x80041180 R
0x800411C0 R
0x80041200 R
0x80041240 R
0x80041280 R
0x800412C0 R
0x80041300 R
0x80041340 R
0x80041380 R
0x800413C0 R
0x80041400 R
0x80041440 R
0x80041480 R
0x800414C0 R
0x80041500 R
0x80041540 R
0x80041580 R
0x800415C0 R
0x80041600 R
0x80041640 R
0x80041680 R
0x800416C0 R
0x80041700 R
0x80041740 R
0x80041780 R
0x800417C0 R
0x80041800 R
0x80041840 R
0x80041880 R
0x800418C0 R
0x80041900 R
0x80041940 R
0x80041980 R
0x800419C0 R
0x80041A00 R
0x80041A40 R
0x80041A80 R
0x80041AC0 R
0x80041B00 R
0x80041B40 R
0x80041B80 R
0x80041BC0 R
0x80041C00 R
0x80041C40 R
0x80041C80 R
0x80041CC0 R
0x80041D00 R
0x80041D40 R
0x80041D80 R
0x80041DC0 R
0x80041E00 R
0x80041E40 R
0x80041E80 R
0x80041EC0 R
0x80041F00 R
0x80041F40 R
0x80041F80 R
0x80041FC0 R
0x80042000 R
0x80042040 R
0x80042080 R
0x800420C0 R
0x80042100 R
0x80042140 R
0x80042180 R
0x800421C0 R
0x80042200 R
0x80042240 R
0x80042280 R
0x800422C0 R
0x80042300 R
0x80042340 R
0x80042380 R
0x800423C0 R
0x80042400 R
0x80042440 R
0x80042480 R
0x800424C0 R
0x80042500 R
0x80042540 R
0x80042580 R
0x800425C0 R
0x80042600 R
0x80042640 R
0x80042680 R
0x800426C0 R
0x80042700 R
0x80042740 R
0x80042780 R
0x800427C0 R
0x80042800 R
0x80042840 R
0x80042880 R
0x800428C0 R
0x80042900 R
0x80042940 R
0x80042980 R
0x800429C0 R
0x80042A00 R
0x80042A40 R
0x80042A80 R
0x80042AC0 R
0x80042B00 R
0x80042B40 R
0x80042B80 R
0x80042BC0 R
0x80042C00 R
0x80042C40 R
0x80042C80 R
0x80042CC0 R
0x80042D00 R
0x80042D40 R
0x80042D80 R
0x80042DC0 R
0x80042E00 R
0x80042E40 R
0x80042E80 R
0x80042EC0 R
0x80042F00 R
0x80042F40 R
0x80042F80 R
0x80042FC0 R
0x80043000 R
0x80043040 R
0x80043080 R
0x800430C0 R
0x80043100 R
0x80043140 R
0x80043180 R
0x800431C0 R
0x80043200 R
0x80043240 R
0x80043280 R
0x800432C0 R
0x80043300 R
0x80043340 R
0x80043380 R
0x800433C0 R
0x80043400 R
0x80043440 R
0x80043480 R
0x800434C0 R
0x80043500 R
0x80043540 R
0x80043580 R
0x800435C0 R
0x80043600 R
0x80043640 R
0x80043680 R
0x800436C0 R
0x80043700 R
0x80043740 R
0x80043780 R
0x800437C0 R
0x80043800 R
0x80043840 R
0x80043880 R
0x800438C0 R
0x80043900 R
0x80043940 R
0x80043980 R
0x800439C0 R
0x80043A00 R
0x80043A40 R
0x80043A80 R
0x80043AC0 R
0x80043B00 R
0x80043B40 R
0x80043B80 R
0x80043BC0 R
0x80043C00 R
0x80043C40 R
0x80043C80 R
0x80043CC0 R
0x80043D00 R
0x80043D40 R
0x80043D80 R
0x80043DC0 R
0x80043E00 R
0x80043E40 R
0x80043E80 R
0x80043EC0 R
0x80043F00 R
0x80043F40 R
0x80043F80 R
0x80043FC0 R
0x80044000 R
0x80044040 R
0x80044080 R
0x800440C0 R
0x80044100 R
0x80044140 R
0x80044180 R
0x800441C0 R
0x80044200 R
0x80044240 R
0x80044280 R
0x800442C0 R
0x80044300 R
0x80044340 R
0x80044380 R
0x800443C0 R
0x80044400 R
0x80044440 R
0x80044480 R
0x800444C0 R
0x80044500 R
0x80044540 R
0x80044580 R
0x800445C0 R
0x80044600 R
0x80044640 R
0x80044680 R
0x800446C0 R
0x80044700 R
0x80044740 R
0x80044780 R
0x800447C0 R
0x80044800 R
0x80044840 R
0x80044880 R
0x800448C0 R
0x80044900 R
0x80044940 R
0x80044980 R
0x800449C0 R
0x80044A00 R
0x80044A40 R
0x80044A80 R
0x80044AC0 R
0x80044B00 R
0x80044B40 R
0x80044B80 R
0x80044BC0 R
0x80044C00 R
0x80044C40 R
0x80044C80 R
0x80044CC0 R
0x80044D00 R
0x80044D40 R
0x80044D80 R
0x80044DC0 R
0x80044E00 R
0x80044E40 R
0x80044E80 R
0x80044EC0 R
0x80044F00 R
0x80044F40 R
0x80044F80 R
0x80044FC0 R
0x80045000 R
0x80045040 R
0x80045080 R
0x800450C0 R
0x80045100 R
0x80045140 R
0x80045180 R
0x800451C0 R
0x80045200 R
0x80045240 R
0x80045280 R
0x800452C0 R
0x80045300 R
0x80045340 R
0x80045380 R
0x800453C0 R
0x80045400 R
0x80045440 R
0x80045480 R
0x800454C0 R
0x80045500 R
0x80045540 R
0x80045580 R
0x800455C0 R
0x80045600 R
0x80045640 R
0x80045680 R
0x800456C0 R
0x80045700 R
0x80045740 R
0x80045780 R
0x800457C0 R
0x80045800 R
0x80045840 R
0x80045880 R
0x800458C0 R
0x80045900 R
0x80045940 R
0x80045980 R
0x800459C0 R
0x80045A00 R
0x80045A40 R
0x80045A80 R
0x80045AC0 R
0x80045B00 R
0x80045B40 R
0x80045B80 R
0x80045BC0 R
0x80045C00 R
0x80045C40 R
0x80045C80 R
0x80045CC0 R
0x80045D00 R
0x80045D40 R
0x80045D80 R
0x80045DC0 R
0x80045E00 R
0x80045E40 R
0x80045E80 R
0x80045EC0 R
0x80045F00 R
0x80045F40 R
0x80045F80 R
0x80045FC0 R
0x80046000 R
0x80046040 R
0x80046080 R
0x800460C0 R
0x80046100 R
0x80046140 R
0x80046180 R
0x800461C0 R
0x80046200 R
0x80046240 R
0x80046280 R
0x800462C0 R
0x80046300 R
0x80046340 R
0x80046380 R
0x800463C0 R
0x80046400 R
0x80046440 R
0x80046480 R
0x800464C0 R
0x80046500 R
0x80046540 R
0x80046580 R
0x800465C0 R
0x80046600 R
0x80046640 R
0x80046680 R
0x800466C0 R
0x80046700 R
0x80046740 R
0x80046780 R
0x800467C0 R
0x80046800 R
0x80046840 R
0x80046880 R
0x800468C0 R
0x80046900 R
0x80046940 R
0x80046980 R
0x800469C0 R
0x80046A00 R
0x80046A40 R
0x80046A80 R
0x80046AC0 R
0x80046B00 R
0x80046B40 R
0x80046B80 R
0x80046BC0 R
0x80046C00 R
0x80046C40 R
0x80046C80 R
0x80046CC0 R
0x80046D00 R
0x80046D40 R
0x80046D80 R
0x80046DC0 R
0x80046E00 R
0x80046E40 R
0x80046E80 R
0x80046EC0 R
0x80046F00 R
0x80046F40 R
0x80046F80 R
0x80046FC0 R
0x80047000 R
0x80047040 R
0x80047080 R
0x800470C0 R
0x80047100 R
0x80047140 R
0x80047180 R
0x800471C0 R
0x80047200 R
0x80047240 R
0x80047280 R
0x800472C0 R
0x80047300 R
0x80047340 R
0x80047380 R
0x800473C0 R
0x80047400 R
0x80047440 R
0x80047480 R
0x800474C0 R
0x80047500 R
0x80047540 R
0x80047580 R
0x800475C0 R
0x80047600 R
0x80047640 R
0x80047680 R
0x800476C0 R
0x80047700 R
0x80047740 R
0x80047780 R
0x800477C0 R
0x80047800 R
0x80047840 R
0x80047880 R
0x800478C0 R
0x80047900 R
0x80047940 R
0x80047980 R
0x800479C0 R
0x80047A00 R
0x80047A40 R
0x80047A80 R
0x80047AC0 R
0x80047B00 R
0x80047B40 R
0x80047B80 R
0x80047BC0 R
0x80047C00 R
0x80047C40 R
0x80047C80 R
0x80047CC0 R
0x80047D00 R
0x80047D40 R
0x80047D80 R
0x80047DC0 R
0x80047E00 R
0x80047E40 R
0x80047E80 R
0x80047EC0 R
0x80047F00 R
0x80047F40 R
0x80047F80 R
0x80047FC0 R
0x80048000 R
0x80048040 R
0x80048080 R
0x800480C0 R
0x80048100 R
0x80048140 R
0x80048180 R
0x800481C0 R
0x80048200 R
0x80048240 R
0x80048280 R
0x800482C0 R
0x80048300 R
0x80048340 R
0x80048380 R
0x800483C0 R
0x80048400 R
0x80048440 R
0x80048480 R
0x800484C0 R
0x80048500 R
0x80048540 R
0x80048580 R
0x800485C0 R
0x80048600 R
0x80048640 R
0x80048680 R
0x800486C0 R
0x80048700 R
0x80048740 R
0x80048780 R
0x800487C0 R
0x80048800 R
0x80048840 R
0x80048880 R
0x800488C0 R
0x80048900 R
0x80048940 R
0x80048980 R
0x800489C0 R
0x80048A00 R
0x80048A40 R
0x80048A80 R
0x80048AC0 R
0x80048B00 R
0x80048B40 R
0x80048B80 R
0x80048BC0 R
0x80048C00 R
0x80048C40 R
0x80048C80 R
0x80048CC0 R
0x80048D00 R
0x80048D40 R
0x80048D80 R
0x80048DC0 R
0x80048E00 R
0x80048E40 R
0x80048E80 R
0x80048EC0 R
0x80048F00 R
0x80048F40 R
0x80048F80 R
0x80048FC0 R
0x80049000 R
0x80049040 R
0x80049080 R
0x800490C0 R
0x80049100 R
0x80049140 R
0x80049180 R
0x800491C0 R
0x80049200 R
0x80049240 R
0x80049280 R
0x800492C0 R
0x80049300 R
0x80049340 R
0x80049380 R
0x800493C0 R
0x80049400 R
0x80049440 R
0x80049480 R
0x800494C0 R
0x80049500 R
0x80049540 R
0x80049580 R
0x800495C0 R
0x80049600 R
0x80049640 R
0x80049680 R
0x800496C0 R
0x80049700 R
0x80049740 R
0x80049780 R
0x800497C0 R
0x80049800 R
0x80049840 R
0x80049880 R
0x800498C0 R
0x80049900 R
0x80049940 R
0x80049980 R
0x800499C0 R
0x80049A00 R
0x80049A40 R
0x80049A80 R
0x80049AC0 R
0x80049B00 R
0x80049B40 R
0x80049B80 R
0x80049BC0 R
0x80049C00 R
0x80049C40 R
0x80049C80 R
0x80049CC0 R
0x80049D00 R
0x80049D40 R
0x80049D80 R
0x80049DC0 R
0x80049E00 R
0x80049E40 R
0x80049E80 R
0x80049EC0 R
0x80049F00 R
0x80049F40 R
0x80049F80 R
0x80049FC0 R
0x8004A000 R
0x8004A040 R
0x8004A080 R
0x8004A0C0 R
0x8004A100 R
0x8004A140 R
0x8004A180 R
0x8004A1C0 R
0x8004A200 R
0x8004A240 R
0x8004A280 R
0x8004A2C0 R
0x8004A300 R
0x8004A340 R
0x8004A380 R
0x8004A3C0 R
0x8004A400 R
0x8004A440 R
0x8004A480 R
0x8004A4C0 R
0x8004A500 R
0x8004A540 R
0x8004A580 R
0x8004A5C0 R
0x8004A600 R
0x8004A640 R
0x8004A680 R
0x8004A6C0 R
0x8004A700 R
0x8004A740 R
0x8004A780 R
0x8004A7C0 R
0x8004A800 R
0x8004A840 R
0x8004A880 R
0x8004A8C0 R
0x8004A900 R
0x8004A940 R
0x8004A980 R
0x8004A9C0 R
0x8004AA00 R
0x8004AA40 R
0x8004AA80 R
0x8004AAC0 R
0x8004AB00 R
0x8004AB40 R
0x8004AB80 R
0x8004ABC0 R
0x8004AC00 R
0x8004AC40 R
0x8004AC80 R
0x8004ACC0 R
0x8004AD00 R
0x8004AD40 R
0x8004AD80 R
0x8004ADC0 R
0x8004AE00 R
0x8004AE40 R
0x8004AE80 R
0x8004AEC0 R
0x8004AF00 R
0x8004AF40 R
0x8004AF80 R
0x8004AFC0 R
0x8004B000 R
0x8004B040 R
0x8004B080 R
0x8004B0C0 R
0x8004B100 R
0x8004B140 R
0x8004B180 R
0x8004B1C0 R
0x8004B200 R
0x8004B240 R
0x8004B280 R
0x8004B2C0 R
0x8004B300 R
0x8004B340 R
0x8004B380 R
0x8004B3C0 R
0x8004B400 R
0x8004B440 R
0x8004B480 R
0x8004B4C0 R
0x8004B500 R
0x8004B540 R
0x8004B580 R
0x8004B5C0 R
0x8004B600 R
0x8004B640 R
0x8004B680 R
0x8004B6C0 R
0x8004B700 R
0x8004B740 R
0x8004B780 R
0x8004B7C0 R
0x8004B800 R
0x8004B840 R
0x8004B880 R
0x8004B8C0 R
0x8004B900 R
0x8004B940 R
0x8004B980 R
0x8004B9C0 R
0x8004BA00 R
0x8004BA40 R
0x8004BA80 R
0x8004BAC0 R
0x8004BB00 R
0x8004BB40 R
0x8004BB80 R
0x8004BBC0 R
0x8004BC00 R
0x8004BC40 R
0x8004BC80 R
0x8004BCC0 R
0x8004BD00 R
0x8004BD40 R
0x8004BD80 R
0x8004BDC0 R
0x8004BE00 R
0x8004BE40 R
0x8004BE80 R
0x8004BEC0 R
0x8004BF00 R
0x8004BF40 R
0x8004BF80 R
0x8004BFC0 R
0x8004C000 R
0x8004C040 R
0x8004C080 R
0x8004C0C0 R
0x8004C100 R
0x8004C140 R
0x8004C180 R
0x8004C1C0 R
0x8004C200 R
0x8004C240 R
0x8004C280 R
0x8004C2C0 R
0x8004C300 R
0x8004C340 R
0x8004C380 R
0x8004C3C0 R
0x8004C400 R
0x8004C440 R
0x8004C480 R
0x8004C4C0 R
0x8004C500 R
0x8004C540 R
0x8004C580 R
0x8004C5C0 R
0x8004C600 R
0x8004C640 R
0x8004C680 R
0x8004C6C0 R
0x8004C700 R
0x8004C740 R
0x8004C780 R
0x8004C7C0 R
0x8004C800 R
0x8004C840 R
0x8004C880 R
0x8004C8C0 R
0x8004C900 R
0x8004C940 R
0x8004C980 R
0x8004C9C0 R
0x8004CA00 R
0x8004CA40 R
0x8004CA80 R
0x8004CAC0 R
0x8004CB00 R
0x8004CB40 R
0x8004CB80 R
0x8004CBC0 R
0x8004CC00 R
0x8004CC40 R
0x8004CC80 R
0x8004CCC0 R
0x8004CD00 R
0x8004CD40 R
0x8004CD80 R
0x8004CDC0 R
0x8004CE00 R
0x8004CE40 R
0x8004CE80 R
0x8004CEC0 R
0x8004CF00 R
0x8004CF40 R
0x8004CF80 R
0x8004CFC0 R
0x8004D000 R
0x8004D040 R
0x8004D080 R
0x8004D0C0 R
0x8004D100 R
0x8004D140 R
0x8004D180 R
0x8004D1C0 R
0x8004D200 R
0x8004D240 R
0x8004D280 R
0x8004D2C0 R
0x8004D300 R
0x8004D340 R
0x8004D380 R
0x8004D3C0 R
0x8004D400 R
0x8004D440 R
0x8004D480 R
0x8004D4C0 R
0x8004D500 R
0x8004D540 R
0x8004D580 R
0x8004D5C0 R
0x8004D600 R
0x8004D640 R
0x8004D680 R
0x8004D6C0 R
0x8004D700 R
0x8004D740 R
0x8004D780 R
0x8004D7C0 R
0x8004D800 R
0x8004D840 R
0x8004D880 R
0x8004D8C0 R
0x8004D900 R
0x8004D940 R
0x8004D980 R
0x8004D9C0 R
0x8004DA00 R
0x8004DA40 R
0x8004DA80 R
0x8004DAC0 R
0x8004DB00 R
0x8004DB40 R
0x8004DB80 R
0x8004DBC0 R
0x8004DC00 R
0x8004DC40 R
0x8004DC80 R
0x8004DCC0 R
0x8004DD00 R
0x8004DD40 R
0x8004DD80 R
0x8004DDC0 R
0x8004DE00 R
0x8004DE40 R
0x8004DE80 R
0x8004DEC0 R
0x8004DF00 R
0x8004DF40 R
0x8004DF80 R
0x8004DFC0 R
0x8004E000 R
0x8004E040 R
0x8004E080 R
0x8004E0C0 R
0x8004E100 R
0x8004E140 R
0x8004E180 R
0x8004E1C0 R
0x8004E200 R
0x8004E240 R
0x8004E280 R
0x8004E2C0 R
0x8004E300 R
0x8004E340 R
0x8004E380 R
0x8004E3C0 R
0x8004E400 R
0x8004E440 R
0x8004E480 R
0x8004E4C0 R
0x8004E500 R
0x8004E540 R
0x8004E580 R
0x8004E5C0 R
0x8004E600 R
0x8004E640 R
0x8004E680 R
0x8004E6C0 R
0x8004E700 R
0x8004E740 R
0x8004E780 R
0x8004E7C0 R
0x8004E800 R
0x8004E840 R
0x8004E880 R
0x8004E8C0 R
0x8004E900 R
0x8004E940 R
0x8004E980 R
0x8004E9C0 R
0x8004EA00 R
0x8004EA40 R
0x8004EA80 R
0x8004EAC0 R
0x8004EB00 R
0x8004EB40 R
0x8004EB80 R
0x8004EBC0 R
0x8004EC00 R
0x8004EC40 R
0x8004EC80 R
0x8004ECC0 R
0x8004ED00 R
0x8004ED40 R
0x8004ED80 R
0x8004EDC0 R
0x8004EE00 R
0x8004EE40 R
0x8004EE80 R
0x8004EEC0 R
0x8004EF00 R
0x8004EF40 R
0x8004EF80 R
0x8004EFC0 R
0x8004F000 R
0x8004F040 R
0x8004F080 R
0x8004F0C0 R
0x8004F100 R
0x8004F140 R
0x8004F180 R
0x8004F1C0 R
0x8004F200 R
0x8004F240 R
0x8004F280 R
0x8004F2C0 R
0x8004F300 R
0x8004F340 R
0x8004F380 R
0x8004F3C0 R
0x8004F400 R
0x8004F440 R
0x8004F480 R
0x8004F4C0 R
0x8004F500 R
0x8004F540 R
0x8004F580 R
0x8004F5C0 R
0x8004F600 R
0x8004F640 R
0x8004F680 R
0x8004F6C0 R
0x8004F700 R
0x8004F740 R
0x8004F780 R
0x8004F7C0 R
0x8004F800 R
0x8004F840 R
0x8004F880 R
0x8004F8C0 R
0x8004F900 R
0x8004F940 R
0x8004F980 R
0x8004F9C0 R
0x8004FA00 R
0x8004FA40 R
0x8004FA80 R
0x8004FAC0 R
0x8004FB00 R
0x8004FB40 R
0x8004FB80 R
0x8004FBC0 R
0x8004FC00 R
0x8004FC40 R
0x8004FC80 R
0x8004FCC0 R
0x8004FD00 R
0x8004FD40 R
0x8004FD80 R
0x8004FDC0 R
0x8004FE00 R
0x8004FE40 R
0x8004FE80 R
0x8004FEC0 R
0x8004FF00 R
0x8004FF40 R
0x8004FF80 R
0x8004FFC0 R
0xA0000000 R
0xA0000040 R
0xA0000080 R
0xA00000C0 R
0xA0000100 R
0xA0000140 R
0xA0000180 R
0xA00001C0 R
0xA0000200 R
0xA0000240 R
0xA0000280 R
0xA00002C0 R
0xA0000300 R
0xA0000340 R
0xA0000380 R
0xA00003C0 R
0xA0000400 R
0xA0000440 R
0xA0000480 R
0xA00004C0 R
0xA0000500 R
0xA0000540 R
0xA0000580 R
0xA00005C0 R
0xA0000600 R
0xA0000640 R
0xA0000680 R
0xA00006C0 R
0xA0000700 R
0xA0000740 R
0xA0000780 R
0xA00007C0 R
0xA0000800 R
0xA0000840 R
0xA0000880 R
0xA00008C0 R
0xA0000900 R
0xA0000940 R
0xA0000980 R
0xA00009C0 R
0xA0000A00 R
0xA0000A40 R
0xA0000A80 R
0xA0000AC0 R
0xA0000B00 R
0xA0000B40 R
0xA0000B80 R
0xA0000BC0 R
0xA0000C00 R
0xA0000C40 R
0xA0000C80 R
0xA0000CC0 R
0xA0000D00 R
0xA0000D40 R
0xA0000D80 R
0xA0000DC0 R
0xA0000E00 R
0xA0000E40 R
0xA0000E80 R
0xA0000EC0 R
0xA0000F00 R
0xA0000F40 R
0xA0000F80 R
0xA0000FC0 R
0xA0001000 R
0xA0001040 R
0xA0001080 R
0xA00010C0 R
0xA0001100 R
0xA0001140 R
0xA0001180 R
0xA00011C0 R
0xA0001200 R
0xA0001240 R
0xA0001280 R
0xA00012C0 R
0xA0001300 R
0xA0001340 R
0xA0001380 R
0xA00013C0 R
0xA0001400 R
0xA0001440 R
0xA0001480 R
0xA00014C0 R
0xA0001500 R
0xA0001540 R
0xA0001580 R
0xA00015C0 R
0xA0001600 R
0xA0001640 R
0xA0001680 R
0xA00016C0 R
0xA0001700 R
0xA0001740 R
0xA0001780 R
0xA00017C0 R
0xA0001800 R
0xA0001840 R
0xA0001880 R
0xA00018C0 R
0xA0001900 R
0xA0001940 R
0xA0001980 R
0xA00019C0 R
0xA0001A00 R
0xA0001A40 R
0xA0001A80 R
0xA0001AC0 R
0xA0001B00 R
0xA0001B40 R
0xA0001B80 R
0xA0001BC0 R
0xA0001C00 R
0xA0001C40 R
0xA0001C80 R
0xA0001CC0 R
0xA0001D00 R
0xA0001D40 R
0xA0001D80 R
0xA0001DC0 R
0xA0001E00 R
0xA0001E40 R
0xA0001E80 R
0xA0001EC0 R
0xA0001F00 R
0xA0001F40 R
0xA0001F80 R
0xA0001FC0 R
0xA0002000 R
0xA0002040 R
0xA0002080 R
0xA00020C0 R
0xA0002100 R
0xA0002140 R
0xA0002180 R
0xA00021C0 R
0xA0002200 R
0xA0002240 R
0xA0002280 R
0xA00022C0 R
0xA0002300 R
0xA0002340 R
0xA0002380 R
0xA00023C0 R
0xA0002400 R
0xA0002440 R
0xA0002480 R
0xA00024C0 R
0xA0002500 R
0xA0002540 R
0xA0002580 R
0xA00025C0 R
0xA0002600 R
0xA0002640 R
0xA0002680 R
0xA00026C0 R
0xA0002700 R
0xA0002740 R
0xA0002780 R
0xA00027C0 R
0xA0002800 R
0xA0002840 R
0xA0002880 R
0xA00028C0 R
0xA0002900 R
0xA0002940 R
0xA0002980 R
0xA00029C0 R
0xA0002A00 R
0xA0002A40 R
0xA0002A80 R
0xA0002AC0 R
0xA0002B00 R
0xA0002B40 R
0xA0002B80 R
0xA0002BC0 R
0xA0002C00 R
0xA0002C40 R
0xA0002C80 R
0xA0002CC0 R
0xA0002D00 R
0xA0002D40 R
0xA0002D80 R
0xA0002DC0 R
0xA0002E00 R
0xA0002E40 R
0xA0002E80 R
0xA0002EC0 R
0xA0002F00 R
0xA0002F40 R
0xA0002F80 R
0xA0002FC0 R
0xA0003000 R
0xA0003040 R
0xA0003080 R
0xA00030C0 R
0xA0003100 R
0xA0003140 R
0xA0003180 R
0xA00031C0 R
0xA0003200 R
0xA0003240 R
0xA0003280 R
0xA00032C0 R
0xA0003300 R
0xA0003340 R
0xA0003380 R
0xA00033C0 R
0xA0003400 R
0xA0003440 R
0xA0003480 R
0xA00034C0 R
0xA0003500 R
0xA0003540 R
0xA0003580 R
0xA00035C0 R
0xA0003600 R
0xA0003640 R
0xA0003680 R
0xA00036C0 R
0xA0003700 R
0xA0003740 R
0xA0003780 R
0xA00037C0 R
0xA0003800 R
0xA0003840 R
0xA0003880 R
0xA00038C0 R
0xA0003900 R
0xA0003940 R
0xA0003980 R
0xA00039C0 R
0xA0003A00 R
0xA0003A40 R
0xA0003A80 R
0xA0003AC0 R
0xA0003B00 R
0xA0003B40 R
0xA0003B80 R
0xA0003BC0 R
0xA0003C00 R
0xA0003C40 R
0xA0003C80 R
0xA0003CC0 R
0xA0003D00 R
0xA0003D40 R
0xA0003D80 R
0xA0003DC0 R
0xA0003E00 R
0xA0003E40 R
0xA0003E80 R
0xA0003EC0 R
0xA0003F00 R
0xA0003F40 R
0xA0003F80 R
0xA0003FC0 R
0xA0004000 R
0xA0004040 R
0xA0004080 R
0xA00040C0 R
0xA0004100 R
0xA0004140 R
0xA0004180 R
0xA00041C0 R
0xA0004200 R
0xA0004240 R
0xA0004280 R
0xA00042C0 R
0xA0004300 R
0xA0004340 R
0xA0004380 R
0xA00043C0 R
0xA0004400 R
0xA0004440 R
0xA0004480 R
0xA00044C0 R
0xA0004500 R
0xA0004540 R
0xA0004580 R
0xA00045C0 R
0xA0004600 R
0xA0004640 R
0xA0004680 R
0xA00046C0 R
0xA0004700 R
0xA0004740 R
0xA0004780 R
0xA00047C0 R
0xA0004800 R
0xA0004840 R
0xA0004880 R
0xA00048C0 R
0xA0004900 R
0xA0004940 R
0xA0004980 R
0xA00049C0 R
0xA0004A00 R
0xA0004A40 R
0xA0004A80 R
0xA0004AC0 R
0xA0004B00 R
0xA0004B40 R
0xA0004B80 R
0xA0004BC0 R
0xA0004C00 R
0xA0004C40 R
0xA0004C80 R
0xA0004CC0 R
0xA0004D00 R
0xA0004D40 R
0xA0004D80 R
0xA0004DC0 R
0xA0004E00 R
0xA0004E40 R
0xA0004E80 R
0xA0004EC0 R
0xA0004F00 R
0xA0004F40 R
0xA0004F80 R
0xA0004FC0 R
0xA0005000 R
0xA0005040 R
0xA0005080 R
0xA00050C0 R
0xA0005100 R
0xA0005140 R
0xA0005180 R
0xA00051C0 R
0xA0005200 R
0xA0005240 R
0xA0005280 R
0xA00052C0 R
0xA0005300 R
0xA0005340 R
0xA0005380 R
0xA00053C0 R
0xA0005400 R
0xA0005440 R
0xA0005480 R
0xA00054C0 R
0xA0005500 R
0xA0005540 R
0xA0005580 R
0xA00055C0 R
0xA0005600 R
0xA0005640 R
0xA0005680 R
0xA00056C0 R
0xA0005700 R
0xA0005740 R
0xA0005780 R
0xA00057C0 R
0xA0005800 R
0xA0005840 R
0xA0005880 R
0xA00058C0 R
0xA0005900 R
0xA0005940 R
0xA0005980 R
0xA00059C0 R
0xA0005A00 R
0xA0005A40 R
0xA0005A80 R
0xA0005AC0 R
0xA0005B00 R
0xA0005B40 R
0xA0005B80 R
0xA0005BC0 R
0xA0005C00 R
0xA0005C40 R
0xA0005C80 R
0xA0005CC0 R
0xA0005D00 R
0xA0005D40 R
0xA0005D80 R
0xA0005DC0 R
0xA0005E00 R
0xA0005E40 R
0xA0005E80 R
0xA0005EC0 R
0xA0005F00 R
0xA0005F40 R
0xA0005F80 R
0xA0005FC0 R
0xA0006000 R
0xA0006040 R
0xA0006080 R
0xA00060C0 R
0xA0006100 R
0xA0006140 R
0xA0006180 R
0xA00061C0 R
0xA0006200 R
0xA0006240 R
0xA0006280 R
0xA00062C0 R
0xA0006300 R
0xA0006340 R
0xA0006380 R
0xA00063C0 R
0xA0006400 R
0xA0006440 R
0xA0006480 R
0xA00064C0 R
0xA0006500 R
0xA0006540 R
0xA0006580 R
0xA00065C0 R
0xA0006600 R
0xA0006640 R
0xA0006680 R
0xA00066C0 R
0xA0006700 R
0xA0006740 R
0xA0006780 R
0xA00067C0 R
0xA0006800 R
0xA0006840 R
0xA0006880 R
0xA00068C0 R
0xA0006900 R
0xA0006940 R
0xA0006980 R
0xA00069C0 R
0xA0006A00 R
0xA0006A40 R
0xA0006A80 R
0xA0006AC0 R
0xA0006B00 R
0xA0006B40 R
0xA0006B80 R
0xA0006BC0 R
0xA0006C00 R
0xA0006C40 R
0xA0006C80 R
0xA0006CC0 R
0xA0006D00 R
0xA0006D40 R
0xA0006D80 R
0xA0006DC0 R
0xA0006E00 R
0xA0006E40 R
0xA0006E80 R
0xA0006EC0 R
0xA0006F00 R
0xA0006F40 R
0xA0006F80 R
0xA0006FC0 R
0xA0007000 R
0xA0007040 R
0xA0007080 R
0xA00070C0 R
0xA0007100 R
0xA0007140 R
0xA0007180 R
0xA00071C0 R
0xA0007200 R
0xA0007240 R
0xA0007280 R
0xA00072C0 R
0xA0007300 R
0xA0007340 R
0xA0007380 R
0xA00073C0 R
0xA0007400 R
0xA0007440 R
0xA0007480 R
0xA00074C0 R
0xA0007500 R
0xA0007540 R
0xA0007580 R
0xA00075C0 R
0xA0007600 R
0xA0007640 R
0xA0007680 R
0xA00076C0 R
0xA0007700 R
0xA0007740 R
0xA0007780 R
0xA00077C0 R
0xA0007800 R
0xA0007840 R
0xA0007880 R
0xA00078C0 R
0xA0007900 R
0xA0007940 R
0xA0007980 R
0xA00079C0 R
0xA0007A00 R
0xA0007A40 R
0xA0007A80 R
0xA0007AC0 R
0xA0007B00 R
0xA0007B40 R
0xA0007B80 R
0xA0007BC0 R
0xA0007C00 R
0xA0007C40 R
0xA0007C80 R
0xA0007CC0 R
0xA0007D00 R
0xA0007D40 R
0xA0007D80 R
0xA0007DC0 R
0xA0007E00 R
0xA0007E40 R
0xA0007E80 R
0xA0007EC0 R
0xA0007F00 R
0xA0007F40 R
0xA0007F80 R
0xA0007FC0 R
0xA0008000 R
0xA0008040 R
0xA0008080 R
0xA00080C0 R
0xA0008100 R
0xA0008140 R
0xA0008180 R
0xA00081C0 R
0xA0008200 R
0xA0008240 R
0xA0008280 R
0xA00082C0 R
0xA0008300 R
0xA0008340 R
0xA0008380 R
0xA00083C0 R
0xA0008400 R
0xA0008440 R
0xA0008480 R
0xA00084C0 R
0xA0008500 R
0xA0008540 R
0xA0008580 R
0xA00085C0 R
0xA0008600 R
0xA0008640 R
0xA0008680 R
0xA00086C0 R
0xA0008700 R
0xA0008740 R
0xA0008780 R
0xA00087C0 R
0xA0008800 R
0xA0008840 R
0xA0008880 R
0xA00088C0 R
0xA0008900 R
0xA0008940 R
0xA0008980 R
0xA00089C0 R
0xA0008A00 R
0xA0008A40 R
0xA0008A80 R
0xA0008AC0 R
0xA0008B00 R
0xA0008B40 R
0xA0008B80 R
0xA0008BC0 R
0xA0008C00 R
0xA0008C40 R
0xA0008C80 R
0xA0008CC0 R
0xA0008D00 R
0xA0008D40 R
0xA0008D80 R
0xA0008DC0 R
0xA0008E00 R
0xA0008E40 R
0xA0008E80 R
0xA0008EC0 R
0xA0008F00 R
0xA0008F40 R
0xA0008F80 R
0xA0008FC0 R
0xA0009000 R
0xA0009040 R
0xA0009080 R
0xA00090C0 R
0xA0009100 R
0xA0009140 R
0xA0009180 R
0xA00091C0 R
0xA0009200 R
0xA0009240 R
0xA0009280 R
0xA00092C0 R
0xA0009300 R
0xA0009340 R
0xA0009380 R
0xA00093C0 R
0xA0009400 R
0xA0009440 R
0xA0009480 R
0xA00094C0 R
0xA0009500 R
0xA0009540 R
0xA0009580 R
0xA00095C0 R
0xA0009600 R
0xA0009640 R
0xA0009680 R
0xA00096C0 R
0xA0009700 R
0xA0009740 R
0xA0009780 R
0xA00097C0 R
0xA0009800 R
0xA0009840 R
0xA0009880 R
0xA00098C0 R
0xA0009900 R
0xA0009940 R
0xA0009980 R
0xA00099C0 R
0xA0009A00 R
0xA0009A40 R
0xA0009A80 R
0xA0009AC0 R
0xA0009B00 R
0xA0009B40 R
0xA0009B80 R
0xA0009BC0 R
0xA0009C00 R
0xA0009C40 R
0xA0009C80 R
0xA0009CC0 R
0xA0009D00 R
0xA0009D40 R
0xA0009D80 R
0xA0009DC0 R
0xA0009E00 R
0xA0009E40 R
0xA0009E80 R
0xA0009EC0 R
0xA0009F00 R
0xA0009F40 R
0xA0009F80 R
0xA0009FC0 R
0xA000A000 R
0xA000A040 R
0xA000A080 R
0xA000A0C0 R
0xA000A100 R
0xA000A140 R
0xA000A180 R
0xA000A1C0 R
0xA000A200 R
0xA000A240 R
0xA000A280 R
0xA000A2C0 R
0xA000A300 R
0xA000A340 R
0xA000A380 R
0xA000A3C0 R
0xA000A400 R
0xA000A440 R
0xA000A480 R
0xA000A4C0 R
0xA000A500 R
0xA000A540 R
0xA000A580 R
0xA000A5C0 R
0xA000A600 R
0xA000A640 R
0xA000A680 R
0xA000A6C0 R
0xA000A700 R
0xA000A740 R
0xA000A780 R
0xA000A7C0 R
0xA000A800 R
0xA000A840 R
0xA000A880 R
0xA000A8C0 R
0xA000A900 R
0xA000A940 R
0xA000A980 R
0xA000A9C0 R
0xA000AA00 R
0xA000AA40 R
0xA000AA80 R
0xA000AAC0 R
0xA000AB00 R
0xA000AB40 R
0xA000AB80 R
0xA000ABC0 R
0xA000AC00 R
0xA000AC40 R
0xA000AC80 R
0xA000ACC0 R
0xA000AD00 R
0xA000AD40 R
0xA000AD80 R
0xA000ADC0 R
0xA000AE00 R
0xA000AE40 R
0xA000AE80 R
0xA000AEC0 R
0xA000AF00 R
0xA000AF40 R
0xA000AF80 R
0xA000AFC0 R
0xA000B000 R
0xA000B040 R
0xA000B080 R
0xA000B0C0 R
0xA000B100 R
0xA000B140 R
0xA000B180 R
0xA000B1C0 R
0xA000B200 R
0xA000B240 R
0xA000B280 R
0xA000B2C0 R
0xA000B300 R
0xA000B340 R
0xA000B380 R
0xA000B3C0 R
0xA000B400 R
0xA000B440 R
0xA000B480 R
0xA000B4C0 R
0xA000B500 R
0xA000B540 R
0xA000B580 R
0xA000B5C0 R
0xA000B600 R
0xA000B640 R
0xA000B680 R
0xA000B6C0 R
0xA000B700 R
0xA000B740 R
0xA000B780 R
0xA000B7C0 R
0xA000B800 R
0xA000B840 R
0xA000B880 R
0xA000B8C0 R
0xA000B900 R
0xA000B940 R
0xA000B980 R
0xA000B9C0 R
0xA000BA00 R
0xA000BA40 R
0xA000BA80 R
0xA000BAC0 R
0xA000BB00 R
0xA000BB40 R
0xA000BB80 R
0xA000BBC0 R
0xA000BC00 R
0xA000BC40 R
0xA000BC80 R
0xA000BCC0 R
0xA000BD00 R
0xA000BD40 R
0xA000BD80 R
0xA000BDC0 R
0xA000BE00 R
0xA000BE40 R
0xA000BE80 R
0xA000BEC0 R
0xA000BF00 R
0xA000BF40 R
0xA000BF80 R
0xA000BFC0 R
0xA000C000 R
0xA000C040 R
0xA000C080 R
0xA000C0C0 R
0xA000C100 R
0xA000C140 R
0xA000C180 R
0xA000C1C0 R
0xA000C200 R
0xA000C240 R
0xA000C280 R
0xA000C2C0 R
0xA000C300 R
0xA000C340 R
0xA000C380 R
0xA000C3C0 R
0xA000C400 R
0xA000C440 R
0xA000C480 R
0xA000C4C0 R
0xA000C500 R
0xA000C540 R
0xA000C580 R
0xA000C5C0 R
0xA000C600 R
0xA000C640 R
0xA000C680 R
0xA000C6C0 R
0xA000C700 R
0xA000C740 R
0xA000C780 R
0xA000C7C0 R
0xA000C800 R
0xA000C840 R
0xA000C880 R
0xA000C8C0 R
0xA000C900 R
0xA000C940 R
0xA000C980 R
0xA000C9C0 R
0xA000CA00 R
0xA000CA40 R
0xA000CA80 R
0xA000CAC0 R
0xA000CB00 R
0xA000CB40 R
0xA000CB80 R
0xA000CBC0 R
0xA000CC00 R
0xA000CC40 R
0xA000CC80 R
0xA000CCC0 R
0xA000CD00 R
0xA000CD40 R
0xA000CD80 R
0xA000CDC0 R
0xA000CE00 R
0xA000CE40 R
0xA000CE80 R
0xA000CEC0 R
0xA000CF00 R
0xA000CF40 R
0xA000CF80 R
0xA000CFC0 R
0xA000D000 R
0xA000D040 R
0xA000D080 R
0xA000D0C0 R
0xA000D100 R
0xA000D140 R
0xA000D180 R
0xA000D1C0 R
0xA000D200 R
0xA000D240 R
0xA000D280 R
0xA000D2C0 R
0xA000D300 R
0xA000D340 R
0xA000D380 R
0xA000D3C0 R
0xA000D400 R
0xA000D440 R
0xA000D480 R
0xA000D4C0 R
0xA000D500 R
0xA000D540 R
0xA000D580 R
0xA000D5C0 R
0xA000D600 R
0xA000D640 R
0xA000D680 R
0xA000D6C0 R
0xA000D700 R
0xA000D740 R
0xA000D780 R
0xA000D7C0 R
0xA000D800 R
0xA000D840 R
0xA000D880 R
0xA000D8C0 R
0xA000D900 R
0xA000D940 R
0xA000D980 R
0xA000D9C0 R
0xA000DA00 R
0xA000DA40 R
0xA000DA80 R
0xA000DAC0 R
0xA000DB00 R
0xA000DB40 R
0xA000DB80 R
0xA000DBC0 R
0xA000DC00 R
0xA000DC40 R
0xA000DC80 R
0xA000DCC0 R
0xA000DD00 R
0xA000DD40 R
0xA000DD80 R
0xA000DDC0 R
0xA000DE00 R
0xA000DE40 R
0xA000DE80 R
0xA000DEC0 R
0xA000DF00 R
0xA000DF40 R
0xA000DF80 R
0xA000DFC0 R
0xA000E000 R
0xA000E040 R
0xA000E080 R
0xA000E0C0 R
0xA000E100 R
0xA000E140 R
0xA000E180 R
0xA000E1C0 R
0xA000E200 R
0xA000E240 R
0xA000E280 R
0xA000E2C0 R
0xA000E300 R
0xA000E340 R
0xA000E380 R
0xA000E3C0 R
0xA000E400 R
0xA000E440 R
0xA000E480 R
0xA000E4C0 R
0xA000E500 R
0xA000E540 R
0xA000E580 R
0xA000E5C0 R
0xA000E600 R
0xA000E640 R
0xA000E680 R
0xA000E6C0 R
0xA000E700 R
0xA000E740 R
0xA000E780 R
0xA000E7C0 R
0xA000E800 R
0xA000E840 R
0xA000E880 R
0xA000E8C0 R
0xA000E900 R
0xA000E940 R
0xA000E980 R
0xA000E9C0 R
0xA000EA00 R
0xA000EA40 R
0xA000EA80 R
0xA000EAC0 R
0xA000EB00 R
0xA000EB40 R
0xA000EB80 R
0xA000EBC0 R
0xA000EC00 R
0xA000EC40 R
0xA000EC80 R
0xA000ECC0 R
0xA000ED00 R
0xA000ED40 R
0xA000ED80 R
0xA000EDC0 R
0xA000EE00 R
0xA000EE40 R
0xA000EE80 R
0xA000EEC0 R
0xA000EF00 R
0xA000EF40 R
0xA000EF80 R
0xA000EFC0 R
0xA000F000 R
0xA000F040 R
0xA000F080 R
0xA000F0C0 R
0xA000F100 R
0xA000F140 R
0xA000F180 R
0xA000F1C0 R
0xA000F200 R
0xA000F240 R
0xA000F280 R
0xA000F2C0 R
0xA000F300 R
0xA000F340 R
0xA000F380 R
0xA000F3C0 R
0xA000F400 R
0xA000F440 R
0xA000F480 R
0xA000F4C0 R
0xA000F500 R
0xA000F540 R
0xA000F580 R
0xA000F5C0 R
0xA000F600 R
0xA000F640 R
0xA000F680 R
0xA000F6C0 R
0xA000F700 R
0xA000F740 R
0xA000F780 R
0xA000F7C0 R
0xA000F800 R
0xA000F840 R
0xA000F880 R
0xA000F8C0 R
0xA000F900 R
0xA000F940 R
0xA000F980 R
0xA000F9C0 R
0xA000FA00 R
0xA000FA40 R
0xA000FA80 R
0xA000FAC0 R
0xA000FB00 R
0xA000FB40 R
0xA000FB80 R
0xA000FBC0 R
0xA000FC00 R
0xA000FC40 R
0xA000FC80 R
0xA000FCC0 R
0xA000FD00 R
0xA000FD40 R
0xA000FD80 R
0xA000FDC0 R
0xA000FE00 R
0xA000FE40 R
0xA000FE80 R
0xA000FEC0 R
0xA000FF00 R
0xA000FF40 R
0xA000FF80 R
0xA000FFC0 R
0xC0000000 W
0xC0000040 W
0xC0000080 W
0xC00000C0 W
0xC0000100 W
0xC0000140 W
0xC0000180 W
0xC00001C0 W
0xC0000200 W
0xC0000240 W
0xC0000280 W
0xC00002C0 W
0xC0000300 W
0xC0000340 W
0xC0000380 W
0xC00003C0 W
0xC0000400 W
0xC0000440 W
0xC0000480 W
0xC00004C0 W
0xC0000500 W
0xC0000540 W
0xC0000580 W
0xC00005C0 W
0xC0000600 W
0xC0000640 W
0xC0000680 W
0xC00006C0 W
0xC0000700 W
0xC0000740 W
0xC0000780 W
0xC00007C0 W
0xC0000800 W
0xC0000840 W
0xC0000880 W
0xC00008C0 W
0xC0000900 W
0xC0000940 W
0xC0000980 W
0xC00009C0 W
0xC0000A00 W
0xC0000A40 W
0xC0000A80 W
0xC0000AC0 W
0xC0000B00 W
0xC0000B40 W
0xC0000B80 W
0xC0000BC0 W
0xC0000C00 W
0xC0000C40 W
0xC0000C80 W
0xC0000CC0 W
0xC0000D00 W
0xC0000D40 W
0xC0000D80 W
0xC0000DC0 W
0xC0000E00 W
0xC0000E40 W
0xC0000E80 W
0xC0000EC0 W
0xC0000F00 W
0xC0000F40 W
0xC0000F80 W
0xC0000FC0 W
0xC0001000 W
0xC0001040 W
0xC0001080 W
0xC00010C0 W
0xC0001100 W
0xC0001140 W
0xC0001180 W
0xC00011C0 W
0xC0001200 W
0xC0001240 W
0xC0001280 W
0xC00012C0 W
0xC0001300 W
0xC0001340 W
0xC0001380 W
0xC00013C0 W
0xC0001400 W
0xC0001440 W
0xC0001480 W
0xC00014C0 W
0xC0001500 W
0xC0001540 W
0xC0001580 W
0xC00015C0 W
0xC0001600 W
0xC0001640 W
0xC0001680 W
0xC00016C0 W
0xC0001700 W
0xC0001740 W
0xC0001780 W
0xC00017C0 W
0xC0001800 W
0xC0001840 W
0xC0001880 W
0xC00018C0 W
0xC0001900 W
0xC0001940 W
0xC0001980 W
0xC00019C0 W
0xC0001A00 W
0xC0001A40 W
0xC0001A80 W
0xC0001AC0 W
0xC0001B00 W
0xC0001B40 W
0xC0001B80 W
0xC0001BC0 W
0xC0001C00 W
0xC0001C40 W
0xC0001C80 W
0xC0001CC0 W
0xC0001D00 W
0xC0001D40 W
0xC0001D80 W
0xC0001DC0 W
0xC0001E00 W
0xC0001E40 W
0xC0001E80 W
0xC0001EC0 W
0xC0001F00 W
0xC0001F40 W
0xC0001F80 W
0xC0001FC0 W
0xC0002000 W
0xC0002040 W
0xC0002080 W
0xC00020C0 W
0xC0002100 W
0xC0002140 W
0xC0002180 W
0xC00021C0 W
0xC0002200 W
0xC0002240 W
0xC0002280 W
0xC00022C0 W
0xC0002300 W
0xC0002340 W
0xC0002380 W
0xC00023C0 W
0xC0002400 W
0xC0002440 W
0xC0002480 W
0xC00024C0 W
0xC0002500 W
0xC0002540 W
0xC0002580 W
0xC00025C0 W
0xC0002600 W
0xC0002640 W
0xC0002680 W
0xC00026C0 W
0xC0002700 W
0xC0002740 W
0xC0002780 W
0xC00027C0 W
0xC0002800 W
0xC0002840 W
0xC0002880 W
0xC00028C0 W
0xC0002900 W
0xC0002940 W
0xC0002980 W
0xC00029C0 W
0xC0002A00 W
0xC0002A40 W
0xC0002A80 W
0xC0002AC0 W
0xC0002B00 W
0xC0002B40 W
0xC0002B80 W
0xC0002BC0 W
0xC0002C00 W
0xC0002C40 W
0xC0002C80 W
0xC0002CC0 W
0xC0002D00 W
0xC0002D40 W
0xC0002D80 W
0xC0002DC0 W
0xC0002E00 W
0xC0002E40 W
0xC0002E80 W
0xC0002EC0 W
0xC0002F00 W
0xC0002F40 W
0xC0002F80 W
0xC0002FC0 W
0xC0003000 W
0xC0003040 W
0xC0003080 W
0xC00030C0 W
0xC0003100 W
0xC0003140 W
0xC0003180 W
0xC00031C0 W
0xC0003200 W
0xC0003240 W
0xC0003280 W
0xC00032C0 W
0xC0003300 W
0xC0003340 W
0xC0003380 W
0xC00033C0 W
0xC0003400 W
0xC0003440 W
0xC0003480 W
0xC00034C0 W
0xC0003500 W
0xC0003540 W
0xC0003580 W
0xC00035C0 W
0xC0003600 W
0xC0003640 W
0xC0003680 W
0xC00036C0 W
0xC0003700 W
0xC0003740 W
0xC0003780 W
0xC00037C0 W
0xC0003800 W
0xC0003840 W
0xC0003880 W
0xC00038C0 W
0xC0003900 W
0xC0003940 W
0xC0003980 W
0xC00039C0 W
0xC0003A00 W
0xC0003A40 W
0xC0003A80 W
0xC0003AC0 W
0xC0003B00 W
0xC0003B40 W
0xC0003B80 W
0xC0003BC0 W
0xC0003C00 W
0xC0003C40 W
0xC0003C80 W
0xC0003CC0 W
0xC0003D00 W
0xC0003D40 W
0xC0003D80 W
0xC0003DC0 W
0xC0003E00 W
0xC0003E40 W
0xC0003E80 W
0xC0003EC0 W
0xC0003F00 W
0xC0003F40 W
0xC0003F80 W
0xC0003FC0 W
0xC0004000 W
0xC0004040 W
0xC0004080 W
0xC00040C0 W
0xC0004100 W
0xC0004140 W
0xC0004180 W
0xC00041C0 W
0xC0004200 W
0xC0004240 W
0xC0004280 W
0xC00042C0 W
0xC0004300 W
0xC0004340 W
0xC0004380 W
0xC00043C0 W
0xC0004400 W
0xC0004440 W
0xC0004480 W
0xC00044C0 W
0xC0004500 W
0xC0004540 W
0xC0004580 W
0xC00045C0 W
0xC0004600 W
0xC0004640 W
0xC0004680 W
0xC00046C0 W
0xC0004700 W
0xC0004740 W
0xC0004780 W
0xC00047C0 W
0xC0004800 W
0xC0004840 W
0xC0004880 W
0xC00048C0 W
0xC0004900 W
0xC0004940 W
0xC0004980 W
0xC00049C0 W
0xC0004A00 W
0xC0004A40 W
0xC0004A80 W
0xC0004AC0 W
0xC0004B00 W
0xC0004B40 W
0xC0004B80 W
0xC0004BC0 W
0xC0004C00 W
0xC0004C40 W
0xC0004C80 W
0xC0004CC0 W
0xC0004D00 W
0xC0004D40 W
0xC0004D80 W
0xC0004DC0 W
0xC0004E00 W
0xC0004E40 W
0xC0004E80 W
0xC0004EC0 W
0xC0004F00 W
0xC0004F40 W
0xC0004F80 W
0xC0004FC0 W
0xC0005000 W
0xC0005040 W
0xC0005080 W
0xC00050C0 W
0xC0005100 W
0xC0005140 W
0xC0005180 W
0xC00051C0 W
0xC0005200 W
0xC0005240 W
0xC0005280 W
0xC00052C0 W
0xC0005300 W
0xC0005340 W
0xC0005380 W
0xC00053C0 W
0xC0005400 W
0xC0005440 W
0xC0005480 W
0xC00054C0 W
0xC0005500 W
0xC0005540 W
0xC0005580 W
0xC00055C0 W
0xC0005600 W
0xC0005640 W
0xC0005680 W
0xC00056C0 W
0xC0005700 W
0xC0005740 W
0xC0005780 W
0xC00057C0 W
0xC0005800 W
0xC0005840 W
0xC0005880 W
0xC00058C0 W
0xC0005900 W
0xC0005940 W
0xC0005980 W
0xC00059C0 W
0xC0005A00 W
0xC0005A40 W
0xC0005A80 W
0xC0005AC0 W
0xC0005B00 W
0xC0005B40 W
0xC0005B80 W
0xC0005BC0 W
0xC0005C00 W
0xC0005C40 W
0xC0005C80 W
0xC0005CC0 W
0xC0005D00 W
0xC0005D40 W
0xC0005D80 W
0xC0005DC0 W
0xC0005E00 W
0xC0005E40 W
0xC0005E80 W
0xC0005EC0 W
0xC0005F00 W
0xC0005F40 W
0xC0005F80 W
0xC0005FC0 W
0xC0006000 W
0xC0006040 W
0xC0006080 W
0xC00060C0 W
0xC0006100 W
0xC0006140 W
0xC0006180 W
0xC00061C0 W
0xC0006200 W
0xC0006240 W
0xC0006280 W
0xC00062C0 W
0xC0006300 W
0xC0006340 W
0xC0006380 W
0xC00063C0 W
0xC0006400 W
0xC0006440 W
0xC0006480 W
0xC00064C0 W
0xC0006500 W
0xC0006540 W
0xC0006580 W
0xC00065C0 W
0xC0006600 W
0xC0006640 W
0xC0006680 W
0xC00066C0 W
0xC0006700 W
0xC0006740 W
0xC0006780 W
0xC00067C0 W
0xC0006800 W
0xC0006840 W
0xC0006880 W
0xC00068C0 W
0xC0006900 W
0xC0006940 W
0xC0006980 W
0xC00069C0 W
0xC0006A00 W
0xC0006A40 W
0xC0006A80 W
0xC0006AC0 W
0xC0006B00 W
0xC0006B40 W
0xC0006B80 W
0xC0006BC0 W
0xC0006C00 W
0xC0006C40 W
0xC0006C80 W
0xC0006CC0 W
0xC0006D00 W
0xC0006D40 W
0xC0006D80 W
0xC0006DC0 W
0xC0006E00 W
0xC0006E40 W
0xC0006E80 W
0xC0006EC0 W
0xC0006F00 W
0xC0006F40 W
0xC0006F80 W
0xC0006FC0 W
0xC0007000 W
0xC0007040 W
0xC0007080 W
0xC00070C0 W
0xC0007100 W
0xC0007140 W
0xC0007180 W
0xC00071C0 W
0xC0007200 W
0xC0007240 W
0xC0007280 W
0xC00072C0 W
0xC0007300 W
0xC0007340 W
0xC0007380 W
0xC00073C0 W
0xC0007400 W
0xC0007440 W
0xC0007480 W
0xC00074C0 W
0xC0007500 W
0xC0007540 W
0xC0007580 W
0xC00075C0 W
0xC0007600 W
0xC0007640 W
0xC0007680 W
0xC00076C0 W
0xC0007700 W
0xC0007740 W
0xC0007780 W
0xC00077C0 W
0xC0007800 W
0xC0007840 W
0xC0007880 W
0xC00078C0 W
0xC0007900 W
0xC0007940 W
0xC0007980 W
0xC00079C0 W
0xC0007A00 W
0xC0007A40 W
0xC0007A80 W
0xC0007AC0 W
0xC0007B00 W
0xC0007B40 W
0xC0007B80 W
0xC0007BC0 W
0xC0007C00 W
0xC0007C40 W
0xC0007C80 W
0xC0007CC0 W
0xC0007D00 W
0xC0007D40 W
0xC0007D80 W
0xC0007DC0 W
0xC0007E00 W
0xC0007E40 W
0xC0007E80 W
0xC0007EC0 W
0xC0007F00 W
0xC0007F40 W
0xC0007F80 W
0xC0007FC0 W
0xC0008000 W
0xC0008040 W
0xC0008080 W
0xC00080C0 W
0xC0008100 W
0xC0008140 W
0xC0008180 W
0xC00081C0 W
0xC0008200 W
0xC0008240 W
0xC0008280 W
0xC00082C0 W
0xC0008300 W
0xC0008340 W
0xC0008380 W
0xC00083C0 W
0xC0008400 W
0xC0008440 W
0xC0008480 W
0xC00084C0 W
0xC0008500 W
0xC0008540 W
0xC0008580 W
0xC00085C0 W
0xC0008600 W
0xC0008640 W
0xC0008680 W
0xC00086C0 W
0xC0008700 W
0xC0008740 W
0xC0008780 W
0xC00087C0 W
0xC0008800 W
0xC0008840 W
0xC0008880 W
0xC00088C0 W
0xC0008900 W
0xC0008940 W
0xC0008980 W
0xC00089C0 W
0xC0008A00 W
0xC0008A40 W
0xC0008A80 W
0xC0008AC0 W
0xC0008B00 W
0xC0008B40 W
0xC0008B80 W
0xC0008BC0 W
0xC0008C00 W
0xC0008C40 W
0xC0008C80 W
0xC0008CC0 W
0xC0008D00 W
0xC0008D40 W
0xC0008D80 W
0xC0008DC0 W
0xC0008E00 W
0xC0008E40 W
0xC0008E80 W
0xC0008EC0 W
0xC0008F00 W
0xC0008F40 W
0xC0008F80 W
0xC0008FC0 W
0xC0009000 W
0xC0009040 W
0xC0009080 W
0xC00090C0 W
0xC0009100 W
0xC0009140 W
0xC0009180 W
0xC00091C0 W
0xC0009200 W
0xC0009240 W
0xC0009280 W
0xC00092C0 W
0xC0009300 W
0xC0009340 W
0xC0009380 W
0xC00093C0 W
0xC0009400 W
0xC0009440 W
0xC0009480 W
0xC00094C0 W
0xC0009500 W
0xC0009540 W
0xC0009580 W
0xC00095C0 W
0xC0009600 W
0xC0009640 W
0xC0009680 W
0xC00096C0 W
0xC0009700 W
0xC0009740 W
0xC0009780 W
0xC00097C0 W
0xC0009800 W
0xC0009840 W
0xC0009880 W
0xC00098C0 W
0xC0009900 W
0xC0009940 W
0xC0009980 W
0xC00099C0 W
0xC0009A00 W
0xC0009A40 W
0xC0009A80 W
0xC0009AC0 W
0xC0009B00 W
0xC0009B40 W
0xC0009B80 W
0xC0009BC0 W
0xC0009C00 W
0xC0009C40 W
0xC0009C80 W
0xC0009CC0 W
0xC0009D00 W
0xC0009D40 W
0xC0009D80 W
0xC0009DC0 W
0xC0009E00 W
0xC0009E40 W
0xC0009E80 W
0xC0009EC0 W
0xC0009F00 W
0xC0009F40 W
0xC0009F80 W
0xC0009FC0 W
0xC000A000 W
0xC000A040 W
0xC000A080 W
0xC000A0C0 W
0xC000A100 W
0xC000A140 W
0xC000A180 W
0xC000A1C0 W
0xC000A200 W
0xC000A240 W
0xC000A280 W
0xC000A2C0 W
0xC000A300 W
0xC000A340 W
0xC000A380 W
0xC000A3C0 W
0xC000A400 W
0xC000A440 W
0xC000A480 W
0xC000A4C0 W
0xC000A500 W
0xC000A540 W
0xC000A580 W
0xC000A5C0 W
0xC000A600 W
0xC000A640 W
0xC000A680 W
0xC000A6C0 W
0xC000A700 W
0xC000A740 W
0xC000A780 W
0xC000A7C0 W
0xC000A800 W
0xC000A840 W
0xC000A880 W
0xC000A8C0 W
0xC000A900 W
0xC000A940 W
0xC000A980 W
0xC000A9C0 W
0xC000AA00 W
0xC000AA40 W
0xC000AA80 W
0xC000AAC0 W
0xC000AB00 W
0xC000AB40 W
0xC000AB80 W
0xC000ABC0 W
0xC000AC00 W
0xC000AC40 W
0xC000AC80 W
0xC000ACC0 W
0xC000AD00 W
0xC000AD40 W
0xC000AD80 W
0xC000ADC0 W
0xC000AE00 W
0xC000AE40 W
0xC000AE80 W
0xC000AEC0 W
0xC000AF00 W
0xC000AF40 W
0xC000AF80 W
0xC000AFC0 W
0xC000B000 W
0xC000B040 W
0xC000B080 W
0xC000B0C0 W
0xC000B100 W
0xC000B140 W
0xC000B180 W
0xC000B1C0 W
0xC000B200 W
0xC000B240 W
0xC000B280 W
0xC000B2C0 W
0xC000B300 W
0xC000B340 W
0xC000B380 W
0xC000B3C0 W
0xC000B400 W
0xC000B440 W
0xC000B480 W
0xC000B4C0 W
0xC000B500 W
0xC000B540 W
0xC000B580 W
0xC000B5C0 W
0xC000B600 W
0xC000B640 W
0xC000B680 W
0xC000B6C0 W
0xC000B700 W
0xC000B740 W
0xC000B780 W
0xC000B7C0 W
0xC000B800 W
0xC000B840 W
0xC000B880 W
0xC000B8C0 W
0xC000B900 W
0xC000B940 W
0xC000B980 W
0xC000B9C0 W
0xC000BA00 W
0xC000BA40 W
0xC000BA80 W
0xC000BAC0 W
0xC000BB00 W
0xC000BB40 W
0xC000BB80 W
0xC000BBC0 W
0xC000BC00 W
0xC000BC40 W
0xC000BC80 W
0xC000BCC0 W
0xC000BD00 W
0xC000BD40 W
0xC000BD80 W
0xC000BDC0 W
0xC000BE00 W
0xC000BE40 W
0xC000BE80 W
0xC000BEC0 W
0xC000BF00 W
0xC000BF40 W
0xC000BF80 W
0xC000BFC0 W
0xC000C000 W
0xC000C040 W
0xC000C080 W
0xC000C0C0 W
0xC000C100 W
0xC000C140 W
0xC000C180 W
0xC000C1C0 W
0xC000C200 W
0xC000C240 W
0xC000C280 W
0xC000C2C0 W
0xC000C300 W
0xC000C340 W
0xC000C380 W
0xC000C3C0 W
0xC000C400 W
0xC000C440 W
0xC000C480 W
0xC000C4C0 W
0xC000C500 W
0xC000C540 W
0xC000C580 W
0xC000C5C0 W
0xC000C600 W
0xC000C640 W
0xC000C680 W
0xC000C6C0 W
0xC000C700 W
0xC000C740 W
0xC000C780 W
0xC000C7C0 W
0xC000C800 W
0xC000C840 W
0xC000C880 W
0xC000C8C0 W
0xC000C900 W
0xC000C940 W
0xC000C980 W
0xC000C9C0 W
0xC000CA00 W
0xC000CA40 W
0xC000CA80 W
0xC000CAC0 W
0xC000CB00 W
0xC000CB40 W
0xC000CB80 W
0xC000CBC0 W
0xC000CC00 W
0xC000CC40 W
0xC000CC80 W
0xC000CCC0 W
0xC000CD00 W
0xC000CD40 W
0xC000CD80 W
0xC000CDC0 W
0xC000CE00 W
0xC000CE40 W
0xC000CE80 W
0xC000CEC0 W
0xC000CF00 W
0xC000CF40 W
0xC000CF80 W
0xC000CFC0 W
0xC000D000 W
0xC000D040 W
0xC000D080 W
0xC000D0C0 W
0xC000D100 W
0xC000D140 W
0xC000D180 W
0xC000D1C0 W
0xC000D200 W
0xC000D240 W
0xC000D280 W
0xC000D2C0 W
0xC000D300 W
0xC000D340 W
0xC000D380 W
0xC000D3C0 W
0xC000D400 W
0xC000D440 W
0xC000D480 W
0xC000D4C0 W
0xC000D500 W
0xC000D540 W
0xC000D580 W
0xC000D5C0 W
0xC000D600 W
0xC000D640 W
0xC000D680 W
0xC000D6C0 W
0xC000D700 W
0xC000D740 W
0xC000D780 W
0xC000D7C0 W
0xC000D800 W
0xC000D840 W
0xC000D880 W
0xC000D8C0 W
0xC000D900 W
0xC000D940 W
0xC000D980 W
0xC000D9C0 W
0xC000DA00 W
0xC000DA40 W
0xC000DA80 W
0xC000DAC0 W
0xC000DB00 W
0xC000DB40 W
0xC000DB80 W
0xC000DBC0 W
0xC000DC00 W
0xC000DC40 W
0xC000DC80 W
0xC000DCC0 W
0xC000DD00 W
0xC000DD40 W
0xC000DD80 W
0xC000DDC0 W
0xC000DE00 W
0xC000DE40 W
0xC000DE80 W
0xC000DEC0 W
0xC000DF00 W
0xC000DF40 W
0xC000DF80 W
0xC000DFC0 W
0xC000E000 W
0xC000E040 W
0xC000E080 W
0xC000E0C0 W
0xC000E100 W
0xC000E140 W
0xC000E180 W
0xC000E1C0 W
0xC000E200 W
0xC000E240 W
0xC000E280 W
0xC000E2C0 W
0xC000E300 W
0xC000E340 W
0xC000E380 W
0xC000E3C0 W
0xC000E400 W
0xC000E440 W
0xC000E480 W
0xC000E4C0 W
0xC000E500 W
0xC000E540 W
0xC000E580 W
0xC000E5C0 W
0xC000E600 W
0xC000E640 W
0xC000E680 W
0xC000E6C0 W
0xC000E700 W
0xC000E740 W
0xC000E780 W
0xC000E7C0 W
0xC000E800 W
0xC000E840 W
0xC000E880 W
0xC000E8C0 W
0xC000E900 W
0xC000E940 W
0xC000E980 W
0xC000E9C0 W
0xC000EA00 W
0xC000EA40 W
0xC000EA80 W
0xC000EAC0 W
0xC000EB00 W
0xC000EB40 W
0xC000EB80 W
0xC000EBC0 W
0xC000EC00 W
0xC000EC40 W
0xC000EC80 W
0xC000ECC0 W
0xC000ED00 W
0xC000ED40 W
0xC000ED80 W
0xC000EDC0 W
0xC000EE00 W
0xC000EE40 W
0xC000EE80 W
0xC000EEC0 W
0xC000EF00 W
0xC000EF40 W
0xC000EF80 W
0xC000EFC0 W
0xC000F000 W
0xC000F040 W
0xC000F080 W
0xC000F0C0 W
0xC000F100 W
0xC000F140 W
0xC000F180 W
0xC000F1C0 W
0xC000F200 W
0xC000F240 W
0xC000F280 W
0xC000F2C0 W
0xC000F300 W
0xC000F340 W
0xC000F380 W
0xC000F3C0 W
0xC000F400 W
0xC000F440 W
0xC000F480 W
0xC000F4C0 W
0xC000F500 W
0xC000F540 W
0xC000F580 W
0xC000F5C0 W
0xC000F600 W
0xC000F640 W
0xC000F680 W
0xC000F6C0 W
0xC000F700 W
0xC000F740 W
0xC000F780 W
0xC000F7C0 W
0xC000F800 W
0xC000F840 W
0xC000F880 W
0xC000F8C0 W
0xC000F900 W
0xC000F940 W
0xC000F980 W
0xC000F9C0 W
0xC000FA00 W
0xC000FA40 W
0xC000FA80 W
0xC000FAC0 W
0xC000FB00 W
0xC000FB40 W
0xC000FB80 W
0xC000FBC0 W
0xC000FC00 W
0xC000FC40 W
0xC000FC80 W
0xC000FCC0 W
0xC000FD00 W
0xC000FD40 W
0xC000FD80 W
0xC000FDC0 W
0xC000FE00 W
0xC000FE40 W
0xC000FE80 W
0xC000FEC0 W
0xC000FF00 W
0xC000FF40 W
0xC000FF80 W
0xC000FFC0 W
0xC0000000 R
0xC0000040 R
0xC0000080 R
0xC00000C0 R
0xC0000100 R
0xC0000140 R
0xC0000180 R
0xC00001C0 R
0xC0000200 R
0xC0000240 R
0xC0000280 R
0xC00002C0 R
0xC0000300 R
0xC0000340 R
0xC0000380 R
0xC00003C0 R
0xC0000400 R
0xC0000440 R
0xC0000480 R
0xC00004C0 R
0xC0000500 R
0xC0000540 R
0xC0000580 R
0xC00005C0 R
0xC0000600 R
0xC0000640 R
0xC0000680 R
0xC00006C0 R
0xC0000700 R
0xC0000740 R
0xC0000780 R
0xC00007C0 R
0xC0000800 R
0xC0000840 R
0xC0000880 R
0xC00008C0 R
0xC0000900 R
0xC0000940 R
0xC0000980 R
0xC00009C0 R
0xC0000A00 R
0xC0000A40 R
0xC0000A80 R
0xC0000AC0 R
0xC0000B00 R
0xC0000B40 R
0xC0000B80 R
0xC0000BC0 R
0xC0000C00 R
0xC0000C40 R
0xC0000C80 R
0xC0000CC0 R
0xC0000D00 R
0xC0000D40 R
0xC0000D80 R
0xC0000DC0 R
0xC0000E00 R
0xC0000E40 R
0xC0000E80 R
0xC0000EC0 R
0xC0000F00 R
0xC0000F40 R
0xC0000F80 R
0xC0000FC0 R
0xC0001000 R
0xC0001040 R
0xC0001080 R
0xC00010C0 R
0xC0001100 R
0xC0001140 R
0xC0001180 R
0xC00011C0 R
0xC0001200 R
0xC0001240 R
0xC0001280 R
0xC00012C0 R
0xC0001300 R
0xC0001340 R
0xC0001380 R
0xC00013C0 R
0xC0001400 R
0xC0001440 R
0xC0001480 R
0xC00014C0 R
0xC0001500 R
0xC0001540 R
0xC0001580 R
0xC00015C0 R
0xC0001600 R
0xC0001640 R
0xC0001680 R
0xC00016C0 R
0xC0001700 R
0xC0001740 R
0xC0001780 R
0xC00017C0 R
0xC0001800 R
0xC0001840 R
0xC0001880 R
0xC00018C0 R
0xC0001900 R
0xC0001940 R
0xC0001980 R
0xC00019C0 R
0xC0001A00 R
0xC0001A40 R
0xC0001A80 R
0xC0001AC0 R
0xC0001B00 R
0xC0001B40 R
0xC0001B80 R
0xC0001BC0 R
0xC0001C00 R
0xC0001C40 R
0xC0001C80 R
0xC0001CC0 R
0xC0001D00 R
0xC0001D40 R
0xC0001D80 R
0xC0001DC0 R
0xC0001E00 R
0xC0001E40 R
0xC0001E80 R
0xC0001EC0 R
0xC0001F00 R
0xC0001F40 R
0xC0001F80 R
0xC0001FC0 R
0xC0002000 R
0xC0002040 R
0xC0002080 R
0xC00020C0 R
0xC0002100 R
0xC0002140 R
0xC0002180 R
0xC00021C0 R
0xC0002200 R
0xC0002240 R
0xC0002280 R
0xC00022C0 R
0xC0002300 R
0xC0002340 R
0xC0002380 R
0xC00023C0 R
0xC0002400 R
0xC0002440 R
0xC0002480 R
0xC00024C0 R
0xC0002500 R
0xC0002540 R
0xC0002580 R
0xC00025C0 R
0xC0002600 R
0xC0002640 R
0xC0002680 R
0xC00026C0 R
0xC0002700 R
0xC0002740 R
0xC0002780 R
0xC00027C0 R
0xC0002800 R
0xC0002840 R
0xC0002880 R
0xC00028C0 R
0xC0002900 R
0xC0002940 R
0xC0002980 R
0xC00029C0 R
0xC0002A00 R
0xC0002A40 R
0xC0002A80 R
0xC0002AC0 R
0xC0002B00 R
0xC0002B40 R
0xC0002B80 R
0xC0002BC0 R
0xC0002C00 R
0xC0002C40 R
0xC0002C80 R
0xC0002CC0 R
0xC0002D00 R
0xC0002D40 R
0xC0002D80 R
0xC0002DC0 R
0xC0002E00 R
0xC0002E40 R
0xC0002E80 R
0xC0002EC0 R
0xC0002F00 R
0xC0002F40 R
0xC0002F80 R
0xC0002FC0 R
0xC0003000 R
0xC0003040 R
0xC0003080 R
0xC00030C0 R
0xC0003100 R
0xC0003140 R
0xC0003180 R
0xC00031C0 R
0xC0003200 R
0xC0003240 R
0xC0003280 R
0xC00032C0 R
0xC0003300 R
0xC0003340 R
0xC0003380 R
0xC00033C0 R
0xC0003400 R
0xC0003440 R
0xC0003480 R
0xC00034C0 R
0xC0003500 R
0xC0003540 R
0xC0003580 R
0xC00035C0 R
0xC0003600 R
0xC0003640 R
0xC0003680 R
0xC00036C0 R
0xC0003700 R
0xC0003740 R
0xC0003780 R
0xC00037C0 R
0xC0003800 R
0xC0003840 R
0xC0003880 R
0xC00038C0 R
0xC0003900 R
0xC0003940 R
0xC0003980 R
0xC00039C0 R
0xC0003A00 R
0xC0003A40 R
0xC0003A80 R
0xC0003AC0 R
0xC0003B00 R
0xC0003B40 R
0xC0003B80 R
0xC0003BC0 R
0xC0003C00 R
0xC0003C40 R
0xC0003C80 R
0xC0003CC0 R
0xC0003D00 R
0xC0003D40 R
0xC0003D80 R
0xC0003DC0 R
0xC0003E00 R
0xC0003E40 R
0xC0003E80 R
0xC0003EC0 R
0xC0003F00 R
0xC0003F40 R
0xC0003F80 R
0xC0003FC0 R
0xC0004000 R
0xC0004040 R
0xC0004080 R
0xC00040C0 R
0xC0004100 R
0xC0004140 R
0xC0004180 R
0xC00041C0 R
0xC0004200 R
0xC0004240 R
0xC0004280 R
0xC00042C0 R
0xC0004300 R
0xC0004340 R
0xC0004380 R
0xC00043C0 R
0xC0004400 R
0xC0004440 R
0xC0004480 R
0xC00044C0 R
0xC0004500 R
0xC0004540 R
0xC0004580 R
0xC00045C0 R
0xC0004600 R
0xC0004640 R
0xC0004680 R
0xC00046C0 R
0xC0004700 R
0xC0004740 R
0xC0004780 R
0xC00047C0 R
0xC0004800 R
0xC0004840 R
0xC0004880 R
0xC00048C0 R
0xC0004900 R
0xC0004940 R
0xC0004980 R
0xC00049C0 R
0xC0004A00 R
0xC0004A40 R
0xC0004A80 R
0xC0004AC0 R
0xC0004B00 R
0xC0004B40 R
0xC0004B80 R
0xC0004BC0 R
0xC0004C00 R
0xC0004C40 R
0xC0004C80 R
0xC0004CC0 R
0xC0004D00 R
0xC0004D40 R
0xC0004D80 R
0xC0004DC0 R
0xC0004E00 R
0xC0004E40 R
0xC0004E80 R
0xC0004EC0 R
0xC0004F00 R
0xC0004F40 R
0xC0004F80 R
0xC0004FC0 R
0xC0005000 R
0xC0005040 R
0xC0005080 R
0xC00050C0 R
0xC0005100 R
0xC0005140 R
0xC0005180 R
0xC00051C0 R
0xC0005200 R
0xC0005240 R
0xC0005280 R
0xC00052C0 R
0xC0005300 R
0xC0005340 R
0xC0005380 R
0xC00053C0 R
0xC0005400 R
0xC0005440 R
0xC0005480 R
0xC00054C0 R
0xC0005500 R
0xC0005540 R
0xC0005580 R
0xC00055C0 R
0xC0005600 R
0xC0005640 R
0xC0005680 R
0xC00056C0 R
0xC0005700 R
0xC0005740 R
0xC0005780 R
0xC00057C0 R
0xC0005800 R
0xC0005840 R
0xC0005880 R
0xC00058C0 R
0xC0005900 R
0xC0005940 R
0xC0005980 R
0xC00059C0 R
0xC0005A00 R
0xC0005A40 R
0xC0005A80 R
0xC0005AC0 R
0xC0005B00 R
0xC0005B40 R
0xC0005B80 R
0xC0005BC0 R
0xC0005C00 R
0xC0005C40 R
0xC0005C80 R
0xC0005CC0 R
0xC0005D00 R
0xC0005D40 R
0xC0005D80 R
0xC0005DC0 R
0xC0005E00 R
0xC0005E40 R
0xC0005E80 R
0xC0005EC0 R
0xC0005F00 R
0xC0005F40 R
0xC0005F80 R
0xC0005FC0 R
0xC0006000 R
0xC0006040 R
0xC0006080 R
0xC00060C0 R
0xC0006100 R
0xC0006140 R
0xC0006180 R
0xC00061C0 R
0xC0006200 R
0xC0006240 R
0xC0006280 R
0xC00062C0 R
0xC0006300 R
0xC0006340 R
0xC0006380 R
0xC00063C0 R
0xC0006400 R
0xC0006440 R
0xC0006480 R
0xC00064C0 R
0xC0006500 R
0xC0006540 R
0xC0006580 R
0xC00065C0 R
0xC0006600 R
0xC0006640 R
0xC0006680 R
0xC00066C0 R
0xC0006700 R
0xC0006740 R
0xC0006780 R
0xC00067C0 R
0xC0006800 R
0xC0006840 R
0xC0006880 R
0xC00068C0 R
0xC0006900 R
0xC0006940 R
0xC0006980 R
0xC00069C0 R
0xC0006A00 R
0xC0006A40 R
0xC0006A80 R
0xC0006AC0 R
0xC0006B00 R
0xC0006B40 R
0xC0006B80 R
0xC0006BC0 R
0xC0006C00 R
0xC0006C40 R
0xC0006C80 R
0xC0006CC0 R
0xC0006D00 R
0xC0006D40 R
0xC0006D80 R
0xC0006DC0 R
0xC0006E00 R
0xC0006E40 R
0xC0006E80 R
0xC0006EC0 R
0xC0006F00 R
0xC0006F40 R
0xC0006F80 R
0xC0006FC0 R
0xC0007000 R
0xC0007040 R
0xC0007080 R
0xC00070C0 R
0xC0007100 R
0xC0007140 R
0xC0007180 R
0xC00071C0 R
0xC0007200 R
0xC0007240 R
0xC0007280 R
0xC00072C0 R
0xC0007300 R
0xC0007340 R
0xC0007380 R
0xC00073C0 R
0xC0007400 R
0xC0007440 R
0xC0007480 R
0xC00074C0 R
0xC0007500 R
0xC0007540 R
0xC0007580 R
0xC00075C0 R
0xC0007600 R
0xC0007640 R
0xC0007680 R
0xC00076C0 R
0xC0007700 R
0xC0007740 R
0xC0007780 R
0xC00077C0 R
0xC0007800 R
0xC0007840 R
0xC0007880 R
0xC00078C0 R
0xC0007900 R
0xC0007940 R
0xC0007980 R
0xC00079C0 R
0xC0007A00 R
0xC0007A40 R
0xC0007A80 R
0xC0007AC0 R
0xC0007B00 R
0xC0007B40 R
0xC0007B80 R
0xC0007BC0 R
0xC0007C00 R
0xC0007C40 R
0xC0007C80 R
0xC0007CC0 R
0xC0007D00 R
0xC0007D40 R
0xC0007D80 R
0xC0007DC0 R
0xC0007E00 R
0xC0007E40 R
0xC0007E80 R
0xC0007EC0 R
0xC0007F00 R
0xC0007F40 R
0xC0007F80 R
0xC0007FC0 R
0xC0008000 R
0xC0008040 R
0xC0008080 R
0xC00080C0 R
0xC0008100 R
0xC0008140 R
0xC0008180 R
0xC00081C0 R
0xC0008200 R
0xC0008240 R
0xC0008280 R
0xC00082C0 R
0xC0008300 R
0xC0008340 R
0xC0008380 R
0xC00083C0 R
0xC0008400 R
0xC0008440 R
0xC0008480 R
0xC00084C0 R
0xC0008500 R
0xC0008540 R
0xC0008580 R
0xC00085C0 R
0xC0008600 R
0xC0008640 R
0xC0008680 R
0xC00086C0 R
0xC0008700 R
0xC0008740 R
0xC0008780 R
0xC00087C0 R
0xC0008800 R
0xC0008840 R
0xC0008880 R
0xC00088C0 R
0xC0008900 R
0xC0008940 R
0xC0008980 R
0xC00089C0 R
0xC0008A00 R
0xC0008A40 R
0xC0008A80 R
0xC0008AC0 R
0xC0008B00 R
0xC0008B40 R
0xC0008B80 R
0xC0008BC0 R
0xC0008C00 R
0xC0008C40 R
0xC0008C80 R
0xC0008CC0 R
0xC0008D00 R
0xC0008D40 R
0xC0008D80 R
0xC0008DC0 R
0xC0008E00 R
0xC0008E40 R
0xC0008E80 R
0xC0008EC0 R
0xC0008F00 R
0xC0008F40 R
0xC0008F80 R
0xC0008FC0 R
0xC0009000 R
0xC0009040 R
0xC0009080 R
0xC00090C0 R
0xC0009100 R
0xC0009140 R
0xC0009180 R
0xC00091C0 R
0xC0009200 R
0xC0009240 R
0xC0009280 R
0xC00092C0 R
0xC0009300 R
0xC0009340 R
0xC0009380 R
0xC00093C0 R
0xC0009400 R
0xC0009440 R
0xC0009480 R
0xC00094C0 R
0xC0009500 R
0xC0009540 R
0xC0009580 R
0xC00095C0 R
0xC0009600 R
0xC0009640 R
0xC0009680 R
0xC00096C0 R
0xC0009700 R
0xC0009740 R
0xC0009780 R
0xC00097C0 R
0xC0009800 R
0xC0009840 R
0xC0009880 R
0xC00098C0 R
0xC0009900 R
0xC0009940 R
0xC0009980 R
0xC00099C0 R
0xC0009A00 R
0xC0009A40 R
0xC0009A80 R
0xC0009AC0 R
0xC0009B00 R
0xC0009B40 R
0xC0009B80 R
0xC0009BC0 R
0xC0009C00 R
0xC0009C40 R
0xC0009C80 R
0xC0009CC0 R
0xC0009D00 R
0xC0009D40 R
0xC0009D80 R
0xC0009DC0 R
0xC0009E00 R
0xC0009E40 R
0xC0009E80 R
0xC0009EC0 R
0xC0009F00 R
0xC0009F40 R
0xC0009F80 R
0xC0009FC0 R
0xC000A000 R
0xC000A040 R
0xC000A080 R
0xC000A0C0 R
0xC000A100 R
0xC000A140 R
0xC000A180 R
0xC000A1C0 R
0xC000A200 R
0xC000A240 R
0xC000A280 R
0xC000A2C0 R
0xC000A300 R
0xC000A340 R
0xC000A380 R
0xC000A3C0 R
0xC000A400 R
0xC000A440 R
0xC000A480 R
0xC000A4C0 R
0xC000A500 R
0xC000A540 R
0xC000A580 R
0xC000A5C0 R
0xC000A600 R
0xC000A640 R
0xC000A680 R
0xC000A6C0 R
0xC000A700 R
0xC000A740 R
0xC000A780 R
0xC000A7C0 R
0xC000A800 R
0xC000A840 R
0xC000A880 R
0xC000A8C0 R
0xC000A900 R
0xC000A940 R
0xC000A980 R
0xC000A9C0 R
0xC000AA00 R
0xC000AA40 R
0xC000AA80 R
0xC000AAC0 R
0xC000AB00 R
0xC000AB40 R
0xC000AB80 R
0xC000ABC0 R
0xC000AC00 R
0xC000AC40 R
0xC000AC80 R
0xC000ACC0 R
0xC000AD00 R
0xC000AD40 R
0xC000AD80 R
0xC000ADC0 R
0xC000AE00 R
0xC000AE40 R
0xC000AE80 R
0xC000AEC0 R
0xC000AF00 R
0xC000AF40 R
0xC000AF80 R
0xC000AFC0 R
0xC000B000 R
0xC000B040 R
0xC000B080 R
0xC000B0C0 R
0xC000B100 R
0xC000B140 R
0xC000B180 R
0xC000B1C0 R
0xC000B200 R
0xC000B240 R
0xC000B280 R
0xC000B2C0 R
0xC000B300 R
0xC000B340 R
0xC000B380 R
0xC000B3C0 R
0xC000B400 R
0xC000B440 R
0xC000B480 R
0xC000B4C0 R
0xC000B500 R
0xC000B540 R
0xC000B580 R
0xC000B5C0 R
0xC000B600 R
0xC000B640 R
0xC000B680 R
0xC000B6C0 R
0xC000B700 R
0xC000B740 R
0xC000B780 R
0xC000B7C0 R
0xC000B800 R
0xC000B840 R
0xC000B880 R
0xC000B8C0 R
0xC000B900 R
0xC000B940 R
0xC000B980 R
0xC000B9C0 R
0xC000BA00 R
0xC000BA40 R
0xC000BA80 R
0xC000BAC0 R
0xC000BB00 R
0xC000BB40 R
0xC000BB80 R
0xC000BBC0 R
0xC000BC00 R
0xC000BC40 R
0xC000BC80 R
0xC000BCC0 R
0xC000BD00 R
0xC000BD40 R
0xC000BD80 R
0xC000BDC0 R
0xC000BE00 R
0xC000BE40 R
0xC000BE80 R
0xC000BEC0 R
0xC000BF00 R
0xC000BF40 R
0xC000BF80 R
0xC000BFC0 R
0xC000C000 R
0xC000C040 R
0xC000C080 R
0xC000C0C0 R
0xC000C100 R
0xC000C140 R
0xC000C180 R
0xC000C1C0 R
0xC000C200 R
0xC000C240 R
0xC000C280 R
0xC000C2C0 R
0xC000C300 R
0xC000C340 R
0xC000C380 R
0xC000C3C0 R
0xC000C400 R
0xC000C440 R
0xC000C480 R
0xC000C4C0 R
0xC000C500 R
0xC000C540 R
0xC000C580 R
0xC000C5C0 R
0xC000C600 R
0xC000C640 R
0xC000C680 R
0xC000C6C0 R
0xC000C700 R
0xC000C740 R
0xC000C780 R
0xC000C7C0 R
0xC000C800 R
0xC000C840 R
0xC000C880 R
0xC000C8C0 R
0xC000C900 R
0xC000C940 R
0xC000C980 R
0xC000C9C0 R
0xC000CA00 R
0xC000CA40 R
0xC000CA80 R
0xC000CAC0 R
0xC000CB00 R
0xC000CB40 R
0xC000CB80 R
0xC000CBC0 R
0xC000CC00 R
0xC000CC40 R
0xC000CC80 R
0xC000CCC0 R
0xC000CD00 R
0xC000CD40 R
0xC000CD80 R
0xC000CDC0 R
0xC000CE00 R
0xC000CE40 R
0xC000CE80 R
0xC000CEC0 R
0xC000CF00 R
0xC000CF40 R
0xC000CF80 R
0xC000CFC0 R
0xC000D000 R
0xC000D040 R
0xC000D080 R
0xC000D0C0 R
0xC000D100 R
0xC000D140 R
0xC000D180 R
0xC000D1C0 R
0xC000D200 R
0xC000D240 R
0xC000D280 R
0xC000D2C0 R
0xC000D300 R
0xC000D340 R
0xC000D380 R
0xC000D3C0 R
0xC000D400 R
0xC000D440 R
0xC000D480 R
0xC000D4C0 R
0xC000D500 R
0xC000D540 R
0xC000D580 R
0xC000D5C0 R
0xC000D600 R
0xC000D640 R
0xC000D680 R
0xC000D6C0 R
0xC000D700 R
0xC000D740 R
0xC000D780 R
0xC000D7C0 R
0xC000D800 R
0xC000D840 R
0xC000D880 R
0xC000D8C0 R
0xC000D900 R
0xC000D940 R
0xC000D980 R
0xC000D9C0 R
0xC000DA00 R
0xC000DA40 R
0xC000DA80 R
0xC000DAC0 R
0xC000DB00 R
0xC000DB40 R
0xC000DB80 R
0xC000DBC0 R
0xC000DC00 R
0xC000DC40 R
0xC000DC80 R
0xC000DCC0 R
0xC000DD00 R
0xC000DD40 R
0xC000DD80 R
0xC000DDC0 R
0xC000DE00 R
0xC000DE40 R
0xC000DE80 R
0xC000DEC0 R
0xC000DF00 R
0xC000DF40 R
0xC000DF80 R
0xC000DFC0 R
0xC000E000 R
0xC000E040 R
0xC000E080 R
0xC000E0C0 R
0xC000E100 R
0xC000E140 R
0xC000E180 R
0xC000E1C0 R
0xC000E200 R
0xC000E240 R
0xC000E280 R
0xC000E2C0 R
0xC000E300 R
0xC000E340 R
0xC000E380 R
0xC000E3C0 R
0xC000E400 R
0xC000E440 R
0xC000E480 R
0xC000E4C0 R
0xC000E500 R
0xC000E540 R
0xC000E580 R
0xC000E5C0 R
0xC000E600 R
0xC000E640 R
0xC000E680 R
0xC000E6C0 R
0xC000E700 R
0xC000E740 R
0xC000E780 R
0xC000E7C0 R
0xC000E800 R
0xC000E840 R
0xC000E880 R
0xC000E8C0 R
0xC000E900 R
0xC000E940 R
0xC000E980 R
0xC000E9C0 R
0xC000EA00 R
0xC000EA40 R
0xC000EA80 R
0xC000EAC0 R
0xC000EB00 R
0xC000EB40 R
0xC000EB80 R
0xC000EBC0 R
0xC000EC00 R
0xC000EC40 R
0xC000EC80 R
0xC000ECC0 R
0xC000ED00 R
0xC000ED40 R
0xC000ED80 R
0xC000EDC0 R
0xC000EE00 R
0xC000EE40 R
0xC000EE80 R
0xC000EEC0 R
0xC000EF00 R
0xC000EF40 R
0xC000EF80 R
0xC000EFC0 R
0xC000F000 R
0xC000F040 R
0xC000F080 R
0xC000F0C0 R
0xC000F100 R
0xC000F140 R
0xC000F180 R
0xC000F1C0 R
0xC000F200 R
0xC000F240 R
0xC000F280 R
0xC000F2C0 R
0xC000F300 R
0xC000F340 R
0xC000F380 R
0xC000F3C0 R
0xC000F400 R
0xC000F440 R
0xC000F480 R
0xC000F4C0 R
0xC000F500 R
0xC000F540 R
0xC000F580 R
0xC000F5C0 R
0xC000F600 R
0xC000F640 R
0xC000F680 R
0xC000F6C0 R
0xC000F700 R
0xC000F740 R
0xC000F780 R
0xC000F7C0 R
0xC000F800 R
0xC000F840 R
0xC000F880 R
0xC000F8C0 R
0xC000F900 R
0xC000F940 R
0xC000F980 R
0xC000F9C0 R
0xC000FA00 R
0xC000FA40 R
0xC000FA80 R
0xC000FAC0 R
0xC000FB00 R
0xC000FB40 R
0xC000FB80 R
0xC000FBC0 R
0xC000FC00 R
0xC000FC40 R
0xC000FC80 R
0xC000FCC0 R
0xC000FD00 R
0xC000FD40 R
0xC000FD80 R
0xC000FDC0 R
0xC000FE00 R
0xC000FE40 R
0xC000FE80 R
0xC000FEC0 R
0xC000FF00 R
0xC000FF40 R
0xC000FF80 R
0xC000FFC0 R
0xA0010000 R
0xA0010040 R
0xA0010080 R
0xA00100C0 R
0xA0010100 R
0xA0010140 R
0xA0010180 R
0xA00101C0 R
0xA0010200 R
0xA0010240 R
0xA0010280 R
0xA00102C0 R
0xA0010300 R
0xA0010340 R
0xA0010380 R
0xA00103C0 R
0xA0010400 R
0xA0010440 R
0xA0010480 R
0xA00104C0 R
0xA0010500 R
0xA0010540 R
0xA0010580 R
0xA00105C0 R
0xA0010600 R
0xA0010640 R
0xA0010680 R
0xA00106C0 R
0xA0010700 R
0xA0010740 R
0xA0010780 R
0xA00107C0 R
0xA0010800 R
0xA0010840 R
0xA0010880 R
0xA00108C0 R
0xA0010900 R
0xA0010940 R
0xA0010980 R
0xA00109C0 R
0xA0010A00 R
0xA0010A40 R
0xA0010A80 R
0xA0010AC0 R
0xA0010B00 R
0xA0010B40 R
0xA0010B80 R
0xA0010BC0 R
0xA0010C00 R
0xA0010C40 R
0xA0010C80 R
0xA0010CC0 R
0xA0010D00 R
0xA0010D40 R
0xA0010D80 R
0xA0010DC0 R
0xA0010E00 R
0xA0010E40 R
0xA0010E80 R
0xA0010EC0 R
0xA0010F00 R
0xA0010F40 R
0xA0010F80 R
0xA0010FC0 R
0xA0011000 R
0xA0011040 R
0xA0011080 R
0xA00110C0 R
0xA0011100 R
0xA0011140 R
0xA0011180 R
0xA00111C0 R
0xA0011200 R
0xA0011240 R
0xA0011280 R
0xA00112C0 R
0xA0011300 R
0xA0011340 R
0xA0011380 R
0xA00113C0 R
0xA0011400 R
0xA0011440 R
0xA0011480 R
0xA00114C0 R
0xA0011500 R
0xA0011540 R
0xA0011580 R
0xA00115C0 R
0xA0011600 R
0xA0011640 R
0xA0011680 R
0xA00116C0 R
0xA0011700 R
0xA0011740 R
0xA0011780 R
0xA00117C0 R
0xA0011800 R
0xA0011840 R
0xA0011880 R
0xA00118C0 R
0xA0011900 R
0xA0011940 R
0xA0011980 R
0xA00119C0 R
0xA0011A00 R
0xA0011A40 R
0xA0011A80 R
0xA0011AC0 R
0xA0011B00 R
0xA0011B40 R
0xA0011B80 R
0xA0011BC0 R
0xA0011C00 R
0xA0011C40 R
0xA0011C80 R
0xA0011CC0 R
0xA0011D00 R
0xA0011D40 R
0xA0011D80 R
0xA0011DC0 R
0xA0011E00 R
0xA0011E40 R
0xA0011E80 R
0xA0011EC0 R
0xA0011F00 R
0xA0011F40 R
0xA0011F80 R
0xA0011FC0 R
0xA0012000 R
0xA0012040 R
0xA0012080 R
0xA00120C0 R
0xA0012100 R
0xA0012140 R
0xA0012180 R
0xA00121C0 R
0xA0012200 R
0xA0012240 R
0xA0012280 R
0xA00122C0 R
0xA0012300 R
0xA0012340 R
0xA0012380 R
0xA00123C0 R
0xA0012400 R
0xA0012440 R
0xA0012480 R
0xA00124C0 R
0xA0012500 R
0xA0012540 R
0xA0012580 R
0xA00125C0 R
0xA0012600 R
0xA0012640 R
0xA0012680 R
0xA00126C0 R
0xA0012700 R
0xA0012740 R
0xA0012780 R
0xA00127C0 R
0xA0012800 R
0xA0012840 R
0xA0012880 R
0xA00128C0 R
0xA0012900 R
0xA0012940 R
0xA0012980 R
0xA00129C0 R
0xA0012A00 R
0xA0012A40 R
0xA0012A80 R
0xA0012AC0 R
0xA0012B00 R
0xA0012B40 R
0xA0012B80 R
0xA0012BC0 R
0xA0012C00 R
0xA0012C40 R
0xA0012C80 R
0xA0012CC0 R
0xA0012D00 R
0xA0012D40 R
0xA0012D80 R
0xA0012DC0 R
0xA0012E00 R
0xA0012E40 R
0xA0012E80 R
0xA0012EC0 R
0xA0012F00 R
0xA0012F40 R
0xA0012F80 R
0xA0012FC0 R
0xA0013000 R
0xA0013040 R
0xA0013080 R
0xA00130C0 R
0xA0013100 R
0xA0013140 R
0xA0013180 R
0xA00131C0 R
0xA0013200 R
0xA0013240 R
0xA0013280 R
0xA00132C0 R
0xA0013300 R
0xA0013340 R
0xA0013380 R
0xA00133C0 R
0xA0013400 R
0xA0013440 R
0xA0013480 R
0xA00134C0 R
0xA0013500 R
0xA0013540 R
0xA0013580 R
0xA00135C0 R
0xA0013600 R
0xA0013640 R
0xA0013680 R
0xA00136C0 R
0xA0013700 R
0xA0013740 R
0xA0013780 R
0xA00137C0 R
0xA0013800 R
0xA0013840 R
0xA0013880 R
0xA00138C0 R
0xA0013900 R
0xA0013940 R
0xA0013980 R
0xA00139C0 R
0xA0013A00 R
0xA0013A40 R
0xA0013A80 R
0xA0013AC0 R
0xA0013B00 R
0xA0013B40 R
0xA0013B80 R
0xA0013BC0 R
0xA0013C00 R
0xA0013C40 R
0xA0013C80 R
0xA0013CC0 R
0xA0013D00 R
0xA0013D40 R
0xA0013D80 R
0xA0013DC0 R
0xA0013E00 R
0xA0013E40 R
0xA0013E80 R
0xA0013EC0 R
0xA0013F00 R
0xA0013F40 R
0xA0013F80 R
0xA0013FC0 R
0xA0014000 R
0xA0014040 R
0xA0014080 R
0xA00140C0 R
0xA0014100 R
0xA0014140 R
0xA0014180 R
0xA00141C0 R
0xA0014200 R
0xA0014240 R
0xA0014280 R
0xA00142C0 R
0xA0014300 R
0xA0014340 R
0xA0014380 R
0xA00143C0 R
0xA0014400 R
0xA0014440 R
0xA0014480 R
0xA00144C0 R
0xA0014500 R
0xA0014540 R
0xA0014580 R
0xA00145C0 R
0xA0014600 R
0xA0014640 R
0xA0014680 R
0xA00146C0 R
0xA0014700 R
0xA0014740 R
0xA0014780 R
0xA00147C0 R
0xA0014800 R
0xA0014840 R
0xA0014880 R
0xA00148C0 R
0xA0014900 R
0xA0014940 R
0xA0014980 R
0xA00149C0 R
0xA0014A00 R
0xA0014A40 R
0xA0014A80 R
0xA0014AC0 R
0xA0014B00 R
0xA0014B40 R
0xA0014B80 R
0xA0014BC0 R
0xA0014C00 R
0xA0014C40 R
0xA0014C80 R
0xA0014CC0 R
0xA0014D00 R
0xA0014D40 R
0xA0014D80 R
0xA0014DC0 R
0xA0014E00 R
0xA0014E40 R
0xA0014E80 R
0xA0014EC0 R
0xA0014F00 R
0xA0014F40 R
0xA0014F80 R
0xA0014FC0 R
0xA0015000 R
0xA0015040 R
0xA0015080 R
0xA00150C0 R
0xA0015100 R
0xA0015140 R
0xA0015180 R
0xA00151C0 R
0xA0015200 R
0xA0015240 R
0xA0015280 R
0xA00152C0 R
0xA0015300 R
0xA0015340 R
0xA0015380 R
0xA00153C0 R
0xA0015400 R
0xA0015440 R
0xA0015480 R
0xA00154C0 R
0xA0015500 R
0xA0015540 R
0xA0015580 R
0xA00155C0 R
0xA0015600 R
0xA0015640 R
0xA0015680 R
0xA00156C0 R
0xA0015700 R
0xA0015740 R
0xA0015780 R
0xA00157C0 R
0xA0015800 R
0xA0015840 R
0xA0015880 R
0xA00158C0 R
0xA0015900 R
0xA0015940 R
0xA0015980 R
0xA00159C0 R
0xA0015A00 R
0xA0015A40 R
0xA0015A80 R
0xA0015AC0 R
0xA0015B00 R
0xA0015B40 R
0xA0015B80 R
0xA0015BC0 R
0xA0015C00 R
0xA0015C40 R
0xA0015C80 R
0xA0015CC0 R
0xA0015D00 R
0xA0015D40 R
0xA0015D80 R
0xA0015DC0 R
0xA0015E00 R
0xA0015E40 R
0xA0015E80 R
0xA0015EC0 R
0xA0015F00 R
0xA0015F40 R
0xA0015F80 R
0xA0015FC0 R
0xA0016000 R
0xA0016040 R
0xA0016080 R
0xA00160C0 R
0xA0016100 R
0xA0016140 R
0xA0016180 R
0xA00161C0 R
0xA0016200 R
0xA0016240 R
0xA0016280 R
0xA00162C0 R
0xA0016300 R
0xA0016340 R
0xA0016380 R
0xA00163C0 R
0xA0016400 R
0xA0016440 R
0xA0016480 R
0xA00164C0 R
0xA0016500 R
0xA0016540 R
0xA0016580 R
0xA00165C0 R
0xA0016600 R
0xA0016640 R
0xA0016680 R
0xA00166C0 R
0xA0016700 R
0xA0016740 R
0xA0016780 R
0xA00167C0 R
0xA0016800 R
0xA0016840 R
0xA0016880 R
0xA00168C0 R
0xA0016900 R
0xA0016940 R
0xA0016980 R
0xA00169C0 R
0xA0016A00 R
0xA0016A40 R
0xA0016A80 R
0xA0016AC0 R
0xA0016B00 R
0xA0016B40 R
0xA0016B80 R
0xA0016BC0 R
0xA0016C00 R
0xA0016C40 R
0xA0016C80 R
0xA0016CC0 R
0xA0016D00 R
0xA0016D40 R
0xA0016D80 R
0xA0016DC0 R
0xA0016E00 R
0xA0016E40 R
0xA0016E80 R
0xA0016EC0 R
0xA0016F00 R
0xA0016F40 R
0xA0016F80 R
0xA0016FC0 R
0xA0017000 R
0xA0017040 R
0xA0017080 R
0xA00170C0 R
0xA0017100 R
0xA0017140 R
0xA0017180 R
0xA00171C0 R
0xA0017200 R
0xA0017240 R
0xA0017280 R
0xA00172C0 R
0xA0017300 R
0xA0017340 R
0xA0017380 R
0xA00173C0 R
0xA0017400 R
0xA0017440 R
0xA0017480 R
0xA00174C0 R
0xA0017500 R
0xA0017540 R
0xA0017580 R
0xA00175C0 R
0xA0017600 R
0xA0017640 R
0xA0017680 R
0xA00176C0 R
0xA0017700 R
0xA0017740 R
0xA0017780 R
0xA00177C0 R
0xA0017800 R
0xA0017840 R
0xA0017880 R
0xA00178C0 R
0xA0017900 R
0xA0017940 R
0xA0017980 R
0xA00179C0 R
0xA0017A00 R
0xA0017A40 R
0xA0017A80 R
0xA0017AC0 R
0xA0017B00 R
0xA0017B40 R
0xA0017B80 R
0xA0017BC0 R
0xA0017C00 R
0xA0017C40 R
0xA0017C80 R
0xA0017CC0 R
0xA0017D00 R
0xA0017D40 R
0xA0017D80 R
0xA0017DC0 R
0xA0017E00 R
0xA0017E40 R
0xA0017E80 R
0xA0017EC0 R
0xA0017F00 R
0xA0017F40 R
0xA0017F80 R
0xA0017FC0 R
0xA0018000 R
0xA0018040 R
0xA0018080 R
0xA00180C0 R
0xA0018100 R
0xA0018140 R
0xA0018180 R
0xA00181C0 R
0xA0018200 R
0xA0018240 R
0xA0018280 R
0xA00182C0 R
0xA0018300 R
0xA0018340 R
0xA0018380 R
0xA00183C0 R
0xA0018400 R
0xA0018440 R
0xA0018480 R
0xA00184C0 R
0xA0018500 R
0xA0018540 R
0xA0018580 R
0xA00185C0 R
0xA0018600 R
0xA0018640 R
0xA0018680 R
0xA00186C0 R
0xA0018700 R
0xA0018740 R
0xA0018780 R
0xA00187C0 R
0xA0018800 R
0xA0018840 R
0xA0018880 R
0xA00188C0 R
0xA0018900 R
0xA0018940 R
0xA0018980 R
0xA00189C0 R
0xA0018A00 R
0xA0018A40 R
0xA0018A80 R
0xA0018AC0 R
0xA0018B00 R
0xA0018B40 R
0xA0018B80 R
0xA0018BC0 R
0xA0018C00 R
0xA0018C40 R
0xA0018C80 R
0xA0018CC0 R
0xA0018D00 R
0xA0018D40 R
0xA0018D80 R
0xA0018DC0 R
0xA0018E00 R
0xA0018E40 R
0xA0018E80 R
0xA0018EC0 R
0xA0018F00 R
0xA0018F40 R
0xA0018F80 R
0xA0018FC0 R
0xA0019000 R
0xA0019040 R
0xA0019080 R
0xA00190C0 R
0xA0019100 R
0xA0019140 R
0xA0019180 R
0xA00191C0 R
0xA0019200 R
0xA0019240 R
0xA0019280 R
0xA00192C0 R
0xA0019300 R
0xA0019340 R
0xA0019380 R
0xA00193C0 R
0xA0019400 R
0xA0019440 R
0xA0019480 R
0xA00194C0 R
0xA0019500 R
0xA0019540 R
0xA0019580 R
0xA00195C0 R
0xA0019600 R
0xA0019640 R
0xA0019680 R
0xA00196C0 R
0xA0019700 R
0xA0019740 R
0xA0019780 R
0xA00197C0 R
0xA0019800 R
0xA0019840 R
0xA0019880 R
0xA00198C0 R
0xA0019900 R
0xA0019940 R
0xA0019980 R
0xA00199C0 R
0xA0019A00 R
0xA0019A40 R
0xA0019A80 R
0xA0019AC0 R
0xA0019B00 R
0xA0019B40 R
0xA0019B80 R
0xA0019BC0 R
0xA0019C00 R
0xA0019C40 R
0xA0019C80 R
0xA0019CC0 R
0xA0019D00 R
0xA0019D40 R
0xA0019D80 R
0xA0019DC0 R
0xA0019E00 R
0xA0019E40 R
0xA0019E80 R
0xA0019EC0 R
0xA0019F00 R
0xA0019F40 R
0xA0019F80 R
0xA0019FC0 R
0xA001A000 R
0xA001A040 R
0xA001A080 R
0xA001A0C0 R
0xA001A100 R
0xA001A140 R
0xA001A180 R
0xA001A1C0 R
0xA001A200 R
0xA001A240 R
0xA001A280 R
0xA001A2C0 R
0xA001A300 R
0xA001A340 R
0xA001A380 R
0xA001A3C0 R
0xA001A400 R
0xA001A440 R
0xA001A480 R
0xA001A4C0 R
0xA001A500 R
0xA001A540 R
0xA001A580 R
0xA001A5C0 R
0xA001A600 R
0xA001A640 R
0xA001A680 R
0xA001A6C0 R
0xA001A700 R
0xA001A740 R
0xA001A780 R
0xA001A7C0 R
0xA001A800 R
0xA001A840 R
0xA001A880 R
0xA001A8C0 R
0xA001A900 R
0xA001A940 R
0xA001A980 R
0xA001A9C0 R
0xA001AA00 R
0xA001AA40 R
0xA001AA80 R
0xA001AAC0 R
0xA001AB00 R
0xA001AB40 R
0xA001AB80 R
0xA001ABC0 R
0xA001AC00 R
0xA001AC40 R
0xA001AC80 R
0xA001ACC0 R
0xA001AD00 R
0xA001AD40 R
0xA001AD80 R
0xA001ADC0 R
0xA001AE00 R
0xA001AE40 R
0xA001AE80 R
0xA001AEC0 R
0xA001AF00 R
0xA001AF40 R
0xA001AF80 R
0xA001AFC0 R
0xA001B000 R
0xA001B040 R
0xA001B080 R
0xA001B0C0 R
0xA001B100 R
0xA001B140 R
0xA001B180 R
0xA001B1C0 R
0xA001B200 R
0xA001B240 R
0xA001B280 R
0xA001B2C0 R
0xA001B300 R
0xA001B340 R
0xA001B380 R
0xA001B3C0 R
0xA001B400 R
0xA001B440 R
0xA001B480 R
0xA001B4C0 R
0xA001B500 R
0xA001B540 R
0xA001B580 R
0xA001B5C0 R
0xA001B600 R
0xA001B640 R
0xA001B680 R
0xA001B6C0 R
0xA001B700 R
0xA001B740 R
0xA001B780 R
0xA001B7C0 R
0xA001B800 R
0xA001B840 R
0xA001B880 R
0xA001B8C0 R
0xA001B900 R
0xA001B940 R
0xA001B980 R
0xA001B9C0 R
0xA001BA00 R
0xA001BA40 R
0xA001BA80 R
0xA001BAC0 R
0xA001BB00 R
0xA001BB40 R
0xA001BB80 R
0xA001BBC0 R
0xA001BC00 R
0xA001BC40 R
0xA001BC80 R
0xA001BCC0 R
0xA001BD00 R
0xA001BD40 R
0xA001BD80 R
0xA001BDC0 R
0xA001BE00 R
0xA001BE40 R
0xA001BE80 R
0xA001BEC0 R
0xA001BF00 R
0xA001BF40 R
0xA001BF80 R
0xA001BFC0 R
0xA001C000 R
0xA001C040 R
0xA001C080 R
0xA001C0C0 R
0xA001C100 R
0xA001C140 R
0xA001C180 R
0xA001C1C0 R
0xA001C200 R
0xA001C240 R
0xA001C280 R
0xA001C2C0 R
0xA001C300 R
0xA001C340 R
0xA001C380 R
0xA001C3C0 R
0xA001C400 R
0xA001C440 R
0xA001C480 R
0xA001C4C0 R
0xA001C500 R
0xA001C540 R
0xA001C580 R
0xA001C5C0 R
0xA001C600 R
0xA001C640 R
0xA001C680 R
0xA001C6C0 R
0xA001C700 R
0xA001C740 R
0xA001C780 R
0xA001C7C0 R
0xA001C800 R
0xA001C840 R
0xA001C880 R
0xA001C8C0 R
0xA001C900 R
0xA001C940 R
0xA001C980 R
0xA001C9C0 R
0xA001CA00 R
0xA001CA40 R
0xA001CA80 R
0xA001CAC0 R
0xA001CB00 R
0xA001CB40 R
0xA001CB80 R
0xA001CBC0 R
0xA001CC00 R
0xA001CC40 R
0xA001CC80 R
0xA001CCC0 R
0xA001CD00 R
0xA001CD40 R
0xA001CD80 R
0xA001CDC0 R
0xA001CE00 R
0xA001CE40 R
0xA001CE80 R
0xA001CEC0 R
0xA001CF00 R
0xA001CF40 R
0xA001CF80 R
0xA001CFC0 R
0xA001D000 R
0xA001D040 R
0xA001D080 R
0xA001D0C0 R
0xA001D100 R
0xA001D140 R
0xA001D180 R
0xA001D1C0 R
0xA001D200 R
0xA001D240 R
0xA001D280 R
0xA001D2C0 R
0xA001D300 R
0xA001D340 R
0xA001D380 R
0xA001D3C0 R
0xA001D400 R
0xA001D440 R
0xA001D480 R
0xA001D4C0 R
0xA001D500 R
0xA001D540 R
0xA001D580 R
0xA001D5C0 R
0xA001D600 R
0xA001D640 R
0xA001D680 R
0xA001D6C0 R
0xA001D700 R
0xA001D740 R
0xA001D780 R
0xA001D7C0 R
0xA001D800 R
0xA001D840 R
0xA001D880 R
0xA001D8C0 R
0xA001D900 R
0xA001D940 R
0xA001D980 R
0xA001D9C0 R
0xA001DA00 R
0xA001DA40 R
0xA001DA80 R
0xA001DAC0 R
0xA001DB00 R
0xA001DB40 R
0xA001DB80 R
0xA001DBC0 R
0xA001DC00 R
0xA001DC40 R
0xA001DC80 R
0xA001DCC0 R
0xA001DD00 R
0xA001DD40 R
0xA001DD80 R
0xA001DDC0 R
0xA001DE00 R
0xA001DE40 R
0xA001DE80 R
0xA001DEC0 R
0xA001DF00 R
0xA001DF40 R
0xA001DF80 R
0xA001DFC0 R
0xA001E000 R
0xA001E040 R
0xA001E080 R
0xA001E0C0 R
0xA001E100 R
0xA001E140 R
0xA001E180 R
0xA001E1C0 R
0xA001E200 R
0xA001E240 R
0xA001E280 R
0xA001E2C0 R
0xA001E300 R
0xA001E340 R
0xA001E380 R
0xA001E3C0 R
0xA001E400 R
0xA001E440 R
0xA001E480 R
0xA001E4C0 R
0xA001E500 R
0xA001E540 R
0xA001E580 R
0xA001E5C0 R
0xA001E600 R
0xA001E640 R
0xA001E680 R
0xA001E6C0 R
0xA001E700 R
0xA001E740 R
0xA001E780 R
0xA001E7C0 R
0xA001E800 R
0xA001E840 R
0xA001E880 R
0xA001E8C0 R
0xA001E900 R
0xA001E940 R
0xA001E980 R
0xA001E9C0 R
0xA001EA00 R
0xA001EA40 R
0xA001EA80 R
0xA001EAC0 R
0xA001EB00 R
0xA001EB40 R
0xA001EB80 R
0xA001EBC0 R
0xA001EC00 R
0xA001EC40 R
0xA001EC80 R
0xA001ECC0 R
0xA001ED00 R
0xA001ED40 R
0xA001ED80 R
0xA001EDC0 R
0xA001EE00 R
0xA001EE40 R
0xA001EE80 R
0xA001EEC0 R
0xA001EF00 R
0xA001EF40 R
0xA001EF80 R
0xA001EFC0 R
0xA001F000 R
0xA001F040 R
0xA001F080 R
0xA001F0C0 R
0xA001F100 R
0xA001F140 R
0xA001F180 R
0xA001F1C0 R
0xA001F200 R
0xA001F240 R
0xA001F280 R
0xA001F2C0 R
0xA001F300 R
0xA001F340 R
0xA001F380 R
0xA001F3C0 R
0xA001F400 R
0xA001F440 R
0xA001F480 R
0xA001F4C0 R
0xA001F500 R
0xA001F540 R
0xA001F580 R
0xA001F5C0 R
0xA001F600 R
0xA001F640 R
0xA001F680 R
0xA001F6C0 R
0xA001F700 R
0xA001F740 R
0xA001F780 R
0xA001F7C0 R
0xA001F800 R
0xA001F840 R
0xA001F880 R
0xA001F8C0 R
0xA001F900 R
0xA001F940 R
0xA001F980 R
0xA001F9C0 R
0xA001FA00 R
0xA001FA40 R
0xA001FA80 R
0xA001FAC0 R
0xA001FB00 R
0xA001FB40 R
0xA001FB80 R
0xA001FBC0 R
0xA001FC00 R
0xA001FC40 R
0xA001FC80 R
0xA001FCC0 R
0xA001FD00 R
0xA001FD40 R
0xA001FD80 R
0xA001FDC0 R
0xA001FE00 R
0xA001FE40 R
0xA001FE80 R
0xA001FEC0 R
0xA001FF00 R
0xA001FF40 R
0xA001FF80 R
0xA001FFC0 R
0xC0010000 W
0xC0010040 W
0xC0010080 W
0xC00100C0 W
0xC0010100 W
0xC0010140 W
0xC0010180 W
0xC00101C0 W
0xC0010200 W
0xC0010240 W
0xC0010280 W
0xC00102C0 W
0xC0010300 W
0xC0010340 W
0xC0010380 W
0xC00103C0 W
0xC0010400 W
0xC0010440 W
0xC0010480 W
0xC00104C0 W
0xC0010500 W
0xC0010540 W
0xC0010580 W
0xC00105C0 W
0xC0010600 W
0xC0010640 W
0xC0010680 W
0xC00106C0 W
0xC0010700 W
0xC0010740 W
0xC0010780 W
0xC00107C0 W
0xC0010800 W
0xC0010840 W
0xC0010880 W
0xC00108C0 W
0xC0010900 W
0xC0010940 W
0xC0010980 W
0xC00109C0 W
0xC0010A00 W
0xC0010A40 W
0xC0010A80 W
0xC0010AC0 W
0xC0010B00 W
0xC0010B40 W
0xC0010B80 W
0xC0010BC0 W
0xC0010C00 W
0xC0010C40 W
0xC0010C80 W
0xC0010CC0 W
0xC0010D00 W
0xC0010D40 W
0xC0010D80 W
0xC0010DC0 W
0xC0010E00 W
0xC0010E40 W
0xC0010E80 W
0xC0010EC0 W
0xC0010F00 W
0xC0010F40 W
0xC0010F80 W
0xC0010FC0 W
0xC0011000 W
0xC0011040 W
0xC0011080 W
0xC00110C0 W
0xC0011100 W
0xC0011140 W
0xC0011180 W
0xC00111C0 W
0xC0011200 W
0xC0011240 W
0xC0011280 W
0xC00112C0 W
0xC0011300 W
0xC0011340 W
0xC0011380 W
0xC00113C0 W
0xC0011400 W
0xC0011440 W
0xC0011480 W
0xC00114C0 W
0xC0011500 W
0xC0011540 W
0xC0011580 W
0xC00115C0 W
0xC0011600 W
0xC0011640 W
0xC0011680 W
0xC00116C0 W
0xC0011700 W
0xC0011740 W
0xC0011780 W
0xC00117C0 W
0xC0011800 W
0xC0011840 W
0xC0011880 W
0xC00118C0 W
0xC0011900 W
0xC0011940 W
0xC0011980 W
0xC00119C0 W
0xC0011A00 W
0xC0011A40 W
0xC0011A80 W
0xC0011AC0 W
0xC0011B00 W
0xC0011B40 W
0xC0011B80 W
0xC0011BC0 W
0xC0011C00 W
0xC0011C40 W
0xC0011C80 W
0xC0011CC0 W
0xC0011D00 W
0xC0011D40 W
0xC0011D80 W
0xC0011DC0 W
0xC0011E00 W
0xC0011E40 W
0xC0011E80 W
0xC0011EC0 W
0xC0011F00 W
0xC0011F40 W
0xC0011F80 W
0xC0011FC0 W
0xC0012000 W
0xC0012040 W
0xC0012080 W
0xC00120C0 W
0xC0012100 W
0xC0012140 W
0xC0012180 W
0xC00121C0 W
0xC0012200 W
0xC0012240 W
0xC0012280 W
0xC00122C0 W
0xC0012300 W
0xC0012340 W
0xC0012380 W
0xC00123C0 W
0xC0012400 W
0xC0012440 W
0xC0012480 W
0xC00124C0 W
0xC0012500 W
0xC0012540 W
0xC0012580 W
0xC00125C0 W
0xC0012600 W
0xC0012640 W
0xC0012680 W
0xC00126C0 W
0xC0012700 W
0xC0012740 W
0xC0012780 W
0xC00127C0 W
0xC0012800 W
0xC0012840 W
0xC0012880 W
0xC00128C0 W
0xC0012900 W
0xC0012940 W
0xC0012980 W
0xC00129C0 W
0xC0012A00 W
0xC0012A40 W
0xC0012A80 W
0xC0012AC0 W
0xC0012B00 W
0xC0012B40 W
0xC0012B80 W
0xC0012BC0 W
0xC0012C00 W
0xC0012C40 W
0xC0012C80 W
0xC0012CC0 W
0xC0012D00 W
0xC0012D40 W
0xC0012D80 W
0xC0012DC0 W
0xC0012E00 W
0xC0012E40 W
0xC0012E80 W
0xC0012EC0 W
0xC0012F00 W
0xC0012F40 W
0xC0012F80 W
0xC0012FC0 W
0xC0013000 W
0xC0013040 W
0xC0013080 W
0xC00130C0 W
0xC0013100 W
0xC0013140 W
0xC0013180 W
0xC00131C0 W
0xC0013200 W
0xC0013240 W
0xC0013280 W
0xC00132C0 W
0xC0013300 W
0xC0013340 W
0xC0013380 W
0xC00133C0 W
0xC0013400 W
0xC0013440 W
0xC0013480 W
0xC00134C0 W
0xC0013500 W
0xC0013540 W
0xC0013580 W
0xC00135C0 W
0xC0013600 W
0xC0013640 W
0xC0013680 W
0xC00136C0 W
0xC0013700 W
0xC0013740 W
0xC0013780 W
0xC00137C0 W
0xC0013800 W
0xC0013840 W
0xC0013880 W
0xC00138C0 W
0xC0013900 W
0xC0013940 W
0xC0013980 W
0xC00139C0 W
0xC0013A00 W
0xC0013A40 W
0xC0013A80 W
0xC0013AC0 W
0xC0013B00 W
0xC0013B40 W
0xC0013B80 W
0xC0013BC0 W
0xC0013C00 W
0xC0013C40 W
0xC0013C80 W
0xC0013CC0 W
0xC0013D00 W
0xC0013D40 W
0xC0013D80 W
0xC0013DC0 W
0xC0013E00 W
0xC0013E40 W
0xC0013E80 W
0xC0013EC0 W
0xC0013F00 W
0xC0013F40 W
0xC0013F80 W
0xC0013FC0 W
0xC0014000 W
0xC0014040 W
0xC0014080 W
0xC00140C0 W
0xC0014100 W
0xC0014140 W
0xC0014180 W
0xC00141C0 W
0xC0014200 W
0xC0014240 W
0xC0014280 W
0xC00142C0 W
0xC0014300 W
0xC0014340 W
0xC0014380 W
0xC00143C0 W
0xC0014400 W
0xC0014440 W
0xC0014480 W
0xC00144C0 W
0xC0014500 W
0xC0014540 W
0xC0014580 W
0xC00145C0 W
0xC0014600 W
0xC0014640 W
0xC0014680 W
0xC00146C0 W
0xC0014700 W
0xC0014740 W
0xC0014780 W
0xC00147C0 W
0xC0014800 W
0xC0014840 W
0xC0014880 W
0xC00148C0 W
0xC0014900 W
0xC0014940 W
0xC0014980 W
0xC00149C0 W
0xC0014A00 W
0xC0014A40 W
0xC0014A80 W
0xC0014AC0 W
0xC0014B00 W
0xC0014B40 W
0xC0014B80 W
0xC0014BC0 W
0xC0014C00 W
0xC0014C40 W
0xC0014C80 W
0xC0014CC0 W
0xC0014D00 W
0xC0014D40 W
0xC0014D80 W
0xC0014DC0 W
0xC0014E00 W
0xC0014E40 W
0xC0014E80 W
0xC0014EC0 W
0xC0014F00 W
0xC0014F40 W
0xC0014F80 W
0xC0014FC0 W
0xC0015000 W
0xC0015040 W
0xC0015080 W
0xC00150C0 W
0xC0015100 W
0xC0015140 W
0xC0015180 W
0xC00151C0 W
0xC0015200 W
0xC0015240 W
0xC0015280 W
0xC00152C0 W
0xC0015300 W
0xC0015340 W
0xC0015380 W
0xC00153C0 W
0xC0015400 W
0xC0015440 W
0xC0015480 W
0xC00154C0 W
0xC0015500 W
0xC0015540 W
0xC0015580 W
0xC00155C0 W
0xC0015600 W
0xC0015640 W
0xC0015680 W
0xC00156C0 W
0xC0015700 W
0xC0015740 W
0xC0015780 W
0xC00157C0 W
0xC0015800 W
0xC0015840 W
0xC0015880 W
0xC00158C0 W
0xC0015900 W
0xC0015940 W
0xC0015980 W
0xC00159C0 W
0xC0015A00 W
0xC0015A40 W
0xC0015A80 W
0xC0015AC0 W
0xC0015B00 W
0xC0015B40 W
0xC0015B80 W
0xC0015BC0 W
0xC0015C00 W
0xC0015C40 W
0xC0015C80 W
0xC0015CC0 W
0xC0015D00 W
0xC0015D40 W
0xC0015D80 W
0xC0015DC0 W
0xC0015E00 W
0xC0015E40 W
0xC0015E80 W
0xC0015EC0 W
0xC0015F00 W
0xC0015F40 W
0xC0015F80 W
0xC0015FC0 W
0xC0016000 W
0xC0016040 W
0xC0016080 W
0xC00160C0 W
0xC0016100 W
0xC0016140 W
0xC0016180 W
0xC00161C0 W
0xC0016200 W
0xC0016240 W
0xC0016280 W
0xC00162C0 W
0xC0016300 W
0xC0016340 W
0xC0016380 W
0xC00163C0 W
0xC0016400 W
0xC0016440 W
0xC0016480 W
0xC00164C0 W
0xC0016500 W
0xC0016540 W
0xC0016580 W
0xC00165C0 W
0xC0016600 W
0xC0016640 W
0xC0016680 W
0xC00166C0 W
0xC0016700 W
0xC0016740 W
0xC0016780 W
0xC00167C0 W
0xC0016800 W
0xC0016840 W
0xC0016880 W
0xC00168C0 W
0xC0016900 W
0xC0016940 W
0xC0016980 W
0xC00169C0 W
0xC0016A00 W
0xC0016A40 W
0xC0016A80 W
0xC0016AC0 W
0xC0016B00 W
0xC0016B40 W
0xC0016B80 W
0xC0016BC0 W
0xC0016C00 W
0xC0016C40 W
0xC0016C80 W
0xC0016CC0 W
0xC0016D00 W
0xC0016D40 W
0xC0016D80 W
0xC0016DC0 W
0xC0016E00 W
0xC0016E40 W
0xC0016E80 W
0xC0016EC0 W
0xC0016F00 W
0xC0016F40 W
0xC0016F80 W
0xC0016FC0 W
0xC0017000 W
0xC0017040 W
0xC0017080 W
0xC00170C0 W
0xC0017100 W
0xC0017140 W
0xC0017180 W
0xC00171C0 W
0xC0017200 W
0xC0017240 W
0xC0017280 W
0xC00172C0 W
0xC0017300 W
0xC0017340 W
0xC0017380 W
0xC00173C0 W
0xC0017400 W
0xC0017440 W
0xC0017480 W
0xC00174C0 W
0xC0017500 W
0xC0017540 W
0xC0017580 W
0xC00175C0 W
0xC0017600 W
0xC0017640 W
0xC0017680 W
0xC00176C0 W
0xC0017700 W
0xC0017740 W
0xC0017780 W
0xC00177C0 W
0xC0017800 W
0xC0017840 W
0xC0017880 W
0xC00178C0 W
0xC0017900 W
0xC0017940 W
0xC0017980 W
0xC00179C0 W
0xC0017A00 W
0xC0017A40 W
0xC0017A80 W
0xC0017AC0 W
0xC0017B00 W
0xC0017B40 W
0xC0017B80 W
0xC0017BC0 W
0xC0017C00 W
0xC0017C40 W
0xC0017C80 W
0xC0017CC0 W
0xC0017D00 W
0xC0017D40 W
0xC0017D80 W
0xC0017DC0 W
0xC0017E00 W
0xC0017E40 W
0xC0017E80 W
0xC0017EC0 W
0xC0017F00 W
0xC0017F40 W
0xC0017F80 W
0xC0017FC0 W
0xC0018000 W
0xC0018040 W
0xC0018080 W
0xC00180C0 W
0xC0018100 W
0xC0018140 W
0xC0018180 W
0xC00181C0 W
0xC0018200 W
0xC0018240 W
0xC0018280 W
0xC00182C0 W
0xC0018300 W
0xC0018340 W
0xC0018380 W
0xC00183C0 W
0xC0018400 W
0xC0018440 W
0xC0018480 W
0xC00184C0 W
0xC0018500 W
0xC0018540 W
0xC0018580 W
0xC00185C0 W
0xC0018600 W
0xC0018640 W
0xC0018680 W
0xC00186C0 W
0xC0018700 W
0xC0018740 W
0xC0018780 W
0xC00187C0 W
0xC0018800 W
0xC0018840 W
0xC0018880 W
0xC00188C0 W
0xC0018900 W
0xC0018940 W
0xC0018980 W
0xC00189C0 W
0xC0018A00 W
0xC0018A40 W
0xC0018A80 W
0xC0018AC0 W
0xC0018B00 W
0xC0018B40 W
0xC0018B80 W
0xC0018BC0 W
0xC0018C00 W
0xC0018C40 W
0xC0018C80 W
0xC0018CC0 W
0xC0018D00 W
0xC0018D40 W
0xC0018D80 W
0xC0018DC0 W
0xC0018E00 W
0xC0018E40 W
0xC0018E80 W
0xC0018EC0 W
0xC0018F00 W
0xC0018F40 W
0xC0018F80 W
0xC0018FC0 W
0xC0019000 W
0xC0019040 W
0xC0019080 W
0xC00190C0 W
0xC0019100 W
0xC0019140 W
0xC0019180 W
0xC00191C0 W
0xC0019200 W
0xC0019240 W
0xC0019280 W
0xC00192C0 W
0xC0019300 W
0xC0019340 W
0xC0019380 W
0xC00193C0 W
0xC0019400 W
0xC0019440 W
0xC0019480 W
0xC00194C0 W
0xC0019500 W
0xC0019540 W
0xC0019580 W
0xC00195C0 W
0xC0019600 W
0xC0019640 W
0xC0019680 W
0xC00196C0 W
0xC0019700 W
0xC0019740 W
0xC0019780 W
0xC00197C0 W
0xC0019800 W
0xC0019840 W
0xC0019880 W
0xC00198C0 W
0xC0019900 W
0xC0019940 W
0xC0019980 W
0xC00199C0 W
0xC0019A00 W
0xC0019A40 W
0xC0019A80 W
0xC0019AC0 W
0xC0019B00 W
0xC0019B40 W
0xC0019B80 W
0xC0019BC0 W
0xC0019C00 W
0xC0019C40 W
0xC0019C80 W
0xC0019CC0 W
0xC0019D00 W
0xC0019D40 W
0xC0019D80 W
0xC0019DC0 W
0xC0019E00 W
0xC0019E40 W
0xC0019E80 W
0xC0019EC0 W
0xC0019F00 W
0xC0019F40 W
0xC0019F80 W
0xC0019FC0 W
0xC001A000 W
0xC001A040 W
0xC001A080 W
0xC001A0C0 W
0xC001A100 W
0xC001A140 W
0xC001A180 W
0xC001A1C0 W
0xC001A200 W
0xC001A240 W
0xC001A280 W
0xC001A2C0 W
0xC001A300 W
0xC001A340 W
0xC001A380 W
0xC001A3C0 W
0xC001A400 W
0xC001A440 W
0xC001A480 W
0xC001A4C0 W
0xC001A500 W
0xC001A540 W
0xC001A580 W
0xC001A5C0 W
0xC001A600 W
0xC001A640 W
0xC001A680 W
0xC001A6C0 W
0xC001A700 W
0xC001A740 W
0xC001A780 W
0xC001A7C0 W
0xC001A800 W
0xC001A840 W
0xC001A880 W
0xC001A8C0 W
0xC001A900 W
0xC001A940 W
0xC001A980 W
0xC001A9C0 W
0xC001AA00 W
0xC001AA40 W
0xC001AA80 W
0xC001AAC0 W
0xC001AB00 W
0xC001AB40 W
0xC001AB80 W
0xC001ABC0 W
0xC001AC00 W
0xC001AC40 W
0xC001AC80 W
0xC001ACC0 W
0xC001AD00 W
0xC001AD40 W
0xC001AD80 W
0xC001ADC0 W
0xC001AE00 W
0xC001AE40 W
0xC001AE80 W
0xC001AEC0 W
0xC001AF00 W
0xC001AF40 W
0xC001AF80 W
0xC001AFC0 W
0xC001B000 W
0xC001B040 W
0xC001B080 W
0xC001B0C0 W
0xC001B100 W
0xC001B140 W
0xC001B180 W
0xC001B1C0 W
0xC001B200 W
0xC001B240 W
0xC001B280 W
0xC001B2C0 W
0xC001B300 W
0xC001B340 W
0xC001B380 W
0xC001B3C0 W
0xC001B400 W
0xC001B440 W
0xC001B480 W
0xC001B4C0 W
0xC001B500 W
0xC001B540 W
0xC001B580 W
0xC001B5C0 W
0xC001B600 W
0xC001B640 W
0xC001B680 W
0xC001B6C0 W
0xC001B700 W
0xC001B740 W
0xC001B780 W
0xC001B7C0 W
0xC001B800 W
0xC001B840 W
0xC001B880 W
0xC001B8C0 W
0xC001B900 W
0xC001B940 W
0xC001B980 W
0xC001B9C0 W
0xC001BA00 W
0xC001BA40 W
0xC001BA80 W
0xC001BAC0 W
0xC001BB00 W
0xC001BB40 W
0xC001BB80 W
0xC001BBC0 W
0xC001BC00 W
0xC001BC40 W
0xC001BC80 W
0xC001BCC0 W
0xC001BD00 W
0xC001BD40 W
0xC001BD80 W
0xC001BDC0 W
0xC001BE00 W
0xC001BE40 W
0xC001BE80 W
0xC001BEC0 W
0xC001BF00 W
0xC001BF40 W
0xC001BF80 W
0xC001BFC0 W
0xC001C000 W
0xC001C040 W
0xC001C080 W
0xC001C0C0 W
0xC001C100 W
0xC001C140 W
0xC001C180 W
0xC001C1C0 W
0xC001C200 W
0xC001C240 W
0xC001C280 W
0xC001C2C0 W
0xC001C300 W
0xC001C340 W
0xC001C380 W
0xC001C3C0 W
0xC001C400 W
0xC001C440 W
0xC001C480 W
0xC001C4C0 W
0xC001C500 W
0xC001C540 W
0xC001C580 W
0xC001C5C0 W
0xC001C600 W
0xC001C640 W
0xC001C680 W
0xC001C6C0 W
0xC001C700 W
0xC001C740 W
0xC001C780 W
0xC001C7C0 W
0xC001C800 W
0xC001C840 W
0xC001C880 W
0xC001C8C0 W
0xC001C900 W
0xC001C940 W
0xC001C980 W
0xC001C9C0 W
0xC001CA00 W
0xC001CA40 W
0xC001CA80 W
0xC001CAC0 W
0xC001CB00 W
0xC001CB40 W
0xC001CB80 W
0xC001CBC0 W
0xC001CC00 W
0xC001CC40 W
0xC001CC80 W
0xC001CCC0 W
0xC001CD00 W
0xC001CD40 W
0xC001CD80 W
0xC001CDC0 W
0xC001CE00 W
0xC001CE40 W
0xC001CE80 W
0xC001CEC0 W
0xC001CF00 W
0xC001CF40 W
0xC001CF80 W
0xC001CFC0 W
0xC001D000 W
0xC001D040 W
0xC001D080 W
0xC001D0C0 W
0xC001D100 W
0xC001D140 W
0xC001D180 W
0xC001D1C0 W
0xC001D200 W
0xC001D240 W
0xC001D280 W
0xC001D2C0 W
0xC001D300 W
0xC001D340 W
0xC001D380 W
0xC001D3C0 W
0xC001D400 W
0xC001D440 W
0xC001D480 W
0xC001D4C0 W
0xC001D500 W
0xC001D540 W
0xC001D580 W
0xC001D5C0 W
0xC001D600 W
0xC001D640 W
0xC001D680 W
0xC001D6C0 W
0xC001D700 W
0xC001D740 W
0xC001D780 W
0xC001D7C0 W
0xC001D800 W
0xC001D840 W
0xC001D880 W
0xC001D8C0 W
0xC001D900 W
0xC001D940 W
0xC001D980 W
0xC001D9C0 W
0xC001DA00 W
0xC001DA40 W
0xC001DA80 W
0xC001DAC0 W
0xC001DB00 W
0xC001DB40 W
0xC001DB80 W
0xC001DBC0 W
0xC001DC00 W
0xC001DC40 W
0xC001DC80 W
0xC001DCC0 W
0xC001DD00 W
0xC001DD40 W
0xC001DD80 W
0xC001DDC0 W
0xC001DE00 W
0xC001DE40 W
0xC001DE80 W
0xC001DEC0 W
0xC001DF00 W
0xC001DF40 W
0xC001DF80 W
0xC001DFC0 W
0xC001E000 W
0xC001E040 W
0xC001E080 W
0xC001E0C0 W
0xC001E100 W
0xC001E140 W
0xC001E180 W
0xC001E1C0 W
0xC001E200 W
0xC001E240 W
0xC001E280 W
0xC001E2C0 W
0xC001E300 W
0xC001E340 W
0xC001E380 W
0xC001E3C0 W
0xC001E400 W
0xC001E440 W
0xC001E480 W
0xC001E4C0 W
0xC001E500 W
0xC001E540 W
0xC001E580 W
0xC001E5C0 W
0xC001E600 W
0xC001E640 W
0xC001E680 W
0xC001E6C0 W
0xC001E700 W
0xC001E740 W
0xC001E780 W
0xC001E7C0 W
0xC001E800 W
0xC001E840 W
0xC001E880 W
0xC001E8C0 W
0xC001E900 W
0xC001E940 W
0xC001E980 W
0xC001E9C0 W
0xC001EA00 W
0xC001EA40 W
0xC001EA80 W
0xC001EAC0 W
0xC001EB00 W
0xC001EB40 W
0xC001EB80 W
0xC001EBC0 W
0xC001EC00 W
0xC001EC40 W
0xC001EC80 W
0xC001ECC0 W
0xC001ED00 W
0xC001ED40 W
0xC001ED80 W
0xC001EDC0 W
0xC001EE00 W
0xC001EE40 W
0xC001EE80 W
0xC001EEC0 W
0xC001EF00 W
0xC001EF40 W
0xC001EF80 W
0xC001EFC0 W
0xC001F000 W
0xC001F040 W
0xC001F080 W
0xC001F0C0 W
0xC001F100 W
0xC001F140 W
0xC001F180 W
0xC001F1C0 W
0xC001F200 W
0xC001F240 W
0xC001F280 W
0xC001F2C0 W
0xC001F300 W
0xC001F340 W
0xC001F380 W
0xC001F3C0 W
0xC001F400 W
0xC001F440 W
0xC001F480 W
0xC001F4C0 W
0xC001F500 W
0xC001F540 W
0xC001F580 W
0xC001F5C0 W
0xC001F600 W
0xC001F640 W
0xC001F680 W
0xC001F6C0 W
0xC001F700 W
0xC001F740 W
0xC001F780 W
0xC001F7C0 W
0xC001F800 W
0xC001F840 W
0xC001F880 W
0xC001F8C0 W
0xC001F900 W
0xC001F940 W
0xC001F980 W
0xC001F9C0 W
0xC001FA00 W
0xC001FA40 W
0xC001FA80 W
0xC001FAC0 W
0xC001FB00 W
0xC001FB40 W
0xC001FB80 W
0xC001FBC0 W
0xC001FC00 W
0xC001FC40 W
0xC001FC80 W
0xC001FCC0 W
0xC001FD00 W
0xC001FD40 W
0xC001FD80 W
0xC001FDC0 W
0xC001FE00 W
0xC001FE40 W
0xC001FE80 W
0xC001FEC0 W
0xC001FF00 W
0xC001FF40 W
0xC001FF80 W
0xC001FFC0 W
0xC0010000 R
0xC0010040 R
0xC0010080 R
0xC00100C0 R
0xC0010100 R
0xC0010140 R
0xC0010180 R
0xC00101C0 R
0xC0010200 R
0xC0010240 R
0xC0010280 R
0xC00102C0 R
0xC0010300 R
0xC0010340 R
0xC0010380 R
0xC00103C0 R
0xC0010400 R
0xC0010440 R
0xC0010480 R
0xC00104C0 R
0xC0010500 R
0xC0010540 R
0xC0010580 R
0xC00105C0 R
0xC0010600 R
0xC0010640 R
0xC0010680 R
0xC00106C0 R
0xC0010700 R
0xC0010740 R
0xC0010780 R
0xC00107C0 R
0xC0010800 R
0xC0010840 R
0xC0010880 R
0xC00108C0 R
0xC0010900 R
0xC0010940 R
0xC0010980 R
0xC00109C0 R
0xC0010A00 R
0xC0010A40 R
0xC0010A80 R
0xC0010AC0 R
0xC0010B00 R
0xC0010B40 R
0xC0010B80 R
0xC0010BC0 R
0xC0010C00 R
0xC0010C40 R
0xC0010C80 R
0xC0010CC0 R
0xC0010D00 R
0xC0010D40 R
0xC0010D80 R
0xC0010DC0 R
0xC0010E00 R
0xC0010E40 R
0xC0010E80 R
0xC0010EC0 R
0xC0010F00 R
0xC0010F40 R
0xC0010F80 R
0xC0010FC0 R
0xC0011000 R
0xC0011040 R
0xC0011080 R
0xC00110C0 R
0xC0011100 R
0xC0011140 R
0xC0011180 R
0xC00111C0 R
0xC0011200 R
0xC0011240 R
0xC0011280 R
0xC00112C0 R
0xC0011300 R
0xC0011340 R
0xC0011380 R
0xC00113C0 R
0xC0011400 R
0xC0011440 R
0xC0011480 R
0xC00114C0 R
0xC0011500 R
0xC0011540 R
0xC0011580 R
0xC00115C0 R
0xC0011600 R
0xC0011640 R
0xC0011680 R
0xC00116C0 R
0xC0011700 R
0xC0011740 R
0xC0011780 R
0xC00117C0 R
0xC0011800 R
0xC0011840 R
0xC0011880 R
0xC00118C0 R
0xC0011900 R
0xC0011940 R
0xC0011980 R
0xC00119C0 R
0xC0011A00 R
0xC0011A40 R
0xC0011A80 R
0xC0011AC0 R
0xC0011B00 R
0xC0011B40 R
0xC0011B80 R
0xC0011BC0 R
0xC0011C00 R
0xC0011C40 R
0xC0011C80 R
0xC0011CC0 R
0xC0011D00 R
0xC0011D40 R
0xC0011D80 R
0xC0011DC0 R
0xC0011E00 R
0xC0011E40 R
0xC0011E80 R
0xC0011EC0 R
0xC0011F00 R
0xC0011F40 R
0xC0011F80 R
0xC0011FC0 R
0xC0012000 R
0xC0012040 R
0xC0012080 R
0xC00120C0 R
0xC0012100 R
0xC0012140 R
0xC0012180 R
0xC00121C0 R
0xC0012200 R
0xC0012240 R
0xC0012280 R
0xC00122C0 R
0xC0012300 R
0xC0012340 R
0xC0012380 R
0xC00123C0 R
0xC0012400 R
0xC0012440 R
0xC0012480 R
0xC00124C0 R
0xC0012500 R
0xC0012540 R
0xC0012580 R
0xC00125C0 R
0xC0012600 R
0xC0012640 R
0xC0012680 R
0xC00126C0 R
0xC0012700 R
0xC0012740 R
0xC0012780 R
0xC00127C0 R
0xC0012800 R
0xC0012840 R
0xC0012880 R
0xC00128C0 R
0xC0012900 R
0xC0012940 R
0xC0012980 R
0xC00129C0 R
0xC0012A00 R
0xC0012A40 R
0xC0012A80 R
0xC0012AC0 R
0xC0012B00 R
0xC0012B40 R
0xC0012B80 R
0xC0012BC0 R
0xC0012C00 R
0xC0012C40 R
0xC0012C80 R
0xC0012CC0 R
0xC0012D00 R
0xC0012D40 R
0xC0012D80 R
0xC0012DC0 R
0xC0012E00 R
0xC0012E40 R
0xC0012E80 R
0xC0012EC0 R
0xC0012F00 R
0xC0012F40 R
0xC0012F80 R
0xC0012FC0 R
0xC0013000 R
0xC0013040 R
0xC0013080 R
0xC00130C0 R
0xC0013100 R
0xC0013140 R
0xC0013180 R
0xC00131C0 R
0xC0013200 R
0xC0013240 R
0xC0013280 R
0xC00132C0 R
0xC0013300 R
0xC0013340 R
0xC0013380 R
0xC00133C0 R
0xC0013400 R
0xC0013440 R
0xC0013480 R
0xC00134C0 R
0xC0013500 R
0xC0013540 R
0xC0013580 R
0xC00135C0 R
0xC0013600 R
0xC0013640 R
0xC0013680 R
0xC00136C0 R
0xC0013700 R
0xC0013740 R
0xC0013780 R
0xC00137C0 R
0xC0013800 R
0xC0013840 R
0xC0013880 R
0xC00138C0 R
0xC0013900 R
0xC0013940 R
0xC0013980 R
0xC00139C0 R
0xC0013A00 R
0xC0013A40 R
0xC0013A80 R
0xC0013AC0 R
0xC0013B00 R
0xC0013B40 R
0xC0013B80 R
0xC0013BC0 R
0xC0013C00 R
0xC0013C40 R
0xC0013C80 R
0xC0013CC0 R
0xC0013D00 R
0xC0013D40 R
0xC0013D80 R
0xC0013DC0 R
0xC0013E00 R
0xC0013E40 R
0xC0013E80 R
0xC0013EC0 R
0xC0013F00 R
0xC0013F40 R
0xC0013F80 R
0xC0013FC0 R
0xC0014000 R
0xC0014040 R
0xC0014080 R
0xC00140C0 R
0xC0014100 R
0xC0014140 R
0xC0014180 R
0xC00141C0 R
0xC0014200 R
0xC0014240 R
0xC0014280 R
0xC00142C0 R
0xC0014300 R
0xC0014340 R
0xC0014380 R
0xC00143C0 R
0xC0014400 R
0xC0014440 R
0xC0014480 R
0xC00144C0 R
0xC0014500 R
0xC0014540 R
0xC0014580 R
0xC00145C0 R
0xC0014600 R
0xC0014640 R
0xC0014680 R
0xC00146C0 R
0xC0014700 R
0xC0014740 R
0xC0014780 R
0xC00147C0 R
0xC0014800 R
0xC0014840 R
0xC0014880 R
0xC00148C0 R
0xC0014900 R
0xC0014940 R
0xC0014980 R
0xC00149C0 R
0xC0014A00 R
0xC0014A40 R
0xC0014A80 R
0xC0014AC0 R
0xC0014B00 R
0xC0014B40 R
0xC0014B80 R
0xC0014BC0 R
0xC0014C00 R
0xC0014C40 R
0xC0014C80 R
0xC0014CC0 R
0xC0014D00 R
0xC0014D40 R
0xC0014D80 R
0xC0014DC0 R
0xC0014E00 R
0xC0014E40 R
0xC0014E80 R
0xC0014EC0 R
0xC0014F00 R
0xC0014F40 R
0xC0014F80 R
0xC0014FC0 R
0xC0015000 R
0xC0015040 R
0xC0015080 R
0xC00150C0 R
0xC0015100 R
0xC0015140 R
0xC0015180 R
0xC00151C0 R
0xC0015200 R
0xC0015240 R
0xC0015280 R
0xC00152C0 R
0xC0015300 R
0xC0015340 R
0xC0015380 R
0xC00153C0 R
0xC0015400 R
0xC0015440 R
0xC0015480 R
0xC00154C0 R
0xC0015500 R
0xC0015540 R
0xC0015580 R
0xC00155C0 R
0xC0015600 R
0xC0015640 R
0xC0015680 R
0xC00156C0 R
0xC0015700 R
0xC0015740 R
0xC0015780 R
0xC00157C0 R
0xC0015800 R
0xC0015840 R
0xC0015880 R
0xC00158C0 R
0xC0015900 R
0xC0015940 R
0xC0015980 R
0xC00159C0 R
0xC0015A00 R
0xC0015A40 R
0xC0015A80 R
0xC0015AC0 R
0xC0015B00 R
0xC0015B40 R
0xC0015B80 R
0xC0015BC0 R
0xC0015C00 R
0xC0015C40 R
0xC0015C80 R
0xC0015CC0 R
0xC0015D00 R
0xC0015D40 R
0xC0015D80 R
0xC0015DC0 R
0xC0015E00 R
0xC0015E40 R
0xC0015E80 R
0xC0015EC0 R
0xC0015F00 R
0xC0015F40 R
0xC0015F80 R
0xC0015FC0 R
0xC0016000 R
0xC0016040 R
0xC0016080 R
0xC00160C0 R
0xC0016100 R
0xC0016140 R
0xC0016180 R
0xC00161C0 R
0xC0016200 R
0xC0016240 R
0xC0016280 R
0xC00162C0 R
0xC0016300 R
0xC0016340 R
0xC0016380 R
0xC00163C0 R
0xC0016400 R
0xC0016440 R
0xC0016480 R
0xC00164C0 R
0xC0016500 R
0xC0016540 R
0xC0016580 R
0xC00165C0 R
0xC0016600 R
0xC0016640 R
0xC0016680 R
0xC00166C0 R
0xC0016700 R
0xC0016740 R
0xC0016780 R
0xC00167C0 R
0xC0016800 R
0xC0016840 R
0xC0016880 R
0xC00168C0 R
0xC0016900 R
0xC0016940 R
0xC0016980 R
0xC00169C0 R
0xC0016A00 R
0xC0016A40 R
0xC0016A80 R
0xC0016AC0 R
0xC0016B00 R
0xC0016B40 R
0xC0016B80 R
0xC0016BC0 R
0xC0016C00 R
0xC0016C40 R
0xC0016C80 R
0xC0016CC0 R
0xC0016D00 R
0xC0016D40 R
0xC0016D80 R
0xC0016DC0 R
0xC0016E00 R
0xC0016E40 R
0xC0016E80 R
0xC0016EC0 R
0xC0016F00 R
0xC0016F40 R
0xC0016F80 R
0xC0016FC0 R
0xC0017000 R
0xC0017040 R
0xC0017080 R
0xC00170C0 R
0xC0017100 R
0xC0017140 R
0xC0017180 R
0xC00171C0 R
0xC0017200 R
0xC0017240 R
0xC0017280 R
0xC00172C0 R
0xC0017300 R
0xC0017340 R
0xC0017380 R
0xC00173C0 R
0xC0017400 R
0xC0017440 R
0xC0017480 R
0xC00174C0 R
0xC0017500 R
0xC0017540 R
0xC0017580 R
0xC00175C0 R
0xC0017600 R
0xC0017640 R
0xC0017680 R
0xC00176C0 R
0xC0017700 R
0xC0017740 R
0xC0017780 R
0xC00177C0 R
0xC0017800 R
0xC0017840 R
0xC0017880 R
0xC00178C0 R
0xC0017900 R
0xC0017940 R
0xC0017980 R
0xC00179C0 R
0xC0017A00 R
0xC0017A40 R
0xC0017A80 R
0xC0017AC0 R
0xC0017B00 R
0xC0017B40 R
0xC0017B80 R
0xC0017BC0 R
0xC0017C00 R
0xC0017C40 R
0xC0017C80 R
0xC0017CC0 R
0xC0017D00 R
0xC0017D40 R
0xC0017D80 R
0xC0017DC0 R
0xC0017E00 R
0xC0017E40 R
0xC0017E80 R
0xC0017EC0 R
0xC0017F00 R
0xC0017F40 R
0xC0017F80 R
0xC0017FC0 R
0xC0018000 R
0xC0018040 R
0xC0018080 R
0xC00180C0 R
0xC0018100 R
0xC0018140 R
0xC0018180 R
0xC00181C0 R
0xC0018200 R
0xC0018240 R
0xC0018280 R
0xC00182C0 R
0xC0018300 R
0xC0018340 R
0xC0018380 R
0xC00183C0 R
0xC0018400 R
0xC0018440 R
0xC0018480 R
0xC00184C0 R
0xC0018500 R
0xC0018540 R
0xC0018580 R
0xC00185C0 R
0xC0018600 R
0xC0018640 R
0xC0018680 R
0xC00186C0 R
0xC0018700 R
0xC0018740 R
0xC0018780 R
0xC00187C0 R
0xC0018800 R
0xC0018840 R
0xC0018880 R
0xC00188C0 R
0xC0018900 R
0xC0018940 R
0xC0018980 R
0xC00189C0 R
0xC0018A00 R
0xC0018A40 R
0xC0018A80 R
0xC0018AC0 R
0xC0018B00 R
0xC0018B40 R
0xC0018B80 R
0xC0018BC0 R
0xC0018C00 R
0xC0018C40 R
0xC0018C80 R
0xC0018CC0 R
0xC0018D00 R
0xC0018D40 R
0xC0018D80 R
0xC0018DC0 R
0xC0018E00 R
0xC0018E40 R
0xC0018E80 R
0xC0018EC0 R
0xC0018F00 R
0xC0018F40 R
0xC0018F80 R
0xC0018FC0 R
0xC0019000 R
0xC0019040 R
0xC0019080 R
0xC00190C0 R
0xC0019100 R
0xC0019140 R
0xC0019180 R
0xC00191C0 R
0xC0019200 R
0xC0019240 R
0xC0019280 R
0xC00192C0 R
0xC0019300 R
0xC0019340 R
0xC0019380 R
0xC00193C0 R
0xC0019400 R
0xC0019440 R
0xC0019480 R
0xC00194C0 R
0xC0019500 R
0xC0019540 R
0xC0019580 R
0xC00195C0 R
0xC0019600 R
0xC0019640 R
0xC0019680 R
0xC00196C0 R
0xC0019700 R
0xC0019740 R
0xC0019780 R
0xC00197C0 R
0xC0019800 R
0xC0019840 R
0xC0019880 R
0xC00198C0 R
0xC0019900 R
0xC0019940 R
0xC0019980 R
0xC00199C0 R
0xC0019A00 R
0xC0019A40 R
0xC0019A80 R
0xC0019AC0 R
0xC0019B00 R
0xC0019B40 R
0xC0019B80 R
0xC0019BC0 R
0xC0019C00 R
0xC0019C40 R
0xC0019C80 R
0xC0019CC0 R
0xC0019D00 R
0xC0019D40 R
0xC0019D80 R
0xC0019DC0 R
0xC0019E00 R
0xC0019E40 R
0xC0019E80 R
0xC0019EC0 R
0xC0019F00 R
0xC0019F40 R
0xC0019F80 R
0xC0019FC0 R
0xC001A000 R
0xC001A040 R
0xC001A080 R
0xC001A0C0 R
0xC001A100 R
0xC001A140 R
0xC001A180 R
0xC001A1C0 R
0xC001A200 R
0xC001A240 R
0xC001A280 R
0xC001A2C0 R
0xC001A300 R
0xC001A340 R
0xC001A380 R
0xC001A3C0 R
0xC001A400 R
0xC001A440 R
0xC001A480 R
0xC001A4C0 R
0xC001A500 R
0xC001A540 R
0xC001A580 R
0xC001A5C0 R
0xC001A600 R
0xC001A640 R
0xC001A680 R
0xC001A6C0 R
0xC001A700 R
0xC001A740 R
0xC001A780 R
0xC001A7C0 R
0xC001A800 R
0xC001A840 R
0xC001A880 R
0xC001A8C0 R
0xC001A900 R
0xC001A940 R
0xC001A980 R
0xC001A9C0 R
0xC001AA00 R
0xC001AA40 R
0xC001AA80 R
0xC001AAC0 R
0xC001AB00 R
0xC001AB40 R
0xC001AB80 R
0xC001ABC0 R
0xC001AC00 R
0xC001AC40 R
0xC001AC80 R
0xC001ACC0 R
0xC001AD00 R
0xC001AD40 R
0xC001AD80 R
0xC001ADC0 R
0xC001AE00 R
0xC001AE40 R
0xC001AE80 R
0xC001AEC0 R
0xC001AF00 R
0xC001AF40 R
0xC001AF80 R
0xC001AFC0 R
0xC001B000 R
0xC001B040 R
0xC001B080 R
0xC001B0C0 R
0xC001B100 R
0xC001B140 R
0xC001B180 R
0xC001B1C0 R
0xC001B200 R
0xC001B240 R
0xC001B280 R
0xC001B2C0 R
0xC001B300 R
0xC001B340 R
0xC001B380 R
0xC001B3C0 R
0xC001B400 R
0xC001B440 R
0xC001B480 R
0xC001B4C0 R
0xC001B500 R
0xC001B540 R
0xC001B580 R
0xC001B5C0 R
0xC001B600 R
0xC001B640 R
0xC001B680 R
0xC001B6C0 R
0xC001B700 R
0xC001B740 R
0xC001B780 R
0xC001B7C0 R
0xC001B800 R
0xC001B840 R
0xC001B880 R
0xC001B8C0 R
0xC001B900 R
0xC001B940 R
0xC001B980 R
0xC001B9C0 R
0xC001BA00 R
0xC001BA40 R
0xC001BA80 R
0xC001BAC0 R
0xC001BB00 R
0xC001BB40 R
0xC001BB80 R
0xC001BBC0 R
0xC001BC00 R
0xC001BC40 R
0xC001BC80 R
0xC001BCC0 R
0xC001BD00 R
0xC001BD40 R
0xC001BD80 R
0xC001BDC0 R
0xC001BE00 R
0xC001BE40 R
0xC001BE80 R
0xC001BEC0 R
0xC001BF00 R
0xC001BF40 R
0xC001BF80 R
0xC001BFC0 R
0xC001C000 R
0xC001C040 R
0xC001C080 R
0xC001C0C0 R
0xC001C100 R
0xC001C140 R
0xC001C180 R
0xC001C1C0 R
0xC001C200 R
0xC001C240 R
0xC001C280 R
0xC001C2C0 R
0xC001C300 R
0xC001C340 R
0xC001C380 R
0xC001C3C0 R
0xC001C400 R
0xC001C440 R
0xC001C480 R
0xC001C4C0 R
0xC001C500 R
0xC001C540 R
0xC001C580 R
0xC001C5C0 R
0xC001C600 R
0xC001C640 R
0xC001C680 R
0xC001C6C0 R
0xC001C700 R
0xC001C740 R
0xC001C780 R
0xC001C7C0 R
0xC001C800 R
0xC001C840 R
0xC001C880 R
0xC001C8C0 R
0xC001C900 R
0xC001C940 R
0xC001C980 R
0xC001C9C0 R
0xC001CA00 R
0xC001CA40 R
0xC001CA80 R
0xC001CAC0 R
0xC001CB00 R
0xC001CB40 R
0xC001CB80 R
0xC001CBC0 R
0xC001CC00 R
0xC001CC40 R
0xC001CC80 R
0xC001CCC0 R
0xC001CD00 R
0xC001CD40 R
0xC001CD80 R
0xC001CDC0 R
0xC001CE00 R
0xC001CE40 R
0xC001CE80 R
0xC001CEC0 R
0xC001CF00 R
0xC001CF40 R
0xC001CF80 R
0xC001CFC0 R
0xC001D000 R
0xC001D040 R
0xC001D080 R
0xC001D0C0 R
0xC001D100 R
0xC001D140 R
0xC001D180 R
0xC001D1C0 R
0xC001D200 R
0xC001D240 R
0xC001D280 R
0xC001D2C0 R
0xC001D300 R
0xC001D340 R
0xC001D380 R
0xC001D3C0 R
0xC001D400 R
0xC001D440 R
0xC001D480 R
0xC001D4C0 R
0xC001D500 R
0xC001D540 R
0xC001D580 R
0xC001D5C0 R
0xC001D600 R
0xC001D640 R
0xC001D680 R
0xC001D6C0 R
0xC001D700 R
0xC001D740 R
0xC001D780 R
0xC001D7C0 R
0xC001D800 R
0xC001D840 R
0xC001D880 R
0xC001D8C0 R
0xC001D900 R
0xC001D940 R
0xC001D980 R
0xC001D9C0 R
0xC001DA00 R
0xC001DA40 R
0xC001DA80 R
0xC001DAC0 R
0xC001DB00 R
0xC001DB40 R
0xC001DB80 R
0xC001DBC0 R
0xC001DC00 R
0xC001DC40 R
0xC001DC80 R
0xC001DCC0 R
0xC001DD00 R
0xC001DD40 R
0xC001DD80 R
0xC001DDC0 R
0xC001DE00 R
0xC001DE40 R
0xC001DE80 R
0xC001DEC0 R
0xC001DF00 R
0xC001DF40 R
0xC001DF80 R
0xC001DFC0 R
0xC001E000 R
0xC001E040 R
0xC001E080 R
0xC001E0C0 R
0xC001E100 R
0xC001E140 R
0xC001E180 R
0xC001E1C0 R
0xC001E200 R
0xC001E240 R
0xC001E280 R
0xC001E2C0 R
0xC001E300 R
0xC001E340 R
0xC001E380 R
0xC001E3C0 R
0xC001E400 R
0xC001E440 R
0xC001E480 R
0xC001E4C0 R
0xC001E500 R
0xC001E540 R
0xC001E580 R
0xC001E5C0 R
0xC001E600 R
0xC001E640 R
0xC001E680 R
0xC001E6C0 R
0xC001E700 R
0xC001E740 R
0xC001E780 R
0xC001E7C0 R
0xC001E800 R
0xC001E840 R
0xC001E880 R
0xC001E8C0 R
0xC001E900 R
0xC001E940 R
0xC001E980 R
0xC001E9C0 R
0xC001EA00 R
0xC001EA40 R
0xC001EA80 R
0xC001EAC0 R
0xC001EB00 R
0xC001EB40 R
0xC001EB80 R
0xC001EBC0 R
0xC001EC00 R
0xC001EC40 R
0xC001EC80 R
0xC001ECC0 R
0xC001ED00 R
0xC001ED40 R
0xC001ED80 R
0xC001EDC0 R
0xC001EE00 R
0xC001EE40 R
0xC001EE80 R
0xC001EEC0 R
0xC001EF00 R
0xC001EF40 R
0xC001EF80 R
0xC001EFC0 R
0xC001F000 R
0xC001F040 R
0xC001F080 R
0xC001F0C0 R
0xC001F100 R
0xC001F140 R
0xC001F180 R
0xC001F1C0 R
0xC001F200 R
0xC001F240 R
0xC001F280 R
0xC001F2C0 R
0xC001F300 R
0xC001F340 R
0xC001F380 R
0xC001F3C0 R
0xC001F400 R
0xC001F440 R
0xC001F480 R
0xC001F4C0 R
0xC001F500 R
0xC001F540 R
0xC001F580 R
0xC001F5C0 R
0xC001F600 R
0xC001F640 R
0xC001F680 R
0xC001F6C0 R
0xC001F700 R
0xC001F740 R
0xC001F780 R
0xC001F7C0 R
0xC001F800 R
0xC001F840 R
0xC001F880 R
0xC001F8C0 R
0xC001F900 R
0xC001F940 R
0xC001F980 R
0xC001F9C0 R
0xC001FA00 R
0xC001FA40 R
0xC001FA80 R
0xC001FAC0 R
0xC001FB00 R
0xC001FB40 R
0xC001FB80 R
0xC001FBC0 R
0xC001FC00 R
0xC001FC40 R
0xC001FC80 R
0xC001FCC0 R
0xC001FD00 R
0xC001FD40 R
0xC001FD80 R
0xC001FDC0 R
0xC001FE00 R
0xC001FE40 R
0xC001FE80 R
0xC001FEC0 R
0xC001FF00 R
0xC001FF40 R
0xC001FF80 R
0xC001FFC0 R
0xA0020000 R
0xA0020040 R
0xA0020080 R
0xA00200C0 R
0xA0020100 R
0xA0020140 R
0xA0020180 R
0xA00201C0 R
0xA0020200 R
0xA0020240 R
0xA0020280 R
0xA00202C0 R
0xA0020300 R
0xA0020340 R
0xA0020380 R
0xA00203C0 R
0xA0020400 R
0xA0020440 R
0xA0020480 R
0xA00204C0 R
0xA0020500 R
0xA0020540 R
0xA0020580 R
0xA00205C0 R
0xA0020600 R
0xA0020640 R
0xA0020680 R
0xA00206C0 R
0xA0020700 R
0xA0020740 R
0xA0020780 R
0xA00207C0 R
0xA0020800 R
0xA0020840 R
0xA0020880 R
0xA00208C0 R
0xA0020900 R
0xA0020940 R
0xA0020980 R
0xA00209C0 R
0xA0020A00 R
0xA0020A40 R
0xA0020A80 R
0xA0020AC0 R
0xA0020B00 R
0xA0020B40 R
0xA0020B80 R
0xA0020BC0 R
0xA0020C00 R
0xA0020C40 R
0xA0020C80 R
0xA0020CC0 R
0xA0020D00 R
0xA0020D40 R
0xA0020D80 R
0xA0020DC0 R
0xA0020E00 R
0xA0020E40 R
0xA0020E80 R
0xA0020EC0 R
0xA0020F00 R
0xA0020F40 R
0xA0020F80 R
0xA0020FC0 R
0xA0021000 R
0xA0021040 R
0xA0021080 R
0xA00210C0 R
0xA0021100 R
0xA0021140 R
0xA0021180 R
0xA00211C0 R
0xA0021200 R
0xA0021240 R
0xA0021280 R
0xA00212C0 R
0xA0021300 R
0xA0021340 R
0xA0021380 R
0xA00213C0 R
0xA0021400 R
0xA0021440 R
0xA0021480 R
0xA00214C0 R
0xA0021500 R
0xA0021540 R
0xA0021580 R
0xA00215C0 R
0xA0021600 R
0xA0021640 R
0xA0021680 R
0xA00216C0 R
0xA0021700 R
0xA0021740 R
0xA0021780 R
0xA00217C0 R
0xA0021800 R
0xA0021840 R
0xA0021880 R
0xA00218C0 R
0xA0021900 R
0xA0021940 R
0xA0021980 R
0xA00219C0 R
0xA0021A00 R
0xA0021A40 R
0xA0021A80 R
0xA0021AC0 R
0xA0021B00 R
0xA0021B40 R
0xA0021B80 R
0xA0021BC0 R
0xA0021C00 R
0xA0021C40 R
0xA0021C80 R
0xA0021CC0 R
0xA0021D00 R
0xA0021D40 R
0xA0021D80 R
0xA0021DC0 R
0xA0021E00 R
0xA0021E40 R
0xA0021E80 R
0xA0021EC0 R
0xA0021F00 R
0xA0021F40 R
0xA0021F80 R
0xA0021FC0 R
0xA0022000 R
0xA0022040 R
0xA0022080 R
0xA00220C0 R
0xA0022100 R
0xA0022140 R
0xA0022180 R
0xA00221C0 R
0xA0022200 R
0xA0022240 R
0xA0022280 R
0xA00222C0 R
0xA0022300 R
0xA0022340 R
0xA0022380 R
0xA00223C0 R
0xA0022400 R
0xA0022440 R
0xA0022480 R
0xA00224C0 R
0xA0022500 R
0xA0022540 R
0xA0022580 R
0xA00225C0 R
0xA0022600 R
0xA0022640 R
0xA0022680 R
0xA00226C0 R
0xA0022700 R
0xA0022740 R
0xA0022780 R
0xA00227C0 R
0xA0022800 R
0xA0022840 R
0xA0022880 R
0xA00228C0 R
0xA0022900 R
0xA0022940 R
0xA0022980 R
0xA00229C0 R
0xA0022A00 R
0xA0022A40 R
0xA0022A80 R
0xA0022AC0 R
0xA0022B00 R
0xA0022B40 R
0xA0022B80 R
0xA0022BC0 R
0xA0022C00 R
0xA0022C40 R
0xA0022C80 R
0xA0022CC0 R
0xA0022D00 R
0xA0022D40 R
0xA0022D80 R
0xA0022DC0 R
0xA0022E00 R
0xA0022E40 R
0xA0022E80 R
0xA0022EC0 R
0xA0022F00 R
0xA0022F40 R
0xA0022F80 R
0xA0022FC0 R
0xA0023000 R
0xA0023040 R
0xA0023080 R
0xA00230C0 R
0xA0023100 R
0xA0023140 R
0xA0023180 R
0xA00231C0 R
0xA0023200 R
0xA0023240 R
0xA0023280 R
0xA00232C0 R
0xA0023300 R
0xA0023340 R
0xA0023380 R
0xA00233C0 R
0xA0023400 R
0xA0023440 R
0xA0023480 R
0xA00234C0 R
0xA0023500 R
0xA0023540 R
0xA0023580 R
0xA00235C0 R
0xA0023600 R
0xA0023640 R
0xA0023680 R
0xA00236C0 R
0xA0023700 R
0xA0023740 R
0xA0023780 R
0xA00237C0 R
0xA0023800 R
0xA0023840 R
0xA0023880 R
0xA00238C0 R
0xA0023900 R
0xA0023940 R
0xA0023980 R
0xA00239C0 R
0xA0023A00 R
0xA0023A40 R
0xA0023A80 R
0xA0023AC0 R
0xA0023B00 R
0xA0023B40 R
0xA0023B80 R
0xA0023BC0 R
0xA0023C00 R
0xA0023C40 R
0xA0023C80 R
0xA0023CC0 R
0xA0023D00 R
0xA0023D40 R
0xA0023D80 R
0xA0023DC0 R
0xA0023E00 R
0xA0023E40 R
0xA0023E80 R
0xA0023EC0 R
0xA0023F00 R
0xA0023F40 R
0xA0023F80 R
0xA0023FC0 R
0xA0024000 R
0xA0024040 R
0xA0024080 R
0xA00240C0 R
0xA0024100 R
0xA0024140 R
0xA0024180 R
0xA00241C0 R
0xA0024200 R
0xA0024240 R
0xA0024280 R
0xA00242C0 R
0xA0024300 R
0xA0024340 R
0xA0024380 R
0xA00243C0 R
0xA0024400 R
0xA0024440 R
0xA0024480 R
0xA00244C0 R
0xA0024500 R
0xA0024540 R
0xA0024580 R
0xA00245C0 R
0xA0024600 R
0xA0024640 R
0xA0024680 R
0xA00246C0 R
0xA0024700 R
0xA0024740 R
0xA0024780 R
0xA00247C0 R
0xA0024800 R
0xA0024840 R
0xA0024880 R
0xA00248C0 R
0xA0024900 R
0xA0024940 R
0xA0024980 R
0xA00249C0 R
0xA0024A00 R
0xA0024A40 R
0xA0024A80 R
0xA0024AC0 R
0xA0024B00 R
0xA0024B40 R
0xA0024B80 R
0xA0024BC0 R
0xA0024C00 R
0xA0024C40 R
0xA0024C80 R
0xA0024CC0 R
0xA0024D00 R
0xA0024D40 R
0xA0024D80 R
0xA0024DC0 R
0xA0024E00 R
0xA0024E40 R
0xA0024E80 R
0xA0024EC0 R
0xA0024F00 R
0xA0024F40 R
0xA0024F80 R
0xA0024FC0 R
0xA0025000 R
0xA0025040 R
0xA0025080 R
0xA00250C0 R
0xA0025100 R
0xA0025140 R
0xA0025180 R
0xA00251C0 R
0xA0025200 R
0xA0025240 R
0xA0025280 R
0xA00252C0 R
0xA0025300 R
0xA0025340 R
0xA0025380 R
0xA00253C0 R
0xA0025400 R
0xA0025440 R
0xA0025480 R
0xA00254C0 R
0xA0025500 R
0xA0025540 R
0xA0025580 R
0xA00255C0 R
0xA0025600 R
0xA0025640 R
0xA0025680 R
0xA00256C0 R
0xA0025700 R
0xA0025740 R
0xA0025780 R
0xA00257C0 R
0xA0025800 R
0xA0025840 R
0xA0025880 R
0xA00258C0 R
0xA0025900 R
0xA0025940 R
0xA0025980 R
0xA00259C0 R
0xA0025A00 R
0xA0025A40 R
0xA0025A80 R
0xA0025AC0 R
0xA0025B00 R
0xA0025B40 R
0xA0025B80 R
0xA0025BC0 R
0xA0025C00 R
0xA0025C40 R
0xA0025C80 R
0xA0025CC0 R
0xA0025D00 R
0xA0025D40 R
0xA0025D80 R
0xA0025DC0 R
0xA0025E00 R
0xA0025E40 R
0xA0025E80 R
0xA0025EC0 R
0xA0025F00 R
0xA0025F40 R
0xA0025F80 R
0xA0025FC0 R
0xA0026000 R
0xA0026040 R
0xA0026080 R
0xA00260C0 R
0xA0026100 R
0xA0026140 R
0xA0026180 R
0xA00261C0 R
0xA0026200 R
0xA0026240 R
0xA0026280 R
0xA00262C0 R
0xA0026300 R
0xA0026340 R
0xA0026380 R
0xA00263C0 R
0xA0026400 R
0xA0026440 R
0xA0026480 R
0xA00264C0 R
0xA0026500 R
0xA0026540 R
0xA0026580 R
0xA00265C0 R
0xA0026600 R
0xA0026640 R
0xA0026680 R
0xA00266C0 R
0xA0026700 R
0xA0026740 R
0xA0026780 R
0xA00267C0 R
0xA0026800 R
0xA0026840 R
0xA0026880 R
0xA00268C0 R
0xA0026900 R
0xA0026940 R
0xA0026980 R
0xA00269C0 R
0xA0026A00 R
0xA0026A40 R
0xA0026A80 R
0xA0026AC0 R
0xA0026B00 R
0xA0026B40 R
0xA0026B80 R
0xA0026BC0 R
0xA0026C00 R
0xA0026C40 R
0xA0026C80 R
0xA0026CC0 R
0xA0026D00 R
0xA0026D40 R
0xA0026D80 R
0xA0026DC0 R
0xA0026E00 R
0xA0026E40 R
0xA0026E80 R
0xA0026EC0 R
0xA0026F00 R
0xA0026F40 R
0xA0026F80 R
0xA0026FC0 R
0xA0027000 R
0xA0027040 R
0xA0027080 R
0xA00270C0 R
0xA0027100 R
0xA0027140 R
0xA0027180 R
0xA00271C0 R
0xA0027200 R
0xA0027240 R
0xA0027280 R
0xA00272C0 R
0xA0027300 R
0xA0027340 R
0xA0027380 R
0xA00273C0 R
0xA0027400 R
0xA0027440 R
0xA0027480 R
0xA00274C0 R
0xA0027500 R
0xA0027540 R
0xA0027580 R
0xA00275C0 R
0xA0027600 R
0xA0027640 R
0xA0027680 R
0xA00276C0 R
0xA0027700 R
0xA0027740 R
0xA0027780 R
0xA00277C0 R
0xA0027800 R
0xA0027840 R
0xA0027880 R
0xA00278C0 R
0xA0027900 R
0xA0027940 R
0xA0027980 R
0xA00279C0 R
0xA0027A00 R
0xA0027A40 R
0xA0027A80 R
0xA0027AC0 R
0xA0027B00 R
0xA0027B40 R
0xA0027B80 R
0xA0027BC0 R
0xA0027C00 R
0xA0027C40 R
0xA0027C80 R
0xA0027CC0 R
0xA0027D00 R
0xA0027D40 R
0xA0027D80 R
0xA0027DC0 R
0xA0027E00 R
0xA0027E40 R
0xA0027E80 R
0xA0027EC0 R
0xA0027F00 R
0xA0027F40 R
0xA0027F80 R
0xA0027FC0 R
0xA0028000 R
0xA0028040 R
0xA0028080 R
0xA00280C0 R
0xA0028100 R
0xA0028140 R
0xA0028180 R
0xA00281C0 R
0xA0028200 R
0xA0028240 R
0xA0028280 R
0xA00282C0 R
0xA0028300 R
0xA0028340 R
0xA0028380 R
0xA00283C0 R
0xA0028400 R
0xA0028440 R
0xA0028480 R
0xA00284C0 R
0xA0028500 R
0xA0028540 R
0xA0028580 R
0xA00285C0 R
0xA0028600 R
0xA0028640 R
0xA0028680 R
0xA00286C0 R
0xA0028700 R
0xA0028740 R
0xA0028780 R
0xA00287C0 R
0xA0028800 R
0xA0028840 R
0xA0028880 R
0xA00288C0 R
0xA0028900 R
0xA0028940 R
0xA0028980 R
0xA00289C0 R
0xA0028A00 R
0xA0028A40 R
0xA0028A80 R
0xA0028AC0 R
0xA0028B00 R
0xA0028B40 R
0xA0028B80 R
0xA0028BC0 R
0xA0028C00 R
0xA0028C40 R
0xA0028C80 R
0xA0028CC0 R
0xA0028D00 R
0xA0028D40 R
0xA0028D80 R
0xA0028DC0 R
0xA0028E00 R
0xA0028E40 R
0xA0028E80 R
0xA0028EC0 R
0xA0028F00 R
0xA0028F40 R
0xA0028F80 R
0xA0028FC0 R
0xA0029000 R
0xA0029040 R
0xA0029080 R
0xA00290C0 R
0xA0029100 R
0xA0029140 R
0xA0029180 R
0xA00291C0 R
0xA0029200 R
0xA0029240 R
0xA0029280 R
0xA00292C0 R
0xA0029300 R
0xA0029340 R
0xA0029380 R
0xA00293C0 R
0xA0029400 R
0xA0029440 R
0xA0029480 R
0xA00294C0 R
0xA0029500 R
0xA0029540 R
0xA0029580 R
0xA00295C0 R
0xA0029600 R
0xA0029640 R
0xA0029680 R
0xA00296C0 R
0xA0029700 R
0xA0029740 R
0xA0029780 R
0xA00297C0 R
0xA0029800 R
0xA0029840 R
0xA0029880 R
0xA00298C0 R
0xA0029900 R
0xA0029940 R
0xA0029980 R
0xA00299C0 R
0xA0029A00 R
0xA0029A40 R
0xA0029A80 R
0xA0029AC0 R
0xA0029B00 R
0xA0029B40 R
0xA0029B80 R
0xA0029BC0 R
0xA0029C00 R
0xA0029C40 R
0xA0029C80 R
0xA0029CC0 R
0xA0029D00 R
0xA0029D40 R
0xA0029D80 R
0xA0029DC0 R
0xA0029E00 R
0xA0029E40 R
0xA0029E80 R
0xA0029EC0 R
0xA0029F00 R
0xA0029F40 R
0xA0029F80 R
0xA0029FC0 R
0xA002A000 R
0xA002A040 R
0xA002A080 R
0xA002A0C0 R
0xA002A100 R
0xA002A140 R
0xA002A180 R
0xA002A1C0 R
0xA002A200 R
0xA002A240 R
0xA002A280 R
0xA002A2C0 R
0xA002A300 R
0xA002A340 R
0xA002A380 R
0xA002A3C0 R
0xA002A400 R
0xA002A440 R
0xA002A480 R
0xA002A4C0 R
0xA002A500 R
0xA002A540 R
0xA002A580 R
0xA002A5C0 R
0xA002A600 R
0xA002A640 R
0xA002A680 R
0xA002A6C0 R
0xA002A700 R
0xA002A740 R
0xA002A780 R
0xA002A7C0 R
0xA002A800 R
0xA002A840 R
0xA002A880 R
0xA002A8C0 R
0xA002A900 R
0xA002A940 R
0xA002A980 R
0xA002A9C0 R
0xA002AA00 R
0xA002AA40 R
0xA002AA80 R
0xA002AAC0 R
0xA002AB00 R
0xA002AB40 R
0xA002AB80 R
0xA002ABC0 R
0xA002AC00 R
0xA002AC40 R
0xA002AC80 R
0xA002ACC0 R
0xA002AD00 R
0xA002AD40 R
0xA002AD80 R
0xA002ADC0 R
0xA002AE00 R
0xA002AE40 R
0xA002AE80 R
0xA002AEC0 R
0xA002AF00 R
0xA002AF40 R
0xA002AF80 R
0xA002AFC0 R
0xA002B000 R
0xA002B040 R
0xA002B080 R
0xA002B0C0 R
0xA002B100 R
0xA002B140 R
0xA002B180 R
0xA002B1C0 R
0xA002B200 R
0xA002B240 R
0xA002B280 R
0xA002B2C0 R
0xA002B300 R
0xA002B340 R
0xA002B380 R
0xA002B3C0 R
0xA002B400 R
0xA002B440 R
0xA002B480 R
0xA002B4C0 R
0xA002B500 R
0xA002B540 R
0xA002B580 R
0xA002B5C0 R
0xA002B600 R
0xA002B640 R
0xA002B680 R
0xA002B6C0 R
0xA002B700 R
0xA002B740 R
0xA002B780 R
0xA002B7C0 R
0xA002B800 R
0xA002B840 R
0xA002B880 R
0xA002B8C0 R
0xA002B900 R
0xA002B940 R
0xA002B980 R
0xA002B9C0 R
0xA002BA00 R
0xA002BA40 R
0xA002BA80 R
0xA002BAC0 R
0xA002BB00 R
0xA002BB40 R
0xA002BB80 R
0xA002BBC0 R
0xA002BC00 R
0xA002BC40 R
0xA002BC80 R
0xA002BCC0 R
0xA002BD00 R
0xA002BD40 R
0xA002BD80 R
0xA002BDC0 R
0xA002BE00 R
0xA002BE40 R
0xA002BE80 R
0xA002BEC0 R
0xA002BF00 R
0xA002BF40 R
0xA002BF80 R
0xA002BFC0 R
0xA002C000 R
0xA002C040 R
0xA002C080 R
0xA002C0C0 R
0xA002C100 R
0xA002C140 R
0xA002C180 R
0xA002C1C0 R
0xA002C200 R
0xA002C240 R
0xA002C280 R
0xA002C2C0 R
0xA002C300 R
0xA002C340 R
0xA002C380 R
0xA002C3C0 R
0xA002C400 R
0xA002C440 R
0xA002C480 R
0xA002C4C0 R
0xA002C500 R
0xA002C540 R
0xA002C580 R
0xA002C5C0 R
0xA002C600 R
0xA002C640 R
0xA002C680 R
0xA002C6C0 R
0xA002C700 R
0xA002C740 R
0xA002C780 R
0xA002C7C0 R
0xA002C800 R
0xA002C840 R
0xA002C880 R
0xA002C8C0 R
0xA002C900 R
0xA002C940 R
0xA002C980 R
0xA002C9C0 R
0xA002CA00 R
0xA002CA40 R
0xA002CA80 R
0xA002CAC0 R
0xA002CB00 R
0xA002CB40 R
0xA002CB80 R
0xA002CBC0 R
0xA002CC00 R
0xA002CC40 R
0xA002CC80 R
0xA002CCC0 R
0xA002CD00 R
0xA002CD40 R
0xA002CD80 R
0xA002CDC0 R
0xA002CE00 R
0xA002CE40 R
0xA002CE80 R
0xA002CEC0 R
0xA002CF00 R
0xA002CF40 R
0xA002CF80 R
0xA002CFC0 R
0xA002D000 R
0xA002D040 R
0xA002D080 R
0xA002D0C0 R
0xA002D100 R
0xA002D140 R
0xA002D180 R
0xA002D1C0 R
0xA002D200 R
0xA002D240 R
0xA002D280 R
0xA002D2C0 R
0xA002D300 R
0xA002D340 R
0xA002D380 R
0xA002D3C0 R
0xA002D400 R
0xA002D440 R
0xA002D480 R
0xA002D4C0 R
0xA002D500 R
0xA002D540 R
0xA002D580 R
0xA002D5C0 R
0xA002D600 R
0xA002D640 R
0xA002D680 R
0xA002D6C0 R
0xA002D700 R
0xA002D740 R
0xA002D780 R
0xA002D7C0 R
0xA002D800 R
0xA002D840 R
0xA002D880 R
0xA002D8C0 R
0xA002D900 R
0xA002D940 R
0xA002D980 R
0xA002D9C0 R
0xA002DA00 R
0xA002DA40 R
0xA002DA80 R
0xA002DAC0 R
0xA002DB00 R
0xA002DB40 R
0xA002DB80 R
0xA002DBC0 R
0xA002DC00 R
0xA002DC40 R
0xA002DC80 R
0xA002DCC0 R
0xA002DD00 R
0xA002DD40 R
0xA002DD80 R
0xA002DDC0 R
0xA002DE00 R
0xA002DE40 R
0xA002DE80 R
0xA002DEC0 R
0xA002DF00 R
0xA002DF40 R
0xA002DF80 R
0xA002DFC0 R
0xA002E000 R
0xA002E040 R
0xA002E080 R
0xA002E0C0 R
0xA002E100 R
0xA002E140 R
0xA002E180 R
0xA002E1C0 R
0xA002E200 R
0xA002E240 R
0xA002E280 R
0xA002E2C0 R
0xA002E300 R
0xA002E340 R
0xA002E380 R
0xA002E3C0 R
0xA002E400 R
0xA002E440 R
0xA002E480 R
0xA002E4C0 R
0xA002E500 R
0xA002E540 R
0xA002E580 R
0xA002E5C0 R
0xA002E600 R
0xA002E640 R
0xA002E680 R
0xA002E6C0 R
0xA002E700 R
0xA002E740 R
0xA002E780 R
0xA002E7C0 R
0xA002E800 R
0xA002E840 R
0xA002E880 R
0xA002E8C0 R
0xA002E900 R
0xA002E940 R
0xA002E980 R
0xA002E9C0 R
0xA002EA00 R
0xA002EA40 R
0xA002EA80 R
0xA002EAC0 R
0xA002EB00 R
0xA002EB40 R
0xA002EB80 R
0xA002EBC0 R
0xA002EC00 R
0xA002EC40 R
0xA002EC80 R
0xA002ECC0 R
0xA002ED00 R
0xA002ED40 R
0xA002ED80 R
0xA002EDC0 R
0xA002EE00 R
0xA002EE40 R
0xA002EE80 R
0xA002EEC0 R
0xA002EF00 R
0xA002EF40 R
0xA002EF80 R
0xA002EFC0 R
0xA002F000 R
0xA002F040 R
0xA002F080 R
0xA002F0C0 R
0xA002F100 R
0xA002F140 R
0xA002F180 R
0xA002F1C0 R
0xA002F200 R
0xA002F240 R
0xA002F280 R
0xA002F2C0 R
0xA002F300 R
0xA002F340 R
0xA002F380 R
0xA002F3C0 R
0xA002F400 R
0xA002F440 R
0xA002F480 R
0xA002F4C0 R
0xA002F500 R
0xA002F540 R
0xA002F580 R
0xA002F5C0 R
0xA002F600 R
0xA002F640 R
0xA002F680 R
0xA002F6C0 R
0xA002F700 R
0xA002F740 R
0xA002F780 R
0xA002F7C0 R
0xA002F800 R
0xA002F840 R
0xA002F880 R
0xA002F8C0 R
0xA002F900 R
0xA002F940 R
0xA002F980 R
0xA002F9C0 R
0xA002FA00 R
0xA002FA40 R
0xA002FA80 R
0xA002FAC0 R
0xA002FB00 R
0xA002FB40 R
0xA002FB80 R
0xA002FBC0 R
0xA002FC00 R
0xA002FC40 R
0xA002FC80 R
0xA002FCC0 R
0xA002FD00 R
0xA002FD40 R
0xA002FD80 R
0xA002FDC0 R
0xA002FE00 R
0xA002FE40 R
0xA002FE80 R
0xA002FEC0 R
0xA002FF00 R
0xA002FF40 R
0xA002FF80 R
0xA002FFC0 R
0xC0020000 W
0xC0020040 W
0xC0020080 W
0xC00200C0 W
0xC0020100 W
0xC0020140 W
0xC0020180 W
0xC00201C0 W
0xC0020200 W
0xC0020240 W
0xC0020280 W
0xC00202C0 W
0xC0020300 W
0xC0020340 W
0xC0020380 W
0xC00203C0 W
0xC0020400 W
0xC0020440 W
0xC0020480 W
0xC00204C0 W
0xC0020500 W
0xC0020540 W
0xC0020580 W
0xC00205C0 W
0xC0020600 W
0xC0020640 W
0xC0020680 W
0xC00206C0 W
0xC0020700 W
0xC0020740 W
0xC0020780 W
0xC00207C0 W
0xC0020800 W
0xC0020840 W
0xC0020880 W
0xC00208C0 W
0xC0020900 W
0xC0020940 W
0xC0020980 W
0xC00209C0 W
0xC0020A00 W
0xC0020A40 W
0xC0020A80 W
0xC0020AC0 W
0xC0020B00 W
0xC0020B40 W
0xC0020B80 W
0xC0020BC0 W
0xC0020C00 W
0xC0020C40 W
0xC0020C80 W
0xC0020CC0 W
0xC0020D00 W
0xC0020D40 W
0xC0020D80 W
0xC0020DC0 W
0xC0020E00 W
0xC0020E40 W
0xC0020E80 W
0xC0020EC0 W
0xC0020F00 W
0xC0020F40 W
0xC0020F80 W
0xC0020FC0 W
0xC0021000 W
0xC0021040 W
0xC0021080 W
0xC00210C0 W
0xC0021100 W
0xC0021140 W
0xC0021180 W
0xC00211C0 W
0xC0021200 W
0xC0021240 W
0xC0021280 W
0xC00212C0 W
0xC0021300 W
0xC0021340 W
0xC0021380 W
0xC00213C0 W
0xC0021400 W
0xC0021440 W
0xC0021480 W
0xC00214C0 W
0xC0021500 W
0xC0021540 W
0xC0021580 W
0xC00215C0 W
0xC0021600 W
0xC0021640 W
0xC0021680 W
0xC00216C0 W
0xC0021700 W
0xC0021740 W
0xC0021780 W
0xC00217C0 W
0xC0021800 W
0xC0021840 W
0xC0021880 W
0xC00218C0 W
0xC0021900 W
0xC0021940 W
0xC0021980 W
0xC00219C0 W
0xC0021A00 W
0xC0021A40 W
0xC0021A80 W
0xC0021AC0 W
0xC0021B00 W
0xC0021B40 W
0xC0021B80 W
0xC0021BC0 W
0xC0021C00 W
0xC0021C40 W
0xC0021C80 W
0xC0021CC0 W
0xC0021D00 W
0xC0021D40 W
0xC0021D80 W
0xC0021DC0 W
0xC0021E00 W
0xC0021E40 W
0xC0021E80 W
0xC0021EC0 W
0xC0021F00 W
0xC0021F40 W
0xC0021F80 W
0xC0021FC0 W
0xC0022000 W
0xC0022040 W
0xC0022080 W
0xC00220C0 W
0xC0022100 W
0xC0022140 W
0xC0022180 W
0xC00221C0 W
0xC0022200 W
0xC0022240 W
0xC0022280 W
0xC00222C0 W
0xC0022300 W
0xC0022340 W
0xC0022380 W
0xC00223C0 W
0xC0022400 W
0xC0022440 W
0xC0022480 W
0xC00224C0 W
0xC0022500 W
0xC0022540 W
0xC0022580 W
0xC00225C0 W
0xC0022600 W
0xC0022640 W
0xC0022680 W
0xC00226C0 W
0xC0022700 W
0xC0022740 W
0xC0022780 W
0xC00227C0 W
0xC0022800 W
0xC0022840 W
0xC0022880 W
0xC00228C0 W
0xC0022900 W
0xC0022940 W
0xC0022980 W
0xC00229C0 W
0xC0022A00 W
0xC0022A40 W
0xC0022A80 W
0xC0022AC0 W
0xC0022B00 W
0xC0022B40 W
0xC0022B80 W
0xC0022BC0 W
0xC0022C00 W
0xC0022C40 W
0xC0022C80 W
0xC0022CC0 W
0xC0022D00 W
0xC0022D40 W
0xC0022D80 W
0xC0022DC0 W
0xC0022E00 W
0xC0022E40 W
0xC0022E80 W
0xC0022EC0 W
0xC0022F00 W
0xC0022F40 W
0xC0022F80 W
0xC0022FC0 W
0xC0023000 W
0xC0023040 W
0xC0023080 W
0xC00230C0 W
0xC0023100 W
0xC0023140 W
0xC0023180 W
0xC00231C0 W
0xC0023200 W
0xC0023240 W
0xC0023280 W
0xC00232C0 W
0xC0023300 W
0xC0023340 W
0xC0023380 W
0xC00233C0 W
0xC0023400 W
0xC0023440 W
0xC0023480 W
0xC00234C0 W
0xC0023500 W
0xC0023540 W
0xC0023580 W
0xC00235C0 W
0xC0023600 W
0xC0023640 W
0xC0023680 W
0xC00236C0 W
0xC0023700 W
0xC0023740 W
0xC0023780 W
0xC00237C0 W
0xC0023800 W
0xC0023840 W
0xC0023880 W
0xC00238C0 W
0xC0023900 W
0xC0023940 W
0xC0023980 W
0xC00239C0 W
0xC0023A00 W
0xC0023A40 W
0xC0023A80 W
0xC0023AC0 W
0xC0023B00 W
0xC0023B40 W
0xC0023B80 W
0xC0023BC0 W
0xC0023C00 W
0xC0023C40 W
0xC0023C80 W
0xC0023CC0 W
0xC0023D00 W
0xC0023D40 W
0xC0023D80 W
0xC0023DC0 W
0xC0023E00 W
0xC0023E40 W
0xC0023E80 W
0xC0023EC0 W
0xC0023F00 W
0xC0023F40 W
0xC0023F80 W
0xC0023FC0 W
0xC0024000 W
0xC0024040 W
0xC0024080 W
0xC00240C0 W
0xC0024100 W
0xC0024140 W
0xC0024180 W
0xC00241C0 W
0xC0024200 W
0xC0024240 W
0xC0024280 W
0xC00242C0 W
0xC0024300 W
0xC0024340 W
0xC0024380 W
0xC00243C0 W
0xC0024400 W
0xC0024440 W
0xC0024480 W
0xC00244C0 W
0xC0024500 W
0xC0024540 W
0xC0024580 W
0xC00245C0 W
0xC0024600 W
0xC0024640 W
0xC0024680 W
0xC00246C0 W
0xC0024700 W
0xC0024740 W
0xC0024780 W
0xC00247C0 W
0xC0024800 W
0xC0024840 W
0xC0024880 W
0xC00248C0 W
0xC0024900 W
0xC0024940 W
0xC0024980 W
0xC00249C0 W
0xC0024A00 W
0xC0024A40 W
0xC0024A80 W
0xC0024AC0 W
0xC0024B00 W
0xC0024B40 W
0xC0024B80 W
0xC0024BC0 W
0xC0024C00 W
0xC0024C40 W
0xC0024C80 W
0xC0024CC0 W
0xC0024D00 W
0xC0024D40 W
0xC0024D80 W
0xC0024DC0 W
0xC0024E00 W
0xC0024E40 W
0xC0024E80 W
0xC0024EC0 W
0xC0024F00 W
0xC0024F40 W
0xC0024F80 W
0xC0024FC0 W
0xC0025000 W
0xC0025040 W
0xC0025080 W
0xC00250C0 W
0xC0025100 W
0xC0025140 W
0xC0025180 W
0xC00251C0 W
0xC0025200 W
0xC0025240 W
0xC0025280 W
0xC00252C0 W
0xC0025300 W
0xC0025340 W
0xC0025380 W
0xC00253C0 W
0xC0025400 W
0xC0025440 W
0xC0025480 W
0xC00254C0 W
0xC0025500 W
0xC0025540 W
0xC0025580 W
0xC00255C0 W
0xC0025600 W
0xC0025640 W
0xC0025680 W
0xC00256C0 W
0xC0025700 W
0xC0025740 W
0xC0025780 W
0xC00257C0 W
0xC0025800 W
0xC0025840 W
0xC0025880 W
0xC00258C0 W
0xC0025900 W
0xC0025940 W
0xC0025980 W
0xC00259C0 W
0xC0025A00 W
0xC0025A40 W
0xC0025A80 W
0xC0025AC0 W
0xC0025B00 W
0xC0025B40 W
0xC0025B80 W
0xC0025BC0 W
0xC0025C00 W
0xC0025C40 W
0xC0025C80 W
0xC0025CC0 W
0xC0025D00 W
0xC0025D40 W
0xC0025D80 W
0xC0025DC0 W
0xC0025E00 W
0xC0025E40 W
0xC0025E80 W
0xC0025EC0 W
0xC0025F00 W
0xC0025F40 W
0xC0025F80 W
0xC0025FC0 W
0xC0026000 W
0xC0026040 W
0xC0026080 W
0xC00260C0 W
0xC0026100 W
0xC0026140 W
0xC0026180 W
0xC00261C0 W
0xC0026200 W
0xC0026240 W
0xC0026280 W
0xC00262C0 W
0xC0026300 W
0xC0026340 W
0xC0026380 W
0xC00263C0 W
0xC0026400 W
0xC0026440 W
0xC0026480 W
0xC00264C0 W
0xC0026500 W
0xC0026540 W
0xC0026580 W
0xC00265C0 W
0xC0026600 W
0xC0026640 W
0xC0026680 W
0xC00266C0 W
0xC0026700 W
0xC0026740 W
0xC0026780 W
0xC00267C0 W
0xC0026800 W
0xC0026840 W
0xC0026880 W
0xC00268C0 W
0xC0026900 W
0xC0026940 W
0xC0026980 W
0xC00269C0 W
0xC0026A00 W
0xC0026A40 W
0xC0026A80 W
0xC0026AC0 W
0xC0026B00 W
0xC0026B40 W
0xC0026B80 W
0xC0026BC0 W
0xC0026C00 W
0xC0026C40 W
0xC0026C80 W
0xC0026CC0 W
0xC0026D00 W
0xC0026D40 W
0xC0026D80 W
0xC0026DC0 W
0xC0026E00 W
0xC0026E40 W
0xC0026E80 W
0xC0026EC0 W
0xC0026F00 W
0xC0026F40 W
0xC0026F80 W
0xC0026FC0 W
0xC0027000 W
0xC0027040 W
0xC0027080 W
0xC00270C0 W
0xC0027100 W
0xC0027140 W
0xC0027180 W
0xC00271C0 W
0xC0027200 W
0xC0027240 W
0xC0027280 W
0xC00272C0 W
0xC0027300 W
0xC0027340 W
0xC0027380 W
0xC00273C0 W
0xC0027400 W
0xC0027440 W
0xC0027480 W
0xC00274C0 W
0xC0027500 W
0xC0027540 W
0xC0027580 W
0xC00275C0 W
0xC0027600 W
0xC0027640 W
0xC0027680 W
0xC00276C0 W
0xC0027700 W
0xC0027740 W
0xC0027780 W
0xC00277C0 W
0xC0027800 W
0xC0027840 W
0xC0027880 W
0xC00278C0 W
0xC0027900 W
0xC0027940 W
0xC0027980 W
0xC00279C0 W
0xC0027A00 W
0xC0027A40 W
0xC0027A80 W
0xC0027AC0 W
0xC0027B00 W
0xC0027B40 W
0xC0027B80 W
0xC0027BC0 W
0xC0027C00 W
0xC0027C40 W
0xC0027C80 W
0xC0027CC0 W
0xC0027D00 W
0xC0027D40 W
0xC0027D80 W
0xC0027DC0 W
0xC0027E00 W
0xC0027E40 W
0xC0027E80 W
0xC0027EC0 W
0xC0027F00 W
0xC0027F40 W
0xC0027F80 W
0xC0027FC0 W
0xC0028000 W
0xC0028040 W
0xC0028080 W
0xC00280C0 W
0xC0028100 W
0xC0028140 W
0xC0028180 W
0xC00281C0 W
0xC0028200 W
0xC0028240 W
0xC0028280 W
0xC00282C0 W
0xC0028300 W
0xC0028340 W
0xC0028380 W
0xC00283C0 W
0xC0028400 W
0xC0028440 W
0xC0028480 W
0xC00284C0 W
0xC0028500 W
0xC0028540 W
0xC0028580 W
0xC00285C0 W
0xC0028600 W
0xC0028640 W
0xC0028680 W
0xC00286C0 W
0xC0028700 W
0xC0028740 W
0xC0028780 W
0xC00287C0 W
0xC0028800 W
0xC0028840 W
0xC0028880 W
0xC00288C0 W
0xC0028900 W
0xC0028940 W
0xC0028980 W
0xC00289C0 W
0xC0028A00 W
0xC0028A40 W
0xC0028A80 W
0xC0028AC0 W
0xC0028B00 W
0xC0028B40 W
0xC0028B80 W
0xC0028BC0 W
0xC0028C00 W
0xC0028C40 W
0xC0028C80 W
0xC0028CC0 W
0xC0028D00 W
0xC0028D40 W
0xC0028D80 W
0xC0028DC0 W
0xC0028E00 W
0xC0028E40 W
0xC0028E80 W
0xC0028EC0 W
0xC0028F00 W
0xC0028F40 W
0xC0028F80 W
0xC0028FC0 W
0xC0029000 W
0xC0029040 W
0xC0029080 W
0xC00290C0 W
0xC0029100 W
0xC0029140 W
0xC0029180 W
0xC00291C0 W
0xC0029200 W
0xC0029240 W
0xC0029280 W
0xC00292C0 W
0xC0029300 W
0xC0029340 W
0xC0029380 W
0xC00293C0 W
0xC0029400 W
0xC0029440 W
0xC0029480 W
0xC00294C0 W
0xC0029500 W
0xC0029540 W
0xC0029580 W
0xC00295C0 W
0xC0029600 W
0xC0029640 W
0xC0029680 W
0xC00296C0 W
0xC0029700 W
0xC0029740 W
0xC0029780 W
0xC00297C0 W
0xC0029800 W
0xC0029840 W
0xC0029880 W
0xC00298C0 W
0xC0029900 W
0xC0029940 W
0xC0029980 W
0xC00299C0 W
0xC0029A00 W
0xC0029A40 W
0xC0029A80 W
0xC0029AC0 W
0xC0029B00 W
0xC0029B40 W
0xC0029B80 W
0xC0029BC0 W
0xC0029C00 W
0xC0029C40 W
0xC0029C80 W
0xC0029CC0 W
0xC0029D00 W
0xC0029D40 W
0xC0029D80 W
0xC0029DC0 W
0xC0029E00 W
0xC0029E40 W
0xC0029E80 W
0xC0029EC0 W
0xC0029F00 W
0xC0029F40 W
0xC0029F80 W
0xC0029FC0 W
0xC002A000 W
0xC002A040 W
0xC002A080 W
0xC002A0C0 W
0xC002A100 W
0xC002A140 W
0xC002A180 W
0xC002A1C0 W
0xC002A200 W
0xC002A240 W
0xC002A280 W
0xC002A2C0 W
0xC002A300 W
0xC002A340 W
0xC002A380 W
0xC002A3C0 W
0xC002A400 W
0xC002A440 W
0xC002A480 W
0xC002A4C0 W
0xC002A500 W
0xC002A540 W
0xC002A580 W
0xC002A5C0 W
0xC002A600 W
0xC002A640 W
0xC002A680 W
0xC002A6C0 W
0xC002A700 W
0xC002A740 W
0xC002A780 W
0xC002A7C0 W
0xC002A800 W
0xC002A840 W
0xC002A880 W
0xC002A8C0 W
0xC002A900 W
0xC002A940 W
0xC002A980 W
0xC002A9C0 W
0xC002AA00 W
0xC002AA40 W
0xC002AA80 W
0xC002AAC0 W
0xC002AB00 W
0xC002AB40 W
0xC002AB80 W
0xC002ABC0 W
0xC002AC00 W
0xC002AC40 W
0xC002AC80 W
0xC002ACC0 W
0xC002AD00 W
0xC002AD40 W
0xC002AD80 W
0xC002ADC0 W
0xC002AE00 W
0xC002AE40 W
0xC002AE80 W
0xC002AEC0 W
0xC002AF00 W
0xC002AF40 W
0xC002AF80 W
0xC002AFC0 W
0xC002B000 W
0xC002B040 W
0xC002B080 W
0xC002B0C0 W
0xC002B100 W
0xC002B140 W
0xC002B180 W
0xC002B1C0 W
0xC002B200 W
0xC002B240 W
0xC002B280 W
0xC002B2C0 W
0xC002B300 W
0xC002B340 W
0xC002B380 W
0xC002B3C0 W
0xC002B400 W
0xC002B440 W
0xC002B480 W
0xC002B4C0 W
0xC002B500 W
0xC002B540 W
0xC002B580 W
0xC002B5C0 W
0xC002B600 W
0xC002B640 W
0xC002B680 W
0xC002B6C0 W
0xC002B700 W
0xC002B740 W
0xC002B780 W
0xC002B7C0 W
0xC002B800 W
0xC002B840 W
0xC002B880 W
0xC002B8C0 W
0xC002B900 W
0xC002B940 W
0xC002B980 W
0xC002B9C0 W
0xC002BA00 W
0xC002BA40 W
0xC002BA80 W
0xC002BAC0 W
0xC002BB00 W
0xC002BB40 W
0xC002BB80 W
0xC002BBC0 W
0xC002BC00 W
0xC002BC40 W
0xC002BC80 W
0xC002BCC0 W
0xC002BD00 W
0xC002BD40 W
0xC002BD80 W
0xC002BDC0 W
0xC002BE00 W
0xC002BE40 W
0xC002BE80 W
0xC002BEC0 W
0xC002BF00 W
0xC002BF40 W
0xC002BF80 W
0xC002BFC0 W
0xC002C000 W
0xC002C040 W
0xC002C080 W
0xC002C0C0 W
0xC002C100 W
0xC002C140 W
0xC002C180 W
0xC002C1C0 W
0xC002C200 W
0xC002C240 W
0xC002C280 W
0xC002C2C0 W
0xC002C300 W
0xC002C340 W
0xC002C380 W
0xC002C3C0 W
0xC002C400 W
0xC002C440 W
0xC002C480 W
0xC002C4C0 W
0xC002C500 W
0xC002C540 W
0xC002C580 W
0xC002C5C0 W
0xC002C600 W
0xC002C640 W
0xC002C680 W
0xC002C6C0 W
0xC002C700 W
0xC002C740 W
0xC002C780 W
0xC002C7C0 W
0xC002C800 W
0xC002C840 W
0xC002C880 W
0xC002C8C0 W
0xC002C900 W
0xC002C940 W
0xC002C980 W
0xC002C9C0 W
0xC002CA00 W
0xC002CA40 W
0xC002CA80 W
0xC002CAC0 W
0xC002CB00 W
0xC002CB40 W
0xC002CB80 W
0xC002CBC0 W
0xC002CC00 W
0xC002CC40 W
0xC002CC80 W
0xC002CCC0 W
0xC002CD00 W
0xC002CD40 W
0xC002CD80 W
0xC002CDC0 W
0xC002CE00 W
0xC002CE40 W
0xC002CE80 W
0xC002CEC0 W
0xC002CF00 W
0xC002CF40 W
0xC002CF80 W
0xC002CFC0 W
0xC002D000 W
0xC002D040 W
0xC002D080 W
0xC002D0C0 W
0xC002D100 W
0xC002D140 W
0xC002D180 W
0xC002D1C0 W
0xC002D200 W
0xC002D240 W
0xC002D280 W
0xC002D2C0 W
0xC002D300 W
0xC002D340 W
0xC002D380 W
0xC002D3C0 W
0xC002D400 W
0xC002D440 W
0xC002D480 W
0xC002D4C0 W
0xC002D500 W
0xC002D540 W
0xC002D580 W
0xC002D5C0 W
0xC002D600 W
0xC002D640 W
0xC002D680 W
0xC002D6C0 W
0xC002D700 W
0xC002D740 W
0xC002D780 W
0xC002D7C0 W
0xC002D800 W
0xC002D840 W
0xC002D880 W
0xC002D8C0 W
0xC002D900 W
0xC002D940 W
0xC002D980 W
0xC002D9C0 W
0xC002DA00 W
0xC002DA40 W
0xC002DA80 W
0xC002DAC0 W
0xC002DB00 W
0xC002DB40 W
0xC002DB80 W
0xC002DBC0 W
0xC002DC00 W
0xC002DC40 W
0xC002DC80 W
0xC002DCC0 W
0xC002DD00 W
0xC002DD40 W
0xC002DD80 W
0xC002DDC0 W
0xC002DE00 W
0xC002DE40 W
0xC002DE80 W
0xC002DEC0 W
0xC002DF00 W
0xC002DF40 W
0xC002DF80 W
0xC002DFC0 W
0xC002E000 W
0xC002E040 W
0xC002E080 W
0xC002E0C0 W
0xC002E100 W
0xC002E140 W
0xC002E180 W
0xC002E1C0 W
0xC002E200 W
0xC002E240 W
0xC002E280 W
0xC002E2C0 W
0xC002E300 W
0xC002E340 W
0xC002E380 W
0xC002E3C0 W
0xC002E400 W
0xC002E440 W
0xC002E480 W
0xC002E4C0 W
0xC002E500 W
0xC002E540 W
0xC002E580 W
0xC002E5C0 W
0xC002E600 W
0xC002E640 W
0xC002E680 W
0xC002E6C0 W
0xC002E700 W
0xC002E740 W
0xC002E780 W
0xC002E7C0 W
0xC002E800 W
0xC002E840 W
0xC002E880 W
0xC002E8C0 W
0xC002E900 W
0xC002E940 W
0xC002E980 W
0xC002E9C0 W
0xC002EA00 W
0xC002EA40 W
0xC002EA80 W
0xC002EAC0 W
0xC002EB00 W
0xC002EB40 W
0xC002EB80 W
0xC002EBC0 W
0xC002EC00 W
0xC002EC40 W
0xC002EC80 W
0xC002ECC0 W
0xC002ED00 W
0xC002ED40 W
0xC002ED80 W
0xC002EDC0 W
0xC002EE00 W
0xC002EE40 W
0xC002EE80 W
0xC002EEC0 W
0xC002EF00 W
0xC002EF40 W
0xC002EF80 W
0xC002EFC0 W
0xC002F000 W
0xC002F040 W
0xC002F080 W
0xC002F0C0 W
0xC002F100 W
0xC002F140 W
0xC002F180 W
0xC002F1C0 W
0xC002F200 W
0xC002F240 W
0xC002F280 W
0xC002F2C0 W
0xC002F300 W
0xC002F340 W
0xC002F380 W
0xC002F3C0 W
0xC002F400 W
0xC002F440 W
0xC002F480 W
0xC002F4C0 W
0xC002F500 W
0xC002F540 W
0xC002F580 W
0xC002F5C0 W
0xC002F600 W
0xC002F640 W
0xC002F680 W
0xC002F6C0 W
0xC002F700 W
0xC002F740 W
0xC002F780 W
0xC002F7C0 W
0xC002F800 W
0xC002F840 W
0xC002F880 W
0xC002F8C0 W
0xC002F900 W
0xC002F940 W
0xC002F980 W
0xC002F9C0 W
0xC002FA00 W
0xC002FA40 W
0xC002FA80 W
0xC002FAC0 W
0xC002FB00 W
0xC002FB40 W
0xC002FB80 W
0xC002FBC0 W
0xC002FC00 W
0xC002FC40 W
0xC002FC80 W
0xC002FCC0 W
0xC002FD00 W
0xC002FD40 W
0xC002FD80 W
0xC002FDC0 W
0xC002FE00 W
0xC002FE40 W
0xC002FE80 W
0xC002FEC0 W
0xC002FF00 W
0xC002FF40 W
0xC002FF80 W
0xC002FFC0 W
0xC0020000 R
0xC0020040 R
0xC0020080 R
0xC00200C0 R
0xC0020100 R
0xC0020140 R
0xC0020180 R
0xC00201C0 R
0xC0020200 R
0xC0020240 R
0xC0020280 R
0xC00202C0 R
0xC0020300 R
0xC0020340 R
0xC0020380 R
0xC00203C0 R
0xC0020400 R
0xC0020440 R
0xC0020480 R
0xC00204C0 R
0xC0020500 R
0xC0020540 R
0xC0020580 R
0xC00205C0 R
0xC0020600 R
0xC0020640 R
0xC0020680 R
0xC00206C0 R
0xC0020700 R
0xC0020740 R
0xC0020780 R
0xC00207C0 R
0xC0020800 R
0xC0020840 R
0xC0020880 R
0xC00208C0 R
0xC0020900 R
0xC0020940 R
0xC0020980 R
0xC00209C0 R
0xC0020A00 R
0xC0020A40 R
0xC0020A80 R
0xC0020AC0 R
0xC0020B00 R
0xC0020B40 R
0xC0020B80 R
0xC0020BC0 R
0xC0020C00 R
0xC0020C40 R
0xC0020C80 R
0xC0020CC0 R
0xC0020D00 R
0xC0020D40 R
0xC0020D80 R
0xC0020DC0 R
0xC0020E00 R
0xC0020E40 R
0xC0020E80 R
0xC0020EC0 R
0xC0020F00 R
0xC0020F40 R
0xC0020F80 R
0xC0020FC0 R
0xC0021000 R
0xC0021040 R
0xC0021080 R
0xC00210C0 R
0xC0021100 R
0xC0021140 R
0xC0021180 R
0xC00211C0 R
0xC0021200 R
0xC0021240 R
0xC0021280 R
0xC00212C0 R
0xC0021300 R
0xC0021340 R
0xC0021380 R
0xC00213C0 R
0xC0021400 R
0xC0021440 R
0xC0021480 R
0xC00214C0 R
0xC0021500 R
0xC0021540 R
0xC0021580 R
0xC00215C0 R
0xC0021600 R
0xC0021640 R
0xC0021680 R
0xC00216C0 R
0xC0021700 R
0xC0021740 R
0xC0021780 R
0xC00217C0 R
0xC0021800 R
0xC0021840 R
0xC0021880 R
0xC00218C0 R
0xC0021900 R
0xC0021940 R
0xC0021980 R
0xC00219C0 R
0xC0021A00 R
0xC0021A40 R
0xC0021A80 R
0xC0021AC0 R
0xC0021B00 R
0xC0021B40 R
0xC0021B80 R
0xC0021BC0 R
0xC0021C00 R
0xC0021C40 R
0xC0021C80 R
0xC0021CC0 R
0xC0021D00 R
0xC0021D40 R
0xC0021D80 R
0xC0021DC0 R
0xC0021E00 R
0xC0021E40 R
0xC0021E80 R
0xC0021EC0 R
0xC0021F00 R
0xC0021F40 R
0xC0021F80 R
0xC0021FC0 R
0xC0022000 R
0xC0022040 R
0xC0022080 R
0xC00220C0 R
0xC0022100 R
0xC0022140 R
0xC0022180 R
0xC00221C0 R
0xC0022200 R
0xC0022240 R
0xC0022280 R
0xC00222C0 R
0xC0022300 R
0xC0022340 R
0xC0022380 R
0xC00223C0 R
0xC0022400 R
0xC0022440 R
0xC0022480 R
0xC00224C0 R
0xC0022500 R
0xC0022540 R
0xC0022580 R
0xC00225C0 R
0xC0022600 R
0xC0022640 R
0xC0022680 R
0xC00226C0 R
0xC0022700 R
0xC0022740 R
0xC0022780 R
0xC00227C0 R
0xC0022800 R
0xC0022840 R
0xC0022880 R
0xC00228C0 R
0xC0022900 R
0xC0022940 R
0xC0022980 R
0xC00229C0 R
0xC0022A00 R
0xC0022A40 R
0xC0022A80 R
0xC0022AC0 R
0xC0022B00 R
0xC0022B40 R
0xC0022B80 R
0xC0022BC0 R
0xC0022C00 R
0xC0022C40 R
0xC0022C80 R
0xC0022CC0 R
0xC0022D00 R
0xC0022D40 R
0xC0022D80 R
0xC0022DC0 R
0xC0022E00 R
0xC0022E40 R
0xC0022E80 R
0xC0022EC0 R
0xC0022F00 R
0xC0022F40 R
0xC0022F80 R
0xC0022FC0 R
0xC0023000 R
0xC0023040 R
0xC0023080 R
0xC00230C0 R
0xC0023100 R
0xC0023140 R
0xC0023180 R
0xC00231C0 R
0xC0023200 R
0xC0023240 R
0xC0023280 R
0xC00232C0 R
0xC0023300 R
0xC0023340 R
0xC0023380 R
0xC00233C0 R
0xC0023400 R
0xC0023440 R
0xC0023480 R
0xC00234C0 R
0xC0023500 R
0xC0023540 R
0xC0023580 R
0xC00235C0 R
0xC0023600 R
0xC0023640 R
0xC0023680 R
0xC00236C0 R
0xC0023700 R
0xC0023740 R
0xC0023780 R
0xC00237C0 R
0xC0023800 R
0xC0023840 R
0xC0023880 R
0xC00238C0 R
0xC0023900 R
0xC0023940 R
0xC0023980 R
0xC00239C0 R
0xC0023A00 R
0xC0023A40 R
0xC0023A80 R
0xC0023AC0 R
0xC0023B00 R
0xC0023B40 R
0xC0023B80 R
0xC0023BC0 R
0xC0023C00 R
0xC0023C40 R
0xC0023C80 R
0xC0023CC0 R
0xC0023D00 R
0xC0023D40 R
0xC0023D80 R
0xC0023DC0 R
0xC0023E00 R
0xC0023E40 R
0xC0023E80 R
0xC0023EC0 R
0xC0023F00 R
0xC0023F40 R
0xC0023F80 R
0xC0023FC0 R
0xC0024000 R
0xC0024040 R
0xC0024080 R
0xC00240C0 R
0xC0024100 R
0xC0024140 R
0xC0024180 R
0xC00241C0 R
0xC0024200 R
0xC0024240 R
0xC0024280 R
0xC00242C0 R
0xC0024300 R
0xC0024340 R
0xC0024380 R
0xC00243C0 R
0xC0024400 R
0xC0024440 R
0xC0024480 R
0xC00244C0 R
0xC0024500 R
0xC0024540 R
0xC0024580 R
0xC00245C0 R
0xC0024600 R
0xC0024640 R
0xC0024680 R
0xC00246C0 R
0xC0024700 R
0xC0024740 R
0xC0024780 R
0xC00247C0 R
0xC0024800 R
0xC0024840 R
0xC0024880 R
0xC00248C0 R
0xC0024900 R
0xC0024940 R
0xC0024980 R
0xC00249C0 R
0xC0024A00 R
0xC0024A40 R
0xC0024A80 R
0xC0024AC0 R
0xC0024B00 R
0xC0024B40 R
0xC0024B80 R
0xC0024BC0 R
0xC0024C00 R
0xC0024C40 R
0xC0024C80 R
0xC0024CC0 R
0xC0024D00 R
0xC0024D40 R
0xC0024D80 R
0xC0024DC0 R
0xC0024E00 R
0xC0024E40 R
0xC0024E80 R
0xC0024EC0 R
0xC0024F00 R
0xC0024F40 R
0xC0024F80 R
0xC0024FC0 R
0xC0025000 R
0xC0025040 R
0xC0025080 R
0xC00250C0 R
0xC0025100 R
0xC0025140 R
0xC0025180 R
0xC00251C0 R
0xC0025200 R
0xC0025240 R
0xC0025280 R
0xC00252C0 R
0xC0025300 R
0xC0025340 R
0xC0025380 R
0xC00253C0 R
0xC0025400 R
0xC0025440 R
0xC0025480 R
0xC00254C0 R
0xC0025500 R
0xC0025540 R
0xC0025580 R
0xC00255C0 R
0xC0025600 R
0xC0025640 R
0xC0025680 R
0xC00256C0 R
0xC0025700 R
0xC0025740 R
0xC0025780 R
0xC00257C0 R
0xC0025800 R
0xC0025840 R
0xC0025880 R
0xC00258C0 R
0xC0025900 R
0xC0025940 R
0xC0025980 R
0xC00259C0 R
0xC0025A00 R
0xC0025A40 R
0xC0025A80 R
0xC0025AC0 R
0xC0025B00 R
0xC0025B40 R
0xC0025B80 R
0xC0025BC0 R
0xC0025C00 R
0xC0025C40 R
0xC0025C80 R
0xC0025CC0 R
0xC0025D00 R
0xC0025D40 R
0xC0025D80 R
0xC0025DC0 R
0xC0025E00 R
0xC0025E40 R
0xC0025E80 R
0xC0025EC0 R
0xC0025F00 R
0xC0025F40 R
0xC0025F80 R
0xC0025FC0 R
0xC0026000 R
0xC0026040 R
0xC0026080 R
0xC00260C0 R
0xC0026100 R
0xC0026140 R
0xC0026180 R
0xC00261C0 R
0xC0026200 R
0xC0026240 R
0xC0026280 R
0xC00262C0 R
0xC0026300 R
0xC0026340 R
0xC0026380 R
0xC00263C0 R
0xC0026400 R
0xC0026440 R
0xC0026480 R
0xC00264C0 R
0xC0026500 R
0xC0026540 R
0xC0026580 R
0xC00265C0 R
0xC0026600 R
0xC0026640 R
0xC0026680 R
0xC00266C0 R
0xC0026700 R
0xC0026740 R
0xC0026780 R
0xC00267C0 R
0xC0026800 R
0xC0026840 R
0xC0026880 R
0xC00268C0 R
0xC0026900 R
0xC0026940 R
0xC0026980 R
0xC00269C0 R
0xC0026A00 R
0xC0026A40 R
0xC0026A80 R
0xC0026AC0 R
0xC0026B00 R
0xC0026B40 R
0xC0026B80 R
0xC0026BC0 R
0xC0026C00 R
0xC0026C40 R
0xC0026C80 R
0xC0026CC0 R
0xC0026D00 R
0xC0026D40 R
0xC0026D80 R
0xC0026DC0 R
0xC0026E00 R
0xC0026E40 R
0xC0026E80 R
0xC0026EC0 R
0xC0026F00 R
0xC0026F40 R
0xC0026F80 R
0xC0026FC0 R
0xC0027000 R
0xC0027040 R
0xC0027080 R
0xC00270C0 R
0xC0027100 R
0xC0027140 R
0xC0027180 R
0xC00271C0 R
0xC0027200 R
0xC0027240 R
0xC0027280 R
0xC00272C0 R
0xC0027300 R
0xC0027340 R
0xC0027380 R
0xC00273C0 R
0xC0027400 R
0xC0027440 R
0xC0027480 R
0xC00274C0 R
0xC0027500 R
0xC0027540 R
0xC0027580 R
0xC00275C0 R
0xC0027600 R
0xC0027640 R
0xC0027680 R
0xC00276C0 R
0xC0027700 R
0xC0027740 R
0xC0027780 R
0xC00277C0 R
0xC0027800 R
0xC0027840 R
0xC0027880 R
0xC00278C0 R
0xC0027900 R
0xC0027940 R
0xC0027980 R
0xC00279C0 R
0xC0027A00 R
0xC0027A40 R
0xC0027A80 R
0xC0027AC0 R
0xC0027B00 R
0xC0027B40 R
0xC0027B80 R
0xC0027BC0 R
0xC0027C00 R
0xC0027C40 R
0xC0027C80 R
0xC0027CC0 R
0xC0027D00 R
0xC0027D40 R
0xC0027D80 R
0xC0027DC0 R
0xC0027E00 R
0xC0027E40 R
0xC0027E80 R
0xC0027EC0 R
0xC0027F00 R
0xC0027F40 R
0xC0027F80 R
0xC0027FC0 R
0xC0028000 R
0xC0028040 R
0xC0028080 R
0xC00280C0 R
0xC0028100 R
0xC0028140 R
0xC0028180 R
0xC00281C0 R
0xC0028200 R
0xC0028240 R
0xC0028280 R
0xC00282C0 R
0xC0028300 R
0xC0028340 R
0xC0028380 R
0xC00283C0 R
0xC0028400 R
0xC0028440 R
0xC0028480 R
0xC00284C0 R
0xC0028500 R
0xC0028540 R
0xC0028580 R
0xC00285C0 R
0xC0028600 R
0xC0028640 R
0xC0028680 R
0xC00286C0 R
0xC0028700 R
0xC0028740 R
0xC0028780 R
0xC00287C0 R
0xC0028800 R
0xC0028840 R
0xC0028880 R
0xC00288C0 R
0xC0028900 R
0xC0028940 R
0xC0028980 R
0xC00289C0 R
0xC0028A00 R
0xC0028A40 R
0xC0028A80 R
0xC0028AC0 R
0xC0028B00 R
0xC0028B40 R
0xC0028B80 R
0xC0028BC0 R
0xC0028C00 R
0xC0028C40 R
0xC0028C80 R
0xC0028CC0 R
0xC0028D00 R
0xC0028D40 R
0xC0028D80 R
0xC0028DC0 R
0xC0028E00 R
0xC0028E40 R
0xC0028E80 R
0xC0028EC0 R
0xC0028F00 R
0xC0028F40 R
0xC0028F80 R
0xC0028FC0 R
0xC0029000 R
0xC0029040 R
0xC0029080 R
0xC00290C0 R
0xC0029100 R
0xC0029140 R
0xC0029180 R
0xC00291C0 R
0xC0029200 R
0xC0029240 R
0xC0029280 R
0xC00292C0 R
0xC0029300 R
0xC0029340 R
0xC0029380 R
0xC00293C0 R
0xC0029400 R
0xC0029440 R
0xC0029480 R
0xC00294C0 R
0xC0029500 R
0xC0029540 R
0xC0029580 R
0xC00295C0 R
0xC0029600 R
0xC0029640 R
0xC0029680 R
0xC00296C0 R
0xC0029700 R
0xC0029740 R
0xC0029780 R
0xC00297C0 R
0xC0029800 R
0xC0029840 R
0xC0029880 R
0xC00298C0 R
0xC0029900 R
0xC0029940 R
0xC0029980 R
0xC00299C0 R
0xC0029A00 R
0xC0029A40 R
0xC0029A80 R
0xC0029AC0 R
0xC0029B00 R
0xC0029B40 R
0xC0029B80 R
0xC0029BC0 R
0xC0029C00 R
0xC0029C40 R
0xC0029C80 R
0xC0029CC0 R
0xC0029D00 R
0xC0029D40 R
0xC0029D80 R
0xC0029DC0 R
0xC0029E00 R
0xC0029E40 R
0xC0029E80 R
0xC0029EC0 R
0xC0029F00 R
0xC0029F40 R
0xC0029F80 R
0xC0029FC0 R
0xC002A000 R
0xC002A040 R
0xC002A080 R
0xC002A0C0 R
0xC002A100 R
0xC002A140 R
0xC002A180 R
0xC002A1C0 R
0xC002A200 R
0xC002A240 R
0xC002A280 R
0xC002A2C0 R
0xC002A300 R
0xC002A340 R
0xC002A380 R
0xC002A3C0 R
0xC002A400 R
0xC002A440 R
0xC002A480 R
0xC002A4C0 R
0xC002A500 R
0xC002A540 R
0xC002A580 R
0xC002A5C0 R
0xC002A600 R
0xC002A640 R
0xC002A680 R
0xC002A6C0 R
0xC002A700 R
0xC002A740 R
0xC002A780 R
0xC002A7C0 R
0xC002A800 R
0xC002A840 R
0xC002A880 R
0xC002A8C0 R
0xC002A900 R
0xC002A940 R
0xC002A980 R
0xC002A9C0 R
0xC002AA00 R
0xC002AA40 R
0xC002AA80 R
0xC002AAC0 R
0xC002AB00 R
0xC002AB40 R
0xC002AB80 R
0xC002ABC0 R
0xC002AC00 R
0xC002AC40 R
0xC002AC80 R
0xC002ACC0 R
0xC002AD00 R
0xC002AD40 R
0xC002AD80 R
0xC002ADC0 R
0xC002AE00 R
0xC002AE40 R
0xC002AE80 R
0xC002AEC0 R
0xC002AF00 R
0xC002AF40 R
0xC002AF80 R
0xC002AFC0 R
0xC002B000 R
0xC002B040 R
0xC002B080 R
0xC002B0C0 R
0xC002B100 R
0xC002B140 R
0xC002B180 R
0xC002B1C0 R
0xC002B200 R
0xC002B240 R
0xC002B280 R
0xC002B2C0 R
0xC002B300 R
0xC002B340 R
0xC002B380 R
0xC002B3C0 R
0xC002B400 R
0xC002B440 R
0xC002B480 R
0xC002B4C0 R
0xC002B500 R
0xC002B540 R
0xC002B580 R
0xC002B5C0 R
0xC002B600 R
0xC002B640 R
0xC002B680 R
0xC002B6C0 R
0xC002B700 R
0xC002B740 R
0xC002B780 R
0xC002B7C0 R
0xC002B800 R
0xC002B840 R
0xC002B880 R
0xC002B8C0 R
0xC002B900 R
0xC002B940 R
0xC002B980 R
0xC002B9C0 R
0xC002BA00 R
0xC002BA40 R
0xC002BA80 R
0xC002BAC0 R
0xC002BB00 R
0xC002BB40 R
0xC002BB80 R
0xC002BBC0 R
0xC002BC00 R
0xC002BC40 R
0xC002BC80 R
0xC002BCC0 R
0xC002BD00 R
0xC002BD40 R
0xC002BD80 R
0xC002BDC0 R
0xC002BE00 R
0xC002BE40 R
0xC002BE80 R
0xC002BEC0 R
0xC002BF00 R
0xC002BF40 R
0xC002BF80 R
0xC002BFC0 R
0xC002C000 R
0xC002C040 R
0xC002C080 R
0xC002C0C0 R
0xC002C100 R
0xC002C140 R
0xC002C180 R
0xC002C1C0 R
0xC002C200 R
0xC002C240 R
0xC002C280 R
0xC002C2C0 R
0xC002C300 R
0xC002C340 R
0xC002C380 R
0xC002C3C0 R
0xC002C400 R
0xC002C440 R
0xC002C480 R
0xC002C4C0 R
0xC002C500 R
0xC002C540 R
0xC002C580 R
0xC002C5C0 R
0xC002C600 R
0xC002C640 R
0xC002C680 R
0xC002C6C0 R
0xC002C700 R
0xC002C740 R
0xC002C780 R
0xC002C7C0 R
0xC002C800 R
0xC002C840 R
0xC002C880 R
0xC002C8C0 R
0xC002C900 R
0xC002C940 R
0xC002C980 R
0xC002C9C0 R
0xC002CA00 R
0xC002CA40 R
0xC002CA80 R
0xC002CAC0 R
0xC002CB00 R
0xC002CB40 R
0xC002CB80 R
0xC002CBC0 R
0xC002CC00 R
0xC002CC40 R
0xC002CC80 R
0xC002CCC0 R
0xC002CD00 R
0xC002CD40 R
0xC002CD80 R
0xC002CDC0 R
0xC002CE00 R
0xC002CE40 R
0xC002CE80 R
0xC002CEC0 R
0xC002CF00 R
0xC002CF40 R
0xC002CF80 R
0xC002CFC0 R
0xC002D000 R
0xC002D040 R
0xC002D080 R
0xC002D0C0 R
0xC002D100 R
0xC002D140 R
0xC002D180 R
0xC002D1C0 R
0xC002D200 R
0xC002D240 R
0xC002D280 R
0xC002D2C0 R
0xC002D300 R
0xC002D340 R
0xC002D380 R
0xC002D3C0 R
0xC002D400 R
0xC002D440 R
0xC002D480 R
0xC002D4C0 R
0xC002D500 R
0xC002D540 R
0xC002D580 R
0xC002D5C0 R
0xC002D600 R
0xC002D640 R
0xC002D680 R
0xC002D6C0 R
0xC002D700 R
0xC002D740 R
0xC002D780 R
0xC002D7C0 R
0xC002D800 R
0xC002D840 R
0xC002D880 R
0xC002D8C0 R
0xC002D900 R
0xC002D940 R
0xC002D980 R
0xC002D9C0 R
0xC002DA00 R
0xC002DA40 R
0xC002DA80 R
0xC002DAC0 R
0xC002DB00 R
0xC002DB40 R
0xC002DB80 R
0xC002DBC0 R
0xC002DC00 R
0xC002DC40 R
0xC002DC80 R
0xC002DCC0 R
0xC002DD00 R
0xC002DD40 R
0xC002DD80 R
0xC002DDC0 R
0xC002DE00 R
0xC002DE40 R
0xC002DE80 R
0xC002DEC0 R
0xC002DF00 R
0xC002DF40 R
0xC002DF80 R
0xC002DFC0 R
0xC002E000 R
0xC002E040 R
0xC002E080 R
0xC002E0C0 R
0xC002E100 R
0xC002E140 R
0xC002E180 R
0xC002E1C0 R
0xC002E200 R
0xC002E240 R
0xC002E280 R
0xC002E2C0 R
0xC002E300 R
0xC002E340 R
0xC002E380 R
0xC002E3C0 R
0xC002E400 R
0xC002E440 R
0xC002E480 R
0xC002E4C0 R
0xC002E500 R
0xC002E540 R
0xC002E580 R
0xC002E5C0 R
0xC002E600 R
0xC002E640 R
0xC002E680 R
0xC002E6C0 R
0xC002E700 R
0xC002E740 R
0xC002E780 R
0xC002E7C0 R
0xC002E800 R
0xC002E840 R
0xC002E880 R
0xC002E8C0 R
0xC002E900 R
0xC002E940 R
0xC002E980 R
0xC002E9C0 R
0xC002EA00 R
0xC002EA40 R
0xC002EA80 R
0xC002EAC0 R
0xC002EB00 R
0xC002EB40 R
0xC002EB80 R
0xC002EBC0 R
0xC002EC00 R
0xC002EC40 R
0xC002EC80 R
0xC002ECC0 R
0xC002ED00 R
0xC002ED40 R
0xC002ED80 R
0xC002EDC0 R
0xC002EE00 R
0xC002EE40 R
0xC002EE80 R
0xC002EEC0 R
0xC002EF00 R
0xC002EF40 R
0xC002EF80 R
0xC002EFC0 R
0xC002F000 R
0xC002F040 R
0xC002F080 R
0xC002F0C0 R
0xC002F100 R
0xC002F140 R
0xC002F180 R
0xC002F1C0 R
0xC002F200 R
0xC002F240 R
0xC002F280 R
0xC002F2C0 R
0xC002F300 R
0xC002F340 R
0xC002F380 R
0xC002F3C0 R
0xC002F400 R
0xC002F440 R
0xC002F480 R
0xC002F4C0 R
0xC002F500 R
0xC002F540 R
0xC002F580 R
0xC002F5C0 R
0xC002F600 R
0xC002F640 R
0xC002F680 R
0xC002F6C0 R
0xC002F700 R
0xC002F740 R
0xC002F780 R
0xC002F7C0 R
0xC002F800 R
0xC002F840 R
0xC002F880 R
0xC002F8C0 R
0xC002F900 R
0xC002F940 R
0xC002F980 R
0xC002F9C0 R
0xC002FA00 R
0xC002FA40 R
0xC002FA80 R
0xC002FAC0 R
0xC002FB00 R
0xC002FB40 R
0xC002FB80 R
0xC002FBC0 R
0xC002FC00 R
0xC002FC40 R
0xC002FC80 R
0xC002FCC0 R
0xC002FD00 R
0xC002FD40 R
0xC002FD80 R
0xC002FDC0 R
0xC002FE00 R
0xC002FE40 R
0xC002FE80 R
0xC002FEC0 R
0xC002FF00 R
0xC002FF40 R
0xC002FF80 R
0xC002FFC0 R
0xA0030000 R
0xA0030040 R
0xA0030080 R
0xA00300C0 R
0xA0030100 R
0xA0030140 R
0xA0030180 R
0xA00301C0 R
0xA0030200 R
0xA0030240 R
0xA0030280 R
0xA00302C0 R
0xA0030300 R
0xA0030340 R
0xA0030380 R
0xA00303C0 R
0xA0030400 R
0xA0030440 R
0xA0030480 R
0xA00304C0 R
0xA0030500 R
0xA0030540 R
0xA0030580 R
0xA00305C0 R
0xA0030600 R
0xA0030640 R
0xA0030680 R
0xA00306C0 R
0xA0030700 R
0xA0030740 R
0xA0030780 R
0xA00307C0 R
0xA0030800 R
0xA0030840 R
0xA0030880 R
0xA00308C0 R
0xA0030900 R
0xA0030940 R
0xA0030980 R
0xA00309C0 R
0xA0030A00 R
0xA0030A40 R
0xA0030A80 R
0xA0030AC0 R
0xA0030B00 R
0xA0030B40 R
0xA0030B80 R
0xA0030BC0 R
0xA0030C00 R
0xA0030C40 R
0xA0030C80 R
0xA0030CC0 R
0xA0030D00 R
0xA0030D40 R
0xA0030D80 R
0xA0030DC0 R
0xA0030E00 R
0xA0030E40 R
0xA0030E80 R
0xA0030EC0 R
0xA0030F00 R
0xA0030F40 R
0xA0030F80 R
0xA0030FC0 R
0xA0031000 R
0xA0031040 R
0xA0031080 R
0xA00310C0 R
0xA0031100 R
0xA0031140 R
0xA0031180 R
0xA00311C0 R
0xA0031200 R
0xA0031240 R
0xA0031280 R
0xA00312C0 R
0xA0031300 R
0xA0031340 R
0xA0031380 R
0xA00313C0 R
0xA0031400 R
0xA0031440 R
0xA0031480 R
0xA00314C0 R
0xA0031500 R
0xA0031540 R
0xA0031580 R
0xA00315C0 R
0xA0031600 R
0xA0031640 R
0xA0031680 R
0xA00316C0 R
0xA0031700 R
0xA0031740 R
0xA0031780 R
0xA00317C0 R
0xA0031800 R
0xA0031840 R
0xA0031880 R
0xA00318C0 R
0xA0031900 R
0xA0031940 R
0xA0031980 R
0xA00319C0 R
0xA0031A00 R
0xA0031A40 R
0xA0031A80 R
0xA0031AC0 R
0xA0031B00 R
0xA0031B40 R
0xA0031B80 R
0xA0031BC0 R
0xA0031C00 R
0xA0031C40 R
0xA0031C80 R
0xA0031CC0 R
0xA0031D00 R
0xA0031D40 R
0xA0031D80 R
0xA0031DC0 R
0xA0031E00 R
0xA0031E40 R
0xA0031E80 R
0xA0031EC0 R
0xA0031F00 R
0xA0031F40 R
0xA0031F80 R
0xA0031FC0 R
0xA0032000 R
0xA0032040 R
0xA0032080 R
0xA00320C0 R
0xA0032100 R
0xA0032140 R
0xA0032180 R
0xA00321C0 R
0xA0032200 R
0xA0032240 R
0xA0032280 R
0xA00322C0 R
0xA0032300 R
0xA0032340 R
0xA0032380 R
0xA00323C0 R
0xA0032400 R
0xA0032440 R
0xA0032480 R
0xA00324C0 R
0xA0032500 R
0xA0032540 R
0xA0032580 R
0xA00325C0 R
0xA0032600 R
0xA0032640 R
0xA0032680 R
0xA00326C0 R
0xA0032700 R
0xA0032740 R
0xA0032780 R
0xA00327C0 R
0xA0032800 R
0xA0032840 R
0xA0032880 R
0xA00328C0 R
0xA0032900 R
0xA0032940 R
0xA0032980 R
0xA00329C0 R
0xA0032A00 R
0xA0032A40 R
0xA0032A80 R
0xA0032AC0 R
0xA0032B00 R
0xA0032B40 R
0xA0032B80 R
0xA0032BC0 R
0xA0032C00 R
0xA0032C40 R
0xA0032C80 R
0xA0032CC0 R
0xA0032D00 R
0xA0032D40 R
0xA0032D80 R
0xA0032DC0 R
0xA0032E00 R
0xA0032E40 R
0xA0032E80 R
0xA0032EC0 R
0xA0032F00 R
0xA0032F40 R
0xA0032F80 R
0xA0032FC0 R
0xA0033000 R
0xA0033040 R
0xA0033080 R
0xA00330C0 R
0xA0033100 R
0xA0033140 R
0xA0033180 R
0xA00331C0 R
0xA0033200 R
0xA0033240 R
0xA0033280 R
0xA00332C0 R
0xA0033300 R
0xA0033340 R
0xA0033380 R
0xA00333C0 R
0xA0033400 R
0xA0033440 R
0xA0033480 R
0xA00334C0 R
0xA0033500 R
0xA0033540 R
0xA0033580 R
0xA00335C0 R
0xA0033600 R
0xA0033640 R
0xA0033680 R
0xA00336C0 R
0xA0033700 R
0xA0033740 R
0xA0033780 R
0xA00337C0 R
0xA0033800 R
0xA0033840 R
0xA0033880 R
0xA00338C0 R
0xA0033900 R
0xA0033940 R
0xA0033980 R
0xA00339C0 R
0xA0033A00 R
0xA0033A40 R
0xA0033A80 R
0xA0033AC0 R
0xA0033B00 R
0xA0033B40 R
0xA0033B80 R
0xA0033BC0 R
0xA0033C00 R
0xA0033C40 R
0xA0033C80 R
0xA0033CC0 R
0xA0033D00 R
0xA0033D40 R
0xA0033D80 R
0xA0033DC0 R
0xA0033E00 R
0xA0033E40 R
0xA0033E80 R
0xA0033EC0 R
0xA0033F00 R
0xA0033F40 R
0xA0033F80 R
0xA0033FC0 R
0xA0034000 R
0xA0034040 R
0xA0034080 R
0xA00340C0 R
0xA0034100 R
0xA0034140 R
0xA0034180 R
0xA00341C0 R
0xA0034200 R
0xA0034240 R
0xA0034280 R
0xA00342C0 R
0xA0034300 R
0xA0034340 R
0xA0034380 R
0xA00343C0 R
0xA0034400 R
0xA0034440 R
0xA0034480 R
0xA00344C0 R
0xA0034500 R
0xA0034540 R
0xA0034580 R
0xA00345C0 R
0xA0034600 R
0xA0034640 R
0xA0034680 R
0xA00346C0 R
0xA0034700 R
0xA0034740 R
0xA0034780 R
0xA00347C0 R
0xA0034800 R
0xA0034840 R
0xA0034880 R
0xA00348C0 R
0xA0034900 R
0xA0034940 R
0xA0034980 R
0xA00349C0 R
0xA0034A00 R
0xA0034A40 R
0xA0034A80 R
0xA0034AC0 R
0xA0034B00 R
0xA0034B40 R
0xA0034B80 R
0xA0034BC0 R
0xA0034C00 R
0xA0034C40 R
0xA0034C80 R
0xA0034CC0 R
0xA0034D00 R
0xA0034D40 R
0xA0034D80 R
0xA0034DC0 R
0xA0034E00 R
0xA0034E40 R
0xA0034E80 R
0xA0034EC0 R
0xA0034F00 R
0xA0034F40 R
0xA0034F80 R
0xA0034FC0 R
0xA0035000 R
0xA0035040 R
0xA0035080 R
0xA00350C0 R
0xA0035100 R
0xA0035140 R
0xA0035180 R
0xA00351C0 R
0xA0035200 R
0xA0035240 R
0xA0035280 R
0xA00352C0 R
0xA0035300 R
0xA0035340 R
0xA0035380 R
0xA00353C0 R
0xA0035400 R
0xA0035440 R
0xA0035480 R
0xA00354C0 R
0xA0035500 R
0xA0035540 R
0xA0035580 R
0xA00355C0 R
0xA0035600 R
0xA0035640 R
0xA0035680 R
0xA00356C0 R
0xA0035700 R
0xA0035740 R
0xA0035780 R
0xA00357C0 R
0xA0035800 R
0xA0035840 R
0xA0035880 R
0xA00358C0 R
0xA0035900 R
0xA0035940 R
0xA0035980 R
0xA00359C0 R
0xA0035A00 R
0xA0035A40 R
0xA0035A80 R
0xA0035AC0 R
0xA0035B00 R
0xA0035B40 R
0xA0035B80 R
0xA0035BC0 R
0xA0035C00 R
0xA0035C40 R
0xA0035C80 R
0xA0035CC0 R
0xA0035D00 R
0xA0035D40 R
0xA0035D80 R
0xA0035DC0 R
0xA0035E00 R
0xA0035E40 R
0xA0035E80 R
0xA0035EC0 R
0xA0035F00 R
0xA0035F40 R
0xA0035F80 R
0xA0035FC0 R
0xA0036000 R
0xA0036040 R
0xA0036080 R
0xA00360C0 R
0xA0036100 R
0xA0036140 R
0xA0036180 R
0xA00361C0 R
0xA0036200 R
0xA0036240 R
0xA0036280 R
0xA00362C0 R
0xA0036300 R
0xA0036340 R
0xA0036380 R
0xA00363C0 R
0xA0036400 R
0xA0036440 R
0xA0036480 R
0xA00364C0 R
0xA0036500 R
0xA0036540 R
0xA0036580 R
0xA00365C0 R
0xA0036600 R
0xA0036640 R
0xA0036680 R
0xA00366C0 R
0xA0036700 R
0xA0036740 R
0xA0036780 R
0xA00367C0 R
0xA0036800 R
0xA0036840 R
0xA0036880 R
0xA00368C0 R
0xA0036900 R
0xA0036940 R
0xA0036980 R
0xA00369C0 R
0xA0036A00 R
0xA0036A40 R
0xA0036A80 R
0xA0036AC0 R
0xA0036B00 R
0xA0036B40 R
0xA0036B80 R
0xA0036BC0 R
0xA0036C00 R
0xA0036C40 R
0xA0036C80 R
0xA0036CC0 R
0xA0036D00 R
0xA0036D40 R
0xA0036D80 R
0xA0036DC0 R
0xA0036E00 R
0xA0036E40 R
0xA0036E80 R
0xA0036EC0 R
0xA0036F00 R
0xA0036F40 R
0xA0036F80 R
0xA0036FC0 R
0xA0037000 R
0xA0037040 R
0xA0037080 R
0xA00370C0 R
0xA0037100 R
0xA0037140 R
0xA0037180 R
0xA00371C0 R
0xA0037200 R
0xA0037240 R
0xA0037280 R
0xA00372C0 R
0xA0037300 R
0xA0037340 R
0xA0037380 R
0xA00373C0 R
0xA0037400 R
0xA0037440 R
0xA0037480 R
0xA00374C0 R
0xA0037500 R
0xA0037540 R
0xA0037580 R
0xA00375C0 R
0xA0037600 R
0xA0037640 R
0xA0037680 R
0xA00376C0 R
0xA0037700 R
0xA0037740 R
0xA0037780 R
0xA00377C0 R
0xA0037800 R
0xA0037840 R
0xA0037880 R
0xA00378C0 R
0xA0037900 R
0xA0037940 R
0xA0037980 R
0xA00379C0 R
0xA0037A00 R
0xA0037A40 R
0xA0037A80 R
0xA0037AC0 R
0xA0037B00 R
0xA0037B40 R
0xA0037B80 R
0xA0037BC0 R
0xA0037C00 R
0xA0037C40 R
0xA0037C80 R
0xA0037CC0 R
0xA0037D00 R
0xA0037D40 R
0xA0037D80 R
0xA0037DC0 R
0xA0037E00 R
0xA0037E40 R
0xA0037E80 R
0xA0037EC0 R
0xA0037F00 R
0xA0037F40 R
0xA0037F80 R
0xA0037FC0 R
0xA0038000 R
0xA0038040 R
0xA0038080 R
0xA00380C0 R
0xA0038100 R
0xA0038140 R
0xA0038180 R
0xA00381C0 R
0xA0038200 R
0xA0038240 R
0xA0038280 R
0xA00382C0 R
0xA0038300 R
0xA0038340 R
0xA0038380 R
0xA00383C0 R
0xA0038400 R
0xA0038440 R
0xA0038480 R
0xA00384C0 R
0xA0038500 R
0xA0038540 R
0xA0038580 R
0xA00385C0 R
0xA0038600 R
0xA0038640 R
0xA0038680 R
0xA00386C0 R
0xA0038700 R
0xA0038740 R
0xA0038780 R
0xA00387C0 R
0xA0038800 R
0xA0038840 R
0xA0038880 R
0xA00388C0 R
0xA0038900 R
0xA0038940 R
0xA0038980 R
0xA00389C0 R
0xA0038A00 R
0xA0038A40 R
0xA0038A80 R
0xA0038AC0 R
0xA0038B00 R
0xA0038B40 R
0xA0038B80 R
0xA0038BC0 R
0xA0038C00 R
0xA0038C40 R
0xA0038C80 R
0xA0038CC0 R
0xA0038D00 R
0xA0038D40 R
0xA0038D80 R
0xA0038DC0 R
0xA0038E00 R
0xA0038E40 R
0xA0038E80 R
0xA0038EC0 R
0xA0038F00 R
0xA0038F40 R
0xA0038F80 R
0xA0038FC0 R
0xA0039000 R
0xA0039040 R
0xA0039080 R
0xA00390C0 R
0xA0039100 R
0xA0039140 R
0xA0039180 R
0xA00391C0 R
0xA0039200 R
0xA0039240 R
0xA0039280 R
0xA00392C0 R
0xA0039300 R
0xA0039340 R
0xA0039380 R
0xA00393C0 R
0xA0039400 R
0xA0039440 R
0xA0039480 R
0xA00394C0 R
0xA0039500 R
0xA0039540 R
0xA0039580 R
0xA00395C0 R
0xA0039600 R
0xA0039640 R
0xA0039680 R
0xA00396C0 R
0xA0039700 R
0xA0039740 R
0xA0039780 R
0xA00397C0 R
0xA0039800 R
0xA0039840 R
0xA0039880 R
0xA00398C0 R
0xA0039900 R
0xA0039940 R
0xA0039980 R
0xA00399C0 R
0xA0039A00 R
0xA0039A40 R
0xA0039A80 R
0xA0039AC0 R
0xA0039B00 R
0xA0039B40 R
0xA0039B80 R
0xA0039BC0 R
0xA0039C00 R
0xA0039C40 R
0xA0039C80 R
0xA0039CC0 R
0xA0039D00 R
0xA0039D40 R
0xA0039D80 R
0xA0039DC0 R
0xA0039E00 R
0xA0039E40 R
0xA0039E80 R
0xA0039EC0 R
0xA0039F00 R
0xA0039F40 R
0xA0039F80 R
0xA0039FC0 R
0xA003A000 R
0xA003A040 R
0xA003A080 R
0xA003A0C0 R
0xA003A100 R
0xA003A140 R
0xA003A180 R
0xA003A1C0 R
0xA003A200 R
0xA003A240 R
0xA003A280 R
0xA003A2C0 R
0xA003A300 R
0xA003A340 R
0xA003A380 R
0xA003A3C0 R
0xA003A400 R
0xA003A440 R
0xA003A480 R
0xA003A4C0 R
0xA003A500 R
0xA003A540 R
0xA003A580 R
0xA003A5C0 R
0xA003A600 R
0xA003A640 R
0xA003A680 R
0xA003A6C0 R
0xA003A700 R
0xA003A740 R
0xA003A780 R
0xA003A7C0 R
0xA003A800 R
0xA003A840 R
0xA003A880 R
0xA003A8C0 R
0xA003A900 R
0xA003A940 R
0xA003A980 R
0xA003A9C0 R
0xA003AA00 R
0xA003AA40 R
0xA003AA80 R
0xA003AAC0 R
0xA003AB00 R
0xA003AB40 R
0xA003AB80 R
0xA003ABC0 R
0xA003AC00 R
0xA003AC40 R
0xA003AC80 R
0xA003ACC0 R
0xA003AD00 R
0xA003AD40 R
0xA003AD80 R
0xA003ADC0 R
0xA003AE00 R
0xA003AE40 R
0xA003AE80 R
0xA003AEC0 R
0xA003AF00 R
0xA003AF40 R
0xA003AF80 R
0xA003AFC0 R
0xA003B000 R
0xA003B040 R
0xA003B080 R
0xA003B0C0 R
0xA003B100 R
0xA003B140 R
0xA003B180 R
0xA003B1C0 R
0xA003B200 R
0xA003B240 R
0xA003B280 R
0xA003B2C0 R
0xA003B300 R
0xA003B340 R
0xA003B380 R
0xA003B3C0 R
0xA003B400 R
0xA003B440 R
0xA003B480 R
0xA003B4C0 R
0xA003B500 R
0xA003B540 R
0xA003B580 R
0xA003B5C0 R
0xA003B600 R
0xA003B640 R
0xA003B680 R
0xA003B6C0 R
0xA003B700 R
0xA003B740 R
0xA003B780 R
0xA003B7C0 R
0xA003B800 R
0xA003B840 R
0xA003B880 R
0xA003B8C0 R
0xA003B900 R
0xA003B940 R
0xA003B980 R
0xA003B9C0 R
0xA003BA00 R
0xA003BA40 R
0xA003BA80 R
0xA003BAC0 R
0xA003BB00 R
0xA003BB40 R
0xA003BB80 R
0xA003BBC0 R
0xA003BC00 R
0xA003BC40 R
0xA003BC80 R
0xA003BCC0 R
0xA003BD00 R
0xA003BD40 R
0xA003BD80 R
0xA003BDC0 R
0xA003BE00 R
0xA003BE40 R
0xA003BE80 R
0xA003BEC0 R
0xA003BF00 R
0xA003BF40 R
0xA003BF80 R
0xA003BFC0 R
0xA003C000 R
0xA003C040 R
0xA003C080 R
0xA003C0C0 R
0xA003C100 R
0xA003C140 R
0xA003C180 R
0xA003C1C0 R
0xA003C200 R
0xA003C240 R
0xA003C280 R
0xA003C2C0 R
0xA003C300 R
0xA003C340 R
0xA003C380 R
0xA003C3C0 R
0xA003C400 R
0xA003C440 R
0xA003C480 R
0xA003C4C0 R
0xA003C500 R
0xA003C540 R
0xA003C580 R
0xA003C5C0 R
0xA003C600 R
0xA003C640 R
0xA003C680 R
0xA003C6C0 R
0xA003C700 R
0xA003C740 R
0xA003C780 R
0xA003C7C0 R
0xA003C800 R
0xA003C840 R
0xA003C880 R
0xA003C8C0 R
0xA003C900 R
0xA003C940 R
0xA003C980 R
0xA003C9C0 R
0xA003CA00 R
0xA003CA40 R
0xA003CA80 R
0xA003CAC0 R
0xA003CB00 R
0xA003CB40 R
0xA003CB80 R
0xA003CBC0 R
0xA003CC00 R
0xA003CC40 R
0xA003CC80 R
0xA003CCC0 R
0xA003CD00 R
0xA003CD40 R
0xA003CD80 R
0xA003CDC0 R
0xA003CE00 R
0xA003CE40 R
0xA003CE80 R
0xA003CEC0 R
0xA003CF00 R
0xA003CF40 R
0xA003CF80 R
0xA003CFC0 R
0xA003D000 R
0xA003D040 R
0xA003D080 R
0xA003D0C0 R
0xA003D100 R
0xA003D140 R
0xA003D180 R
0xA003D1C0 R
0xA003D200 R
0xA003D240 R
0xA003D280 R
0xA003D2C0 R
0xA003D300 R
0xA003D340 R
0xA003D380 R
0xA003D3C0 R
0xA003D400 R
0xA003D440 R
0xA003D480 R
0xA003D4C0 R
0xA003D500 R
0xA003D540 R
0xA003D580 R
0xA003D5C0 R
0xA003D600 R
0xA003D640 R
0xA003D680 R
0xA003D6C0 R
0xA003D700 R
0xA003D740 R
0xA003D780 R
0xA003D7C0 R
0xA003D800 R
0xA003D840 R
0xA003D880 R
0xA003D8C0 R
0xA003D900 R
0xA003D940 R
0xA003D980 R
0xA003D9C0 R
0xA003DA00 R
0xA003DA40 R
0xA003DA80 R
0xA003DAC0 R
0xA003DB00 R
0xA003DB40 R
0xA003DB80 R
0xA003DBC0 R
0xA003DC00 R
0xA003DC40 R
0xA003DC80 R
0xA003DCC0 R
0xA003DD00 R
0xA003DD40 R
0xA003DD80 R
0xA003DDC0 R
0xA003DE00 R
0xA003DE40 R
0xA003DE80 R
0xA003DEC0 R
0xA003DF00 R
0xA003DF40 R
0xA003DF80 R
0xA003DFC0 R
0xA003E000 R
0xA003E040 R
0xA003E080 R
0xA003E0C0 R
0xA003E100 R
0xA003E140 R
0xA003E180 R
0xA003E1C0 R
0xA003E200 R
0xA003E240 R
0xA003E280 R
0xA003E2C0 R
0xA003E300 R
0xA003E340 R
0xA003E380 R
0xA003E3C0 R
0xA003E400 R
0xA003E440 R
0xA003E480 R
0xA003E4C0 R
0xA003E500 R
0xA003E540 R
0xA003E580 R
0xA003E5C0 R
0xA003E600 R
0xA003E640 R
0xA003E680 R
0xA003E6C0 R
0xA003E700 R
0xA003E740 R
0xA003E780 R
0xA003E7C0 R
0xA003E800 R
0xA003E840 R
0xA003E880 R
0xA003E8C0 R
0xA003E900 R
0xA003E940 R
0xA003E980 R
0xA003E9C0 R
0xA003EA00 R
0xA003EA40 R
0xA003EA80 R
0xA003EAC0 R
0xA003EB00 R
0xA003EB40 R
0xA003EB80 R
0xA003EBC0 R
0xA003EC00 R
0xA003EC40 R
0xA003EC80 R
0xA003ECC0 R
0xA003ED00 R
0xA003ED40 R
0xA003ED80 R
0xA003EDC0 R
0xA003EE00 R
0xA003EE40 R
0xA003EE80 R
0xA003EEC0 R
0xA003EF00 R
0xA003EF40 R
0xA003EF80 R
0xA003EFC0 R
0xA003F000 R
0xA003F040 R
0xA003F080 R
0xA003F0C0 R
0xA003F100 R
0xA003F140 R
0xA003F180 R
0xA003F1C0 R
0xA003F200 R
0xA003F240 R
0xA003F280 R
0xA003F2C0 R
0xA003F300 R
0xA003F340 R
0xA003F380 R
0xA003F3C0 R
0xA003F400 R
0xA003F440 R
0xA003F480 R
0xA003F4C0 R
0xA003F500 R
0xA003F540 R
0xA003F580 R
0xA003F5C0 R
0xA003F600 R
0xA003F640 R
0xA003F680 R
0xA003F6C0 R
0xA003F700 R
0xA003F740 R
0xA003F780 R
0xA003F7C0 R
0xA003F800 R
0xA003F840 R
0xA003F880 R
0xA003F8C0 R
0xA003F900 R
0xA003F940 R
0xA003F980 R
0xA003F9C0 R
0xA003FA00 R
0xA003FA40 R
0xA003FA80 R
0xA003FAC0 R
0xA003FB00 R
0xA003FB40 R
0xA003FB80 R
0xA003FBC0 R
0xA003FC00 R
0xA003FC40 R
0xA003FC80 R
0xA003FCC0 R
0xA003FD00 R
0xA003FD40 R
0xA003FD80 R
0xA003FDC0 R
0xA003FE00 R
0xA003FE40 R
0xA003FE80 R
0xA003FEC0 R
0xA003FF00 R
0xA003FF40 R
0xA003FF80 R
0xA003FFC0 R
0xC0030000 W
0xC0030040 W
0xC0030080 W
0xC00300C0 W
0xC0030100 W
0xC0030140 W
0xC0030180 W
0xC00301C0 W
0xC0030200 W
0xC0030240 W
0xC0030280 W
0xC00302C0 W
0xC0030300 W
0xC0030340 W
0xC0030380 W
0xC00303C0 W
0xC0030400 W
0xC0030440 W
0xC0030480 W
0xC00304C0 W
0xC0030500 W
0xC0030540 W
0xC0030580 W
0xC00305C0 W
0xC0030600 W
0xC0030640 W
0xC0030680 W
0xC00306C0 W
0xC0030700 W
0xC0030740 W
0xC0030780 W
0xC00307C0 W
0xC0030800 W
0xC0030840 W
0xC0030880 W
0xC00308C0 W
0xC0030900 W
0xC0030940 W
0xC0030980 W
0xC00309C0 W
0xC0030A00 W
0xC0030A40 W
0xC0030A80 W
0xC0030AC0 W
0xC0030B00 W
0xC0030B40 W
0xC0030B80 W
0xC0030BC0 W
0xC0030C00 W
0xC0030C40 W
0xC0030C80 W
0xC0030CC0 W
0xC0030D00 W
0xC0030D40 W
0xC0030D80 W
0xC0030DC0 W
0xC0030E00 W
0xC0030E40 W
0xC0030E80 W
0xC0030EC0 W
0xC0030F00 W
0xC0030F40 W
0xC0030F80 W
0xC0030FC0 W
0xC0031000 W
0xC0031040 W
0xC0031080 W
0xC00310C0 W
0xC0031100 W
0xC0031140 W
0xC0031180 W
0xC00311C0 W
0xC0031200 W
0xC0031240 W
0xC0031280 W
0xC00312C0 W
0xC0031300 W
0xC0031340 W
0xC0031380 W
0xC00313C0 W
0xC0031400 W
0xC0031440 W
0xC0031480 W
0xC00314C0 W
0xC0031500 W
0xC0031540 W
0xC0031580 W
0xC00315C0 W
0xC0031600 W
0xC0031640 W
0xC0031680 W
0xC00316C0 W
0xC0031700 W
0xC0031740 W
0xC0031780 W
0xC00317C0 W
0xC0031800 W
0xC0031840 W
0xC0031880 W
0xC00318C0 W
0xC0031900 W
0xC0031940 W
0xC0031980 W
0xC00319C0 W
0xC0031A00 W
0xC0031A40 W
0xC0031A80 W
0xC0031AC0 W
0xC0031B00 W
0xC0031B40 W
0xC0031B80 W
0xC0031BC0 W
0xC0031C00 W
0xC0031C40 W
0xC0031C80 W
0xC0031CC0 W
0xC0031D00 W
0xC0031D40 W
0xC0031D80 W
0xC0031DC0 W
0xC0031E00 W
0xC0031E40 W
0xC0031E80 W
0xC0031EC0 W
0xC0031F00 W
0xC0031F40 W
0xC0031F80 W
0xC0031FC0 W
0xC0032000 W
0xC0032040 W
0xC0032080 W
0xC00320C0 W
0xC0032100 W
0xC0032140 W
0xC0032180 W
0xC00321C0 W
0xC0032200 W
0xC0032240 W
0xC0032280 W
0xC00322C0 W
0xC0032300 W
0xC0032340 W
0xC0032380 W
0xC00323C0 W
0xC0032400 W
0xC0032440 W
0xC0032480 W
0xC00324C0 W
0xC0032500 W
0xC0032540 W
0xC0032580 W
0xC00325C0 W
0xC0032600 W
0xC0032640 W
0xC0032680 W
0xC00326C0 W
0xC0032700 W
0xC0032740 W
0xC0032780 W
0xC00327C0 W
0xC0032800 W
0xC0032840 W
0xC0032880 W
0xC00328C0 W
0xC0032900 W
0xC0032940 W
0xC0032980 W
0xC00329C0 W
0xC0032A00 W
0xC0032A40 W
0xC0032A80 W
0xC0032AC0 W
0xC0032B00 W
0xC0032B40 W
0xC0032B80 W
0xC0032BC0 W
0xC0032C00 W
0xC0032C40 W
0xC0032C80 W
0xC0032CC0 W
0xC0032D00 W
0xC0032D40 W
0xC0032D80 W
0xC0032DC0 W
0xC0032E00 W
0xC0032E40 W
0xC0032E80 W
0xC0032EC0 W
0xC0032F00 W
0xC0032F40 W
0xC0032F80 W
0xC0032FC0 W
0xC0033000 W
0xC0033040 W
0xC0033080 W
0xC00330C0 W
0xC0033100 W
0xC0033140 W
0xC0033180 W
0xC00331C0 W
0xC0033200 W
0xC0033240 W
0xC0033280 W
0xC00332C0 W
0xC0033300 W
0xC0033340 W
0xC0033380 W
0xC00333C0 W
0xC0033400 W
0xC0033440 W
0xC0033480 W
0xC00334C0 W
0xC0033500 W
0xC0033540 W
0xC0033580 W
0xC00335C0 W
0xC0033600 W
0xC0033640 W
0xC0033680 W
0xC00336C0 W
0xC0033700 W
0xC0033740 W
0xC0033780 W
0xC00337C0 W
0xC0033800 W
0xC0033840 W
0xC0033880 W
0xC00338C0 W
0xC0033900 W
0xC0033940 W
0xC0033980 W
0xC00339C0 W
0xC0033A00 W
0xC0033A40 W
0xC0033A80 W
0xC0033AC0 W
0xC0033B00 W
0xC0033B40 W
0xC0033B80 W
0xC0033BC0 W
0xC0033C00 W
0xC0033C40 W
0xC0033C80 W
0xC0033CC0 W
0xC0033D00 W
0xC0033D40 W
0xC0033D80 W
0xC0033DC0 W
0xC0033E00 W
0xC0033E40 W
0xC0033E80 W
0xC0033EC0 W
0xC0033F00 W
0xC0033F40 W
0xC0033F80 W
0xC0033FC0 W
0xC0034000 W
0xC0034040 W
0xC0034080 W
0xC00340C0 W
0xC0034100 W
0xC0034140 W
0xC0034180 W
0xC00341C0 W
0xC0034200 W
0xC0034240 W
0xC0034280 W
0xC00342C0 W
0xC0034300 W
0xC0034340 W
0xC0034380 W
0xC00343C0 W
0xC0034400 W
0xC0034440 W
0xC0034480 W
0xC00344C0 W
0xC0034500 W
0xC0034540 W
0xC0034580 W
0xC00345C0 W
0xC0034600 W
0xC0034640 W
0xC0034680 W
0xC00346C0 W
0xC0034700 W
0xC0034740 W
0xC0034780 W
0xC00347C0 W
0xC0034800 W
0xC0034840 W
0xC0034880 W
0xC00348C0 W
0xC0034900 W
0xC0034940 W
0xC0034980 W
0xC00349C0 W
0xC0034A00 W
0xC0034A40 W
0xC0034A80 W
0xC0034AC0 W
0xC0034B00 W
0xC0034B40 W
0xC0034B80 W
0xC0034BC0 W
0xC0034C00 W
0xC0034C40 W
0xC0034C80 W
0xC0034CC0 W
0xC0034D00 W
0xC0034D40 W
0xC0034D80 W
0xC0034DC0 W
0xC0034E00 W
0xC0034E40 W
0xC0034E80 W
0xC0034EC0 W
0xC0034F00 W
0xC0034F40 W
0xC0034F80 W
0xC0034FC0 W
0xC0035000 W
0xC0035040 W
0xC0035080 W
0xC00350C0 W
0xC0035100 W
0xC0035140 W
0xC0035180 W
0xC00351C0 W
0xC0035200 W
0xC0035240 W
0xC0035280 W
0xC00352C0 W
0xC0035300 W
0xC0035340 W
0xC0035380 W
0xC00353C0 W
0xC0035400 W
0xC0035440 W
0xC0035480 W
0xC00354C0 W
0xC0035500 W
0xC0035540 W
0xC0035580 W
0xC00355C0 W
0xC0035600 W
0xC0035640 W
0xC0035680 W
0xC00356C0 W
0xC0035700 W
0xC0035740 W
0xC0035780 W
0xC00357C0 W
0xC0035800 W
0xC0035840 W
0xC0035880 W
0xC00358C0 W
0xC0035900 W
0xC0035940 W
0xC0035980 W
0xC00359C0 W
0xC0035A00 W
0xC0035A40 W
0xC0035A80 W
0xC0035AC0 W
0xC0035B00 W
0xC0035B40 W
0xC0035B80 W
0xC0035BC0 W
0xC0035C00 W
0xC0035C40 W
0xC0035C80 W
0xC0035CC0 W
0xC0035D00 W
0xC0035D40 W
0xC0035D80 W
0xC0035DC0 W
0xC0035E00 W
0xC0035E40 W
0xC0035E80 W
0xC0035EC0 W
0xC0035F00 W
0xC0035F40 W
0xC0035F80 W
0xC0035FC0 W
0xC0036000 W
0xC0036040 W
0xC0036080 W
0xC00360C0 W
0xC0036100 W
0xC0036140 W
0xC0036180 W
0xC00361C0 W
0xC0036200 W
0xC0036240 W
0xC0036280 W
0xC00362C0 W
0xC0036300 W
0xC0036340 W
0xC0036380 W
0xC00363C0 W
0xC0036400 W
0xC0036440 W
0xC0036480 W
0xC00364C0 W
0xC0036500 W
0xC0036540 W
0xC0036580 W
0xC00365C0 W
0xC0036600 W
0xC0036640 W
0xC0036680 W
0xC00366C0 W
0xC0036700 W
0xC0036740 W
0xC0036780 W
0xC00367C0 W
0xC0036800 W
0xC0036840 W
0xC0036880 W
0xC00368C0 W
0xC0036900 W
0xC0036940 W
0xC0036980 W
0xC00369C0 W
0xC0036A00 W
0xC0036A40 W
0xC0036A80 W
0xC0036AC0 W
0xC0036B00 W
0xC0036B40 W
0xC0036B80 W
0xC0036BC0 W
0xC0036C00 W
0xC0036C40 W
0xC0036C80 W
0xC0036CC0 W
0xC0036D00 W
0xC0036D40 W
0xC0036D80 W
0xC0036DC0 W
0xC0036E00 W
0xC0036E40 W
0xC0036E80 W
0xC0036EC0 W
0xC0036F00 W
0xC0036F40 W
0xC0036F80 W
0xC0036FC0 W
0xC0037000 W
0xC0037040 W
0xC0037080 W
0xC00370C0 W
0xC0037100 W
0xC0037140 W
0xC0037180 W
0xC00371C0 W
0xC0037200 W
0xC0037240 W
0xC0037280 W
0xC00372C0 W
0xC0037300 W
0xC0037340 W
0xC0037380 W
0xC00373C0 W
0xC0037400 W
0xC0037440 W
0xC0037480 W
0xC00374C0 W
0xC0037500 W
0xC0037540 W
0xC0037580 W
0xC00375C0 W
0xC0037600 W
0xC0037640 W
0xC0037680 W
0xC00376C0 W
0xC0037700 W
0xC0037740 W
0xC0037780 W
0xC00377C0 W
0xC0037800 W
0xC0037840 W
0xC0037880 W
0xC00378C0 W
0xC0037900 W
0xC0037940 W
0xC0037980 W
0xC00379C0 W
0xC0037A00 W
0xC0037A40 W
0xC0037A80 W
0xC0037AC0 W
0xC0037B00 W
0xC0037B40 W
0xC0037B80 W
0xC0037BC0 W
0xC0037C00 W
0xC0037C40 W
0xC0037C80 W
0xC0037CC0 W
0xC0037D00 W
0xC0037D40 W
0xC0037D80 W
0xC0037DC0 W
0xC0037E00 W
0xC0037E40 W
0xC0037E80 W
0xC0037EC0 W
0xC0037F00 W
0xC0037F40 W
0xC0037F80 W
0xC0037FC0 W
0xC0038000 W
0xC0038040 W
0xC0038080 W
0xC00380C0 W
0xC0038100 W
0xC0038140 W
0xC0038180 W
0xC00381C0 W
0xC0038200 W
0xC0038240 W
0xC0038280 W
0xC00382C0 W
0xC0038300 W
0xC0038340 W
0xC0038380 W
0xC00383C0 W
0xC0038400 W
0xC0038440 W
0xC0038480 W
0xC00384C0 W
0xC0038500 W
0xC0038540 W
0xC0038580 W
0xC00385C0 W
0xC0038600 W
0xC0038640 W
0xC0038680 W
0xC00386C0 W
0xC0038700 W
0xC0038740 W
0xC0038780 W
0xC00387C0 W
0xC0038800 W
0xC0038840 W
0xC0038880 W
0xC00388C0 W
0xC0038900 W
0xC0038940 W
0xC0038980 W
0xC00389C0 W
0xC0038A00 W
0xC0038A40 W
0xC0038A80 W
0xC0038AC0 W
0xC0038B00 W
0xC0038B40 W
0xC0038B80 W
0xC0038BC0 W
0xC0038C00 W
0xC0038C40 W
0xC0038C80 W
0xC0038CC0 W
0xC0038D00 W
0xC0038D40 W
0xC0038D80 W
0xC0038DC0 W
0xC0038E00 W
0xC0038E40 W
0xC0038E80 W
0xC0038EC0 W
0xC0038F00 W
0xC0038F40 W
0xC0038F80 W
0xC0038FC0 W
0xC0039000 W
0xC0039040 W
0xC0039080 W
0xC00390C0 W
0xC0039100 W
0xC0039140 W
0xC0039180 W
0xC00391C0 W
0xC0039200 W
0xC0039240 W
0xC0039280 W
0xC00392C0 W
0xC0039300 W
0xC0039340 W
0xC0039380 W
0xC00393C0 W
0xC0039400 W
0xC0039440 W
0xC0039480 W
0xC00394C0 W
0xC0039500 W
0xC0039540 W
0xC0039580 W
0xC00395C0 W
0xC0039600 W
0xC0039640 W
0xC0039680 W
0xC00396C0 W
0xC0039700 W
0xC0039740 W
0xC0039780 W
0xC00397C0 W
0xC0039800 W
0xC0039840 W
0xC0039880 W
0xC00398C0 W
0xC0039900 W
0xC0039940 W
0xC0039980 W
0xC00399C0 W
0xC0039A00 W
0xC0039A40 W
0xC0039A80 W
0xC0039AC0 W
0xC0039B00 W
0xC0039B40 W
0xC0039B80 W
0xC0039BC0 W
0xC0039C00 W
0xC0039C40 W
0xC0039C80 W
0xC0039CC0 W
0xC0039D00 W
0xC0039D40 W
0xC0039D80 W
0xC0039DC0 W
0xC0039E00 W
0xC0039E40 W
0xC0039E80 W
0xC0039EC0 W
0xC0039F00 W
0xC0039F40 W
0xC0039F80 W
0xC0039FC0 W
0xC003A000 W
0xC003A040 W
0xC003A080 W
0xC003A0C0 W
0xC003A100 W
0xC003A140 W
0xC003A180 W
0xC003A1C0 W
0xC003A200 W
0xC003A240 W
0xC003A280 W
0xC003A2C0 W
0xC003A300 W
0xC003A340 W
0xC003A380 W
0xC003A3C0 W
0xC003A400 W
0xC003A440 W
0xC003A480 W
0xC003A4C0 W
0xC003A500 W
0xC003A540 W
0xC003A580 W
0xC003A5C0 W
0xC003A600 W
0xC003A640 W
0xC003A680 W
0xC003A6C0 W
0xC003A700 W
0xC003A740 W
0xC003A780 W
0xC003A7C0 W
0xC003A800 W
0xC003A840 W
0xC003A880 W
0xC003A8C0 W
0xC003A900 W
0xC003A940 W
0xC003A980 W
0xC003A9C0 W
0xC003AA00 W
0xC003AA40 W
0xC003AA80 W
0xC003AAC0 W
0xC003AB00 W
0xC003AB40 W
0xC003AB80 W
0xC003ABC0 W
0xC003AC00 W
0xC003AC40 W
0xC003AC80 W
0xC003ACC0 W
0xC003AD00 W
0xC003AD40 W
0xC003AD80 W
0xC003ADC0 W
0xC003AE00 W
0xC003AE40 W
0xC003AE80 W
0xC003AEC0 W
0xC003AF00 W
0xC003AF40 W
0xC003AF80 W
0xC003AFC0 W
0xC003B000 W
0xC003B040 W
0xC003B080 W
0xC003B0C0 W
0xC003B100 W
0xC003B140 W
0xC003B180 W
0xC003B1C0 W
0xC003B200 W
0xC003B240 W
0xC003B280 W
0xC003B2C0 W
0xC003B300 W
0xC003B340 W
0xC003B380 W
0xC003B3C0 W
0xC003B400 W
0xC003B440 W
0xC003B480 W
0xC003B4C0 W
0xC003B500 W
0xC003B540 W
0xC003B580 W
0xC003B5C0 W
0xC003B600 W
0xC003B640 W
0xC003B680 W
0xC003B6C0 W
0xC003B700 W
0xC003B740 W
0xC003B780 W
0xC003B7C0 W
0xC003B800 W
0xC003B840 W
0xC003B880 W
0xC003B8C0 W
0xC003B900 W
0xC003B940 W
0xC003B980 W
0xC003B9C0 W
0xC003BA00 W
0xC003BA40 W
0xC003BA80 W
0xC003BAC0 W
0xC003BB00 W
0xC003BB40 W
0xC003BB80 W
0xC003BBC0 W
0xC003BC00 W
0xC003BC40 W
0xC003BC80 W
0xC003BCC0 W
0xC003BD00 W
0xC003BD40 W
0xC003BD80 W
0xC003BDC0 W
0xC003BE00 W
0xC003BE40 W
0xC003BE80 W
0xC003BEC0 W
0xC003BF00 W
0xC003BF40 W
0xC003BF80 W
0xC003BFC0 W
0xC003C000 W
0xC003C040 W
0xC003C080 W
0xC003C0C0 W
0xC003C100 W
0xC003C140 W
0xC003C180 W
0xC003C1C0 W
0xC003C200 W
0xC003C240 W
0xC003C280 W
0xC003C2C0 W
0xC003C300 W
0xC003C340 W
0xC003C380 W
0xC003C3C0 W
0xC003C400 W
0xC003C440 W
0xC003C480 W
0xC003C4C0 W
0xC003C500 W
0xC003C540 W
0xC003C580 W
0xC003C5C0 W
0xC003C600 W
0xC003C640 W
0xC003C680 W
0xC003C6C0 W
0xC003C700 W
0xC003C740 W
0xC003C780 W
0xC003C7C0 W
0xC003C800 W
0xC003C840 W
0xC003C880 W
0xC003C8C0 W
0xC003C900 W
0xC003C940 W
0xC003C980 W
0xC003C9C0 W
0xC003CA00 W
0xC003CA40 W
0xC003CA80 W
0xC003CAC0 W
0xC003CB00 W
0xC003CB40 W
0xC003CB80 W
0xC003CBC0 W
0xC003CC00 W
0xC003CC40 W
0xC003CC80 W
0xC003CCC0 W
0xC003CD00 W
0xC003CD40 W
0xC003CD80 W
0xC003CDC0 W
0xC003CE00 W
0xC003CE40 W
0xC003CE80 W
0xC003CEC0 W
0xC003CF00 W
0xC003CF40 W
0xC003CF80 W
0xC003CFC0 W
0xC003D000 W
0xC003D040 W
0xC003D080 W
0xC003D0C0 W
0xC003D100 W
0xC003D140 W
0xC003D180 W
0xC003D1C0 W
0xC003D200 W
0xC003D240 W
0xC003D280 W
0xC003D2C0 W
0xC003D300 W
0xC003D340 W
0xC003D380 W
0xC003D3C0 W
0xC003D400 W
0xC003D440 W
0xC003D480 W
0xC003D4C0 W
0xC003D500 W
0xC003D540 W
0xC003D580 W
0xC003D5C0 W
0xC003D600 W
0xC003D640 W
0xC003D680 W
0xC003D6C0 W
0xC003D700 W
0xC003D740 W
0xC003D780 W
0xC003D7C0 W
0xC003D800 W
0xC003D840 W
0xC003D880 W
0xC003D8C0 W
0xC003D900 W
0xC003D940 W
0xC003D980 W
0xC003D9C0 W
0xC003DA00 W
0xC003DA40 W
0xC003DA80 W
0xC003DAC0 W
0xC003DB00 W
0xC003DB40 W
0xC003DB80 W
0xC003DBC0 W
0xC003DC00 W
0xC003DC40 W
0xC003DC80 W
0xC003DCC0 W
0xC003DD00 W
0xC003DD40 W
0xC003DD80 W
0xC003DDC0 W
0xC003DE00 W
0xC003DE40 W
0xC003DE80 W
0xC003DEC0 W
0xC003DF00 W
0xC003DF40 W
0xC003DF80 W
0xC003DFC0 W
0xC003E000 W
0xC003E040 W
0xC003E080 W
0xC003E0C0 W
0xC003E100 W
0xC003E140 W
0xC003E180 W
0xC003E1C0 W
0xC003E200 W
0xC003E240 W
0xC003E280 W
0xC003E2C0 W
0xC003E300 W
0xC003E340 W
0xC003E380 W
0xC003E3C0 W
0xC003E400 W
0xC003E440 W
0xC003E480 W
0xC003E4C0 W
0xC003E500 W
0xC003E540 W
0xC003E580 W
0xC003E5C0 W
0xC003E600 W
0xC003E640 W
0xC003E680 W
0xC003E6C0 W
0xC003E700 W
0xC003E740 W
0xC003E780 W
0xC003E7C0 W
0xC003E800 W
0xC003E840 W
0xC003E880 W
0xC003E8C0 W
0xC003E900 W
0xC003E940 W
0xC003E980 W
0xC003E9C0 W
0xC003EA00 W
0xC003EA40 W
0xC003EA80 W
0xC003EAC0 W
0xC003EB00 W
0xC003EB40 W
0xC003EB80 W
0xC003EBC0 W
0xC003EC00 W
0xC003EC40 W
0xC003EC80 W
0xC003ECC0 W
0xC003ED00 W
0xC003ED40 W
0xC003ED80 W
0xC003EDC0 W
0xC003EE00 W
0xC003EE40 W
0xC003EE80 W
0xC003EEC0 W
0xC003EF00 W
0xC003EF40 W
0xC003EF80 W
0xC003EFC0 W
0xC003F000 W
0xC003F040 W
0xC003F080 W
0xC003F0C0 W
0xC003F100 W
0xC003F140 W
0xC003F180 W
0xC003F1C0 W
0xC003F200 W
0xC003F240 W
0xC003F280 W
0xC003F2C0 W
0xC003F300 W
0xC003F340 W
0xC003F380 W
0xC003F3C0 W
0xC003F400 W
0xC003F440 W
0xC003F480 W
0xC003F4C0 W
0xC003F500 W
0xC003F540 W
0xC003F580 W
0xC003F5C0 W
0xC003F600 W
0xC003F640 W
0xC003F680 W
0xC003F6C0 W
0xC003F700 W
0xC003F740 W
0xC003F780 W
0xC003F7C0 W
0xC003F800 W
0xC003F840 W
0xC003F880 W
0xC003F8C0 W
0xC003F900 W
0xC003F940 W
0xC003F980 W
0xC003F9C0 W
0xC003FA00 W
0xC003FA40 W
0xC003FA80 W
0xC003FAC0 W
0xC003FB00 W
0xC003FB40 W
0xC003FB80 W
0xC003FBC0 W
0xC003FC00 W
0xC003FC40 W
0xC003FC80 W
0xC003FCC0 W
0xC003FD00 W
0xC003FD40 W
0xC003FD80 W
0xC003FDC0 W
0xC003FE00 W
0xC003FE40 W
0xC003FE80 W
0xC003FEC0 W
0xC003FF00 W
0xC003FF40 W
0xC003FF80 W
0xC003FFC0 W
0xC0030000 R
0xC0030040 R
0xC0030080 R
0xC00300C0 R
0xC0030100 R
0xC0030140 R
0xC0030180 R
0xC00301C0 R
0xC0030200 R
0xC0030240 R
0xC0030280 R
0xC00302C0 R
0xC0030300 R
0xC0030340 R
0xC0030380 R
0xC00303C0 R
0xC0030400 R
0xC0030440 R
0xC0030480 R
0xC00304C0 R
0xC0030500 R
0xC0030540 R
0xC0030580 R
0xC00305C0 R
0xC0030600 R
0xC0030640 R
0xC0030680 R
0xC00306C0 R
0xC0030700 R
0xC0030740 R
0xC0030780 R
0xC00307C0 R
0xC0030800 R
0xC0030840 R
0xC0030880 R
0xC00308C0 R
0xC0030900 R
0xC0030940 R
0xC0030980 R
0xC00309C0 R
0xC0030A00 R
0xC0030A40 R
0xC0030A80 R
0xC0030AC0 R
0xC0030B00 R
0xC0030B40 R
0xC0030B80 R
0xC0030BC0 R
0xC0030C00 R
0xC0030C40 R
0xC0030C80 R
0xC0030CC0 R
0xC0030D00 R
0xC0030D40 R
0xC0030D80 R
0xC0030DC0 R
0xC0030E00 R
0xC0030E40 R
0xC0030E80 R
0xC0030EC0 R
0xC0030F00 R
0xC0030F40 R
0xC0030F80 R
0xC0030FC0 R
0xC0031000 R
0xC0031040 R
0xC0031080 R
0xC00310C0 R
0xC0031100 R
0xC0031140 R
0xC0031180 R
0xC00311C0 R
0xC0031200 R
0xC0031240 R
0xC0031280 R
0xC00312C0 R
0xC0031300 R
0xC0031340 R
0xC0031380 R
0xC00313C0 R
0xC0031400 R
0xC0031440 R
0xC0031480 R
0xC00314C0 R
0xC0031500 R
0xC0031540 R
0xC0031580 R
0xC00315C0 R
0xC0031600 R
0xC0031640 R
0xC0031680 R
0xC00316C0 R
0xC0031700 R
0xC0031740 R
0xC0031780 R
0xC00317C0 R
0xC0031800 R
0xC0031840 R
0xC0031880 R
0xC00318C0 R
0xC0031900 R
0xC0031940 R
0xC0031980 R
0xC00319C0 R
0xC0031A00 R
0xC0031A40 R
0xC0031A80 R
0xC0031AC0 R
0xC0031B00 R
0xC0031B40 R
0xC0031B80 R
0xC0031BC0 R
0xC0031C00 R
0xC0031C40 R
0xC0031C80 R
0xC0031CC0 R
0xC0031D00 R
0xC0031D40 R
0xC0031D80 R
0xC0031DC0 R
0xC0031E00 R
0xC0031E40 R
0xC0031E80 R
0xC0031EC0 R
0xC0031F00 R
0xC0031F40 R
0xC0031F80 R
0xC0031FC0 R
0xC0032000 R
0xC0032040 R
0xC0032080 R
0xC00320C0 R
0xC0032100 R
0xC0032140 R
0xC0032180 R
0xC00321C0 R
0xC0032200 R
0xC0032240 R
0xC0032280 R
0xC00322C0 R
0xC0032300 R
0xC0032340 R
0xC0032380 R
0xC00323C0 R
0xC0032400 R
0xC0032440 R
0xC0032480 R
0xC00324C0 R
0xC0032500 R
0xC0032540 R
0xC0032580 R
0xC00325C0 R
0xC0032600 R
0xC0032640 R
0xC0032680 R
0xC00326C0 R
0xC0032700 R
0xC0032740 R
0xC0032780 R
0xC00327C0 R
0xC0032800 R
0xC0032840 R
0xC0032880 R
0xC00328C0 R
0xC0032900 R
0xC0032940 R
0xC0032980 R
0xC00329C0 R
0xC0032A00 R
0xC0032A40 R
0xC0032A80 R
0xC0032AC0 R
0xC0032B00 R
0xC0032B40 R
0xC0032B80 R
0xC0032BC0 R
0xC0032C00 R
0xC0032C40 R
0xC0032C80 R
0xC0032CC0 R
0xC0032D00 R
0xC0032D40 R
0xC0032D80 R
0xC0032DC0 R
0xC0032E00 R
0xC0032E40 R
0xC0032E80 R
0xC0032EC0 R
0xC0032F00 R
0xC0032F40 R
0xC0032F80 R
0xC0032FC0 R
0xC0033000 R
0xC0033040 R
0xC0033080 R
0xC00330C0 R
0xC0033100 R
0xC0033140 R
0xC0033180 R
0xC00331C0 R
0xC0033200 R
0xC0033240 R
0xC0033280 R
0xC00332C0 R
0xC0033300 R
0xC0033340 R
0xC0033380 R
0xC00333C0 R
0xC0033400 R
0xC0033440 R
0xC0033480 R
0xC00334C0 R
0xC0033500 R
0xC0033540 R
0xC0033580 R
0xC00335C0 R
0xC0033600 R
0xC0033640 R
0xC0033680 R
0xC00336C0 R
0xC0033700 R
0xC0033740 R
0xC0033780 R
0xC00337C0 R
0xC0033800 R
0xC0033840 R
0xC0033880 R
0xC00338C0 R
0xC0033900 R
0xC0033940 R
0xC0033980 R
0xC00339C0 R
0xC0033A00 R
0xC0033A40 R
0xC0033A80 R
0xC0033AC0 R
0xC0033B00 R
0xC0033B40 R
0xC0033B80 R
0xC0033BC0 R
0xC0033C00 R
0xC0033C40 R
0xC0033C80 R
0xC0033CC0 R
0xC0033D00 R
0xC0033D40 R
0xC0033D80 R
0xC0033DC0 R
0xC0033E00 R
0xC0033E40 R
0xC0033E80 R
0xC0033EC0 R
0xC0033F00 R
0xC0033F40 R
0xC0033F80 R
0xC0033FC0 R
0xC0034000 R
0xC0034040 R
0xC0034080 R
0xC00340C0 R
0xC0034100 R
0xC0034140 R
0xC0034180 R
0xC00341C0 R
0xC0034200 R
0xC0034240 R
0xC0034280 R
0xC00342C0 R
0xC0034300 R
0xC0034340 R
0xC0034380 R
0xC00343C0 R
0xC0034400 R
0xC0034440 R
0xC0034480 R
0xC00344C0 R
0xC0034500 R
0xC0034540 R
0xC0034580 R
0xC00345C0 R
0xC0034600 R
0xC0034640 R
0xC0034680 R
0xC00346C0 R
0xC0034700 R
0xC0034740 R
0xC0034780 R
0xC00347C0 R
0xC0034800 R
0xC0034840 R
0xC0034880 R
0xC00348C0 R
0xC0034900 R
0xC0034940 R
0xC0034980 R
0xC00349C0 R
0xC0034A00 R
0xC0034A40 R
0xC0034A80 R
0xC0034AC0 R
0xC0034B00 R
0xC0034B40 R
0xC0034B80 R
0xC0034BC0 R
0xC0034C00 R
0xC0034C40 R
0xC0034C80 R
0xC0034CC0 R
0xC0034D00 R
0xC0034D40 R
0xC0034D80 R
0xC0034DC0 R
0xC0034E00 R
0xC0034E40 R
0xC0034E80 R
0xC0034EC0 R
0xC0034F00 R
0xC0034F40 R
0xC0034F80 R
0xC0034FC0 R
0xC0035000 R
0xC0035040 R
0xC0035080 R
0xC00350C0 R
0xC0035100 R
0xC0035140 R
0xC0035180 R
0xC00351C0 R
0xC0035200 R
0xC0035240 R
0xC0035280 R
0xC00352C0 R
0xC0035300 R
0xC0035340 R
0xC0035380 R
0xC00353C0 R
0xC0035400 R
0xC0035440 R
0xC0035480 R
0xC00354C0 R
0xC0035500 R
0xC0035540 R
0xC0035580 R
0xC00355C0 R
0xC0035600 R
0xC0035640 R
0xC0035680 R
0xC00356C0 R
0xC0035700 R
0xC0035740 R
0xC0035780 R
0xC00357C0 R
0xC0035800 R
0xC0035840 R
0xC0035880 R
0xC00358C0 R
0xC0035900 R
0xC0035940 R
0xC0035980 R
0xC00359C0 R
0xC0035A00 R
0xC0035A40 R
0xC0035A80 R
0xC0035AC0 R
0xC0035B00 R
0xC0035B40 R
0xC0035B80 R
0xC0035BC0 R
0xC0035C00 R
0xC0035C40 R
0xC0035C80 R
0xC0035CC0 R
0xC0035D00 R
0xC0035D40 R
0xC0035D80 R
0xC0035DC0 R
0xC0035E00 R
0xC0035E40 R
0xC0035E80 R
0xC0035EC0 R
0xC0035F00 R
0xC0035F40 R
0xC0035F80 R
0xC0035FC0 R
0xC0036000 R
0xC0036040 R
0xC0036080 R
0xC00360C0 R
0xC0036100 R
0xC0036140 R
0xC0036180 R
0xC00361C0 R
0xC0036200 R
0xC0036240 R
0xC0036280 R
0xC00362C0 R
0xC0036300 R
0xC0036340 R
0xC0036380 R
0xC00363C0 R
0xC0036400 R
0xC0036440 R
0xC0036480 R
0xC00364C0 R
0xC0036500 R
0xC0036540 R
0xC0036580 R
0xC00365C0 R
0xC0036600 R
0xC0036640 R
0xC0036680 R
0xC00366C0 R
0xC0036700 R
0xC0036740 R
0xC0036780 R
0xC00367C0 R
0xC0036800 R
0xC0036840 R
0xC0036880 R
0xC00368C0 R
0xC0036900 R
0xC0036940 R
0xC0036980 R
0xC00369C0 R
0xC0036A00 R
0xC0036A40 R
0xC0036A80 R
0xC0036AC0 R
0xC0036B00 R
0xC0036B40 R
0xC0036B80 R
0xC0036BC0 R
0xC0036C00 R
0xC0036C40 R
0xC0036C80 R
0xC0036CC0 R
0xC0036D00 R
0xC0036D40 R
0xC0036D80 R
0xC0036DC0 R
0xC0036E00 R
0xC0036E40 R
0xC0036E80 R
0xC0036EC0 R
0xC0036F00 R
0xC0036F40 R
0xC0036F80 R
0xC0036FC0 R
0xC0037000 R
0xC0037040 R
0xC0037080 R
0xC00370C0 R
0xC0037100 R
0xC0037140 R
0xC0037180 R
0xC00371C0 R
0xC0037200 R
0xC0037240 R
0xC0037280 R
0xC00372C0 R
0xC0037300 R
0xC0037340 R
0xC0037380 R
0xC00373C0 R
0xC0037400 R
0xC0037440 R
0xC0037480 R
0xC00374C0 R
0xC0037500 R
0xC0037540 R
0xC0037580 R
0xC00375C0 R
0xC0037600 R
0xC0037640 R
0xC0037680 R
0xC00376C0 R
0xC0037700 R
0xC0037740 R
0xC0037780 R
0xC00377C0 R
0xC0037800 R
0xC0037840 R
0xC0037880 R
0xC00378C0 R
0xC0037900 R
0xC0037940 R
0xC0037980 R
0xC00379C0 R
0xC0037A00 R
0xC0037A40 R
0xC0037A80 R
0xC0037AC0 R
0xC0037B00 R
0xC0037B40 R
0xC0037B80 R
0xC0037BC0 R
0xC0037C00 R
0xC0037C40 R
0xC0037C80 R
0xC0037CC0 R
0xC0037D00 R
0xC0037D40 R
0xC0037D80 R
0xC0037DC0 R
0xC0037E00 R
0xC0037E40 R
0xC0037E80 R
0xC0037EC0 R
0xC0037F00 R
0xC0037F40 R
0xC0037F80 R
0xC0037FC0 R
0xC0038000 R
0xC0038040 R
0xC0038080 R
0xC00380C0 R
0xC0038100 R
0xC0038140 R
0xC0038180 R
0xC00381C0 R
0xC0038200 R
0xC0038240 R
0xC0038280 R
0xC00382C0 R
0xC0038300 R
0xC0038340 R
0xC0038380 R
0xC00383C0 R
0xC0038400 R
0xC0038440 R
0xC0038480 R
0xC00384C0 R
0xC0038500 R
0xC0038540 R
0xC0038580 R
0xC00385C0 R
0xC0038600 R
0xC0038640 R
0xC0038680 R
0xC00386C0 R
0xC0038700 R
0xC0038740 R
0xC0038780 R
0xC00387C0 R
0xC0038800 R
0xC0038840 R
0xC0038880 R
0xC00388C0 R
0xC0038900 R
0xC0038940 R
0xC0038980 R
0xC00389C0 R
0xC0038A00 R
0xC0038A40 R
0xC0038A80 R
0xC0038AC0 R
0xC0038B00 R
0xC0038B40 R
0xC0038B80 R
0xC0038BC0 R
0xC0038C00 R
0xC0038C40 R
0xC0038C80 R
0xC0038CC0 R
0xC0038D00 R
0xC0038D40 R
0xC0038D80 R
0xC0038DC0 R
0xC0038E00 R
0xC0038E40 R
0xC0038E80 R
0xC0038EC0 R
0xC0038F00 R
0xC0038F40 R
0xC0038F80 R
0xC0038FC0 R
0xC0039000 R
0xC0039040 R
0xC0039080 R
0xC00390C0 R
0xC0039100 R
0xC0039140 R
0xC0039180 R
0xC00391C0 R
0xC0039200 R
0xC0039240 R
0xC0039280 R
0xC00392C0 R
0xC0039300 R
0xC0039340 R
0xC0039380 R
0xC00393C0 R
0xC0039400 R
0xC0039440 R
0xC0039480 R
0xC00394C0 R
0xC0039500 R
0xC0039540 R
0xC0039580 R
0xC00395C0 R
0xC0039600 R
0xC0039640 R
0xC0039680 R
0xC00396C0 R
0xC0039700 R
0xC0039740 R
0xC0039780 R
0xC00397C0 R
0xC0039800 R
0xC0039840 R
0xC0039880 R
0xC00398C0 R
0xC0039900 R
0xC0039940 R
0xC0039980 R
0xC00399C0 R
0xC0039A00 R
0xC0039A40 R
0xC0039A80 R
0xC0039AC0 R
0xC0039B00 R
0xC0039B40 R
0xC0039B80 R
0xC0039BC0 R
0xC0039C00 R
0xC0039C40 R
0xC0039C80 R
0xC0039CC0 R
0xC0039D00 R
0xC0039D40 R
0xC0039D80 R
0xC0039DC0 R
0xC0039E00 R
0xC0039E40 R
0xC0039E80 R
0xC0039EC0 R
0xC0039F00 R
0xC0039F40 R
0xC0039F80 R
0xC0039FC0 R
0xC003A000 R
0xC003A040 R
0xC003A080 R
0xC003A0C0 R
0xC003A100 R
0xC003A140 R
0xC003A180 R
0xC003A1C0 R
0xC003A200 R
0xC003A240 R
0xC003A280 R
0xC003A2C0 R
0xC003A300 R
0xC003A340 R
0xC003A380 R
0xC003A3C0 R
0xC003A400 R
0xC003A440 R
0xC003A480 R
0xC003A4C0 R
0xC003A500 R
0xC003A540 R
0xC003A580 R
0xC003A5C0 R
0xC003A600 R
0xC003A640 R
0xC003A680 R
0xC003A6C0 R
0xC003A700 R
0xC003A740 R
0xC003A780 R
0xC003A7C0 R
0xC003A800 R
0xC003A840 R
0xC003A880 R
0xC003A8C0 R
0xC003A900 R
0xC003A940 R
0xC003A980 R
0xC003A9C0 R
0xC003AA00 R
0xC003AA40 R
0xC003AA80 R
0xC003AAC0 R
0xC003AB00 R
0xC003AB40 R
0xC003AB80 R
0xC003ABC0 R
0xC003AC00 R
0xC003AC40 R
0xC003AC80 R
0xC003ACC0 R
0xC003AD00 R
0xC003AD40 R
0xC003AD80 R
0xC003ADC0 R
0xC003AE00 R
0xC003AE40 R
0xC003AE80 R
0xC003AEC0 R
0xC003AF00 R
0xC003AF40 R
0xC003AF80 R
0xC003AFC0 R
0xC003B000 R
0xC003B040 R
0xC003B080 R
0xC003B0C0 R
0xC003B100 R
0xC003B140 R
0xC003B180 R
0xC003B1C0 R
0xC003B200 R
0xC003B240 R
0xC003B280 R
0xC003B2C0 R
0xC003B300 R
0xC003B340 R
0xC003B380 R
0xC003B3C0 R
0xC003B400 R
0xC003B440 R
0xC003B480 R
0xC003B4C0 R
0xC003B500 R
0xC003B540 R
0xC003B580 R
0xC003B5C0 R
0xC003B600 R
0xC003B640 R
0xC003B680 R
0xC003B6C0 R
0xC003B700 R
0xC003B740 R
0xC003B780 R
0xC003B7C0 R
0xC003B800 R
0xC003B840 R
0xC003B880 R
0xC003B8C0 R
0xC003B900 R
0xC003B940 R
0xC003B980 R
0xC003B9C0 R
0xC003BA00 R
0xC003BA40 R
0xC003BA80 R
0xC003BAC0 R
0xC003BB00 R
0xC003BB40 R
0xC003BB80 R
0xC003BBC0 R
0xC003BC00 R
0xC003BC40 R
0xC003BC80 R
0xC003BCC0 R
0xC003BD00 R
0xC003BD40 R
0xC003BD80 R
0xC003BDC0 R
0xC003BE00 R
0xC003BE40 R
0xC003BE80 R
0xC003BEC0 R
0xC003BF00 R
0xC003BF40 R
0xC003BF80 R
0xC003BFC0 R
0xC003C000 R
0xC003C040 R
0xC003C080 R
0xC003C0C0 R
0xC003C100 R
0xC003C140 R
0xC003C180 R
0xC003C1C0 R
0xC003C200 R
0xC003C240 R
0xC003C280 R
0xC003C2C0 R
0xC003C300 R
0xC003C340 R
0xC003C380 R
0xC003C3C0 R
0xC003C400 R
0xC003C440 R
0xC003C480 R
0xC003C4C0 R
0xC003C500 R
0xC003C540 R
0xC003C580 R
0xC003C5C0 R
0xC003C600 R
0xC003C640 R
0xC003C680 R
0xC003C6C0 R
0xC003C700 R
0xC003C740 R
0xC003C780 R
0xC003C7C0 R
0xC003C800 R
0xC003C840 R
0xC003C880 R
0xC003C8C0 R
0xC003C900 R
0xC003C940 R
0xC003C980 R
0xC003C9C0 R
0xC003CA00 R
0xC003CA40 R
0xC003CA80 R
0xC003CAC0 R
0xC003CB00 R
0xC003CB40 R
0xC003CB80 R
0xC003CBC0 R
0xC003CC00 R
0xC003CC40 R
0xC003CC80 R
0xC003CCC0 R
0xC003CD00 R
0xC003CD40 R
0xC003CD80 R
0xC003CDC0 R
0xC003CE00 R
0xC003CE40 R
0xC003CE80 R
0xC003CEC0 R
0xC003CF00 R
0xC003CF40 R
0xC003CF80 R
0xC003CFC0 R
0xC003D000 R
0xC003D040 R
0xC003D080 R
0xC003D0C0 R
0xC003D100 R
0xC003D140 R
0xC003D180 R
0xC003D1C0 R
0xC003D200 R
0xC003D240 R
0xC003D280 R
0xC003D2C0 R
0xC003D300 R
0xC003D340 R
0xC003D380 R
0xC003D3C0 R
0xC003D400 R
0xC003D440 R
0xC003D480 R
0xC003D4C0 R
0xC003D500 R
0xC003D540 R
0xC003D580 R
0xC003D5C0 R
0xC003D600 R
0xC003D640 R
0xC003D680 R
0xC003D6C0 R
0xC003D700 R
0xC003D740 R
0xC003D780 R
0xC003D7C0 R
0xC003D800 R
0xC003D840 R
0xC003D880 R
0xC003D8C0 R
0xC003D900 R
0xC003D940 R
0xC003D980 R
0xC003D9C0 R
0xC003DA00 R
0xC003DA40 R
0xC003DA80 R
0xC003DAC0 R
0xC003DB00 R
0xC003DB40 R
0xC003DB80 R
0xC003DBC0 R
0xC003DC00 R
0xC003DC40 R
0xC003DC80 R
0xC003DCC0 R
0xC003DD00 R
0xC003DD40 R
0xC003DD80 R
0xC003DDC0 R
0xC003DE00 R
0xC003DE40 R
0xC003DE80 R
0xC003DEC0 R
0xC003DF00 R
0xC003DF40 R
0xC003DF80 R
0xC003DFC0 R
0xC003E000 R
0xC003E040 R
0xC003E080 R
0xC003E0C0 R
0xC003E100 R
0xC003E140 R
0xC003E180 R
0xC003E1C0 R
0xC003E200 R
0xC003E240 R
0xC003E280 R
0xC003E2C0 R
0xC003E300 R
0xC003E340 R
0xC003E380 R
0xC003E3C0 R
0xC003E400 R
0xC003E440 R
0xC003E480 R
0xC003E4C0 R
0xC003E500 R
0xC003E540 R
0xC003E580 R
0xC003E5C0 R
0xC003E600 R
0xC003E640 R
0xC003E680 R
0xC003E6C0 R
0xC003E700 R
0xC003E740 R
0xC003E780 R
0xC003E7C0 R
0xC003E800 R
0xC003E840 R
0xC003E880 R
0xC003E8C0 R
0xC003E900 R
0xC003E940 R
0xC003E980 R
0xC003E9C0 R
0xC003EA00 R
0xC003EA40 R
0xC003EA80 R
0xC003EAC0 R
0xC003EB00 R
0xC003EB40 R
0xC003EB80 R
0xC003EBC0 R
0xC003EC00 R
0xC003EC40 R
0xC003EC80 R
0xC003ECC0 R
0xC003ED00 R
0xC003ED40 R
0xC003ED80 R
0xC003EDC0 R
0xC003EE00 R
0xC003EE40 R
0xC003EE80 R
0xC003EEC0 R
0xC003EF00 R
0xC003EF40 R
0xC003EF80 R
0xC003EFC0 R
0xC003F000 R
0xC003F040 R
0xC003F080 R
0xC003F0C0 R
0xC003F100 R
0xC003F140 R
0xC003F180 R
0xC003F1C0 R
0xC003F200 R
0xC003F240 R
0xC003F280 R
0xC003F2C0 R
0xC003F300 R
0xC003F340 R
0xC003F380 R
0xC003F3C0 R
0xC003F400 R
0xC003F440 R
0xC003F480 R
0xC003F4C0 R
0xC003F500 R
0xC003F540 R
0xC003F580 R
0xC003F5C0 R
0xC003F600 R
0xC003F640 R
0xC003F680 R
0xC003F6C0 R
0xC003F700 R
0xC003F740 R
0xC003F780 R
0xC003F7C0 R
0xC003F800 R
0xC003F840 R
0xC003F880 R
0xC003F8C0 R
0xC003F900 R
0xC003F940 R
0xC003F980 R
0xC003F9C0 R
0xC003FA00 R
0xC003FA40 R
0xC003FA80 R
0xC003FAC0 R
0xC003FB00 R
0xC003FB40 R
0xC003FB80 R
0xC003FBC0 R
0xC003FC00 R
0xC003FC40 R
0xC003FC80 R
0xC003FCC0 R
0xC003FD00 R
0xC003FD40 R
0xC003FD80 R
0xC003FDC0 R
0xC003FE00 R
0xC003FE40 R
0xC003FE80 R
0xC003FEC0 R
0xC003FF00 R
0xC003FF40 R
0xC003FF80 R
0xC003FFC0 R
0xA0040000 R
0xA0040040 R
0xA0040080 R
0xA00400C0 R
0xA0040100 R
0xA0040140 R
0xA0040180 R
0xA00401C0 R
0xA0040200 R
0xA0040240 R
0xA0040280 R
0xA00402C0 R
0xA0040300 R
0xA0040340 R
0xA0040380 R
0xA00403C0 R
0xA0040400 R
0xA0040440 R
0xA0040480 R
0xA00404C0 R
0xA0040500 R
0xA0040540 R
0xA0040580 R
0xA00405C0 R
0xA0040600 R
0xA0040640 R
0xA0040680 R
0xA00406C0 R
0xA0040700 R
0xA0040740 R
0xA0040780 R
0xA00407C0 R
0xA0040800 R
0xA0040840 R
0xA0040880 R
0xA00408C0 R
0xA0040900 R
0xA0040940 R
0xA0040980 R
0xA00409C0 R
0xA0040A00 R
0xA0040A40 R
0xA0040A80 R
0xA0040AC0 R
0xA0040B00 R
0xA0040B40 R
0xA0040B80 R
0xA0040BC0 R
0xA0040C00 R
0xA0040C40 R
0xA0040C80 R
0xA0040CC0 R
0xA0040D00 R
0xA0040D40 R
0xA0040D80 R
0xA0040DC0 R
0xA0040E00 R
0xA0040E40 R
0xA0040E80 R
0xA0040EC0 R
0xA0040F00 R
0xA0040F40 R
0xA0040F80 R
0xA0040FC0 R
0xA0041000 R
0xA0041040 R
0xA0041080 R
0xA00410C0 R
0xA0041100 R
0xA0041140 R
0xA0041180 R
0xA00411C0 R
0xA0041200 R
0xA0041240 R
0xA0041280 R
0xA00412C0 R
0xA0041300 R
0xA0041340 R
0xA0041380 R
0xA00413C0 R
0xA0041400 R
0xA0041440 R
0xA0041480 R
0xA00414C0 R
0xA0041500 R
0xA0041540 R
0xA0041580 R
0xA00415C0 R
0xA0041600 R
0xA0041640 R
0xA0041680 R
0xA00416C0 R
0xA0041700 R
0xA0041740 R
0xA0041780 R
0xA00417C0 R
0xA0041800 R
0xA0041840 R
0xA0041880 R
0xA00418C0 R
0xA0041900 R
0xA0041940 R
0xA0041980 R
0xA00419C0 R
0xA0041A00 R
0xA0041A40 R
0xA0041A80 R
0xA0041AC0 R
0xA0041B00 R
0xA0041B40 R
0xA0041B80 R
0xA0041BC0 R
0xA0041C00 R
0xA0041C40 R
0xA0041C80 R
0xA0041CC0 R
0xA0041D00 R
0xA0041D40 R
0xA0041D80 R
0xA0041DC0 R
0xA0041E00 R
0xA0041E40 R
0xA0041E80 R
0xA0041EC0 R
0xA0041F00 R
0xA0041F40 R
0xA0041F80 R
0xA0041FC0 R
0xA0042000 R
0xA0042040 R
0xA0042080 R
0xA00420C0 R
0xA0042100 R
0xA0042140 R
0xA0042180 R
0xA00421C0 R
0xA0042200 R
0xA0042240 R
0xA0042280 R
0xA00422C0 R
0xA0042300 R
0xA0042340 R
0xA0042380 R
0xA00423C0 R
0xA0042400 R
0xA0042440 R
0xA0042480 R
0xA00424C0 R
0xA0042500 R
0xA0042540 R
0xA0042580 R
0xA00425C0 R
0xA0042600 R
0xA0042640 R
0xA0042680 R
0xA00426C0 R
0xA0042700 R
0xA0042740 R
0xA0042780 R
0xA00427C0 R
0xA0042800 R
0xA0042840 R
0xA0042880 R
0xA00428C0 R
0xA0042900 R
0xA0042940 R
0xA0042980 R
0xA00429C0 R
0xA0042A00 R
0xA0042A40 R
0xA0042A80 R
0xA0042AC0 R
0xA0042B00 R
0xA0042B40 R
0xA0042B80 R
0xA0042BC0 R
0xA0042C00 R
0xA0042C40 R
0xA0042C80 R
0xA0042CC0 R
0xA0042D00 R
0xA0042D40 R
0xA0042D80 R
0xA0042DC0 R
0xA0042E00 R
0xA0042E40 R
0xA0042E80 R
0xA0042EC0 R
0xA0042F00 R
0xA0042F40 R
0xA0042F80 R
0xA0042FC0 R
0xA0043000 R
0xA0043040 R
0xA0043080 R
0xA00430C0 R
0xA0043100 R
0xA0043140 R
0xA0043180 R
0xA00431C0 R
0xA0043200 R
0xA0043240 R
0xA0043280 R
0xA00432C0 R
0xA0043300 R
0xA0043340 R
0xA0043380 R
0xA00433C0 R
0xA0043400 R
0xA0043440 R
0xA0043480 R
0xA00434C0 R
0xA0043500 R
0xA0043540 R
0xA0043580 R
0xA00435C0 R
0xA0043600 R
0xA0043640 R
0xA0043680 R
0xA00436C0 R
0xA0043700 R
0xA0043740 R
0xA0043780 R
0xA00437C0 R
0xA0043800 R
0xA0043840 R
0xA0043880 R
0xA00438C0 R
0xA0043900 R
0xA0043940 R
0xA0043980 R
0xA00439C0 R
0xA0043A00 R
0xA0043A40 R
0xA0043A80 R
0xA0043AC0 R
0xA0043B00 R
0xA0043B40 R
0xA0043B80 R
0xA0043BC0 R
0xA0043C00 R
0xA0043C40 R
0xA0043C80 R
0xA0043CC0 R
0xA0043D00 R
0xA0043D40 R
0xA0043D80 R
0xA0043DC0 R
0xA0043E00 R
0xA0043E40 R
0xA0043E80 R
0xA0043EC0 R
0xA0043F00 R
0xA0043F40 R
0xA0043F80 R
0xA0043FC0 R
0xA0044000 R
0xA0044040 R
0xA0044080 R
0xA00440C0 R
0xA0044100 R
0xA0044140 R
0xA0044180 R
0xA00441C0 R
0xA0044200 R
0xA0044240 R
0xA0044280 R
0xA00442C0 R
0xA0044300 R
0xA0044340 R
0xA0044380 R
0xA00443C0 R
0xA0044400 R
0xA0044440 R
0xA0044480 R
0xA00444C0 R
0xA0044500 R
0xA0044540 R
0xA0044580 R
0xA00445C0 R
0xA0044600 R
0xA0044640 R
0xA0044680 R
0xA00446C0 R
0xA0044700 R
0xA0044740 R
0xA0044780 R
0xA00447C0 R
0xA0044800 R
0xA0044840 R
0xA0044880 R
0xA00448C0 R
0xA0044900 R
0xA0044940 R
0xA0044980 R
0xA00449C0 R
0xA0044A00 R
0xA0044A40 R
0xA0044A80 R
0xA0044AC0 R
0xA0044B00 R
0xA0044B40 R
0xA0044B80 R
0xA0044BC0 R
0xA0044C00 R
0xA0044C40 R
0xA0044C80 R
0xA0044CC0 R
0xA0044D00 R
0xA0044D40 R
0xA0044D80 R
0xA0044DC0 R
0xA0044E00 R
0xA0044E40 R
0xA0044E80 R
0xA0044EC0 R
0xA0044F00 R
0xA0044F40 R
0xA0044F80 R
0xA0044FC0 R
0xA0045000 R
0xA0045040 R
0xA0045080 R
0xA00450C0 R
0xA0045100 R
0xA0045140 R
0xA0045180 R
0xA00451C0 R
0xA0045200 R
0xA0045240 R
0xA0045280 R
0xA00452C0 R
0xA0045300 R
0xA0045340 R
0xA0045380 R
0xA00453C0 R
0xA0045400 R
0xA0045440 R
0xA0045480 R
0xA00454C0 R
0xA0045500 R
0xA0045540 R
0xA0045580 R
0xA00455C0 R
0xA0045600 R
0xA0045640 R
0xA0045680 R
0xA00456C0 R
0xA0045700 R
0xA0045740 R
0xA0045780 R
0xA00457C0 R
0xA0045800 R
0xA0045840 R
0xA0045880 R
0xA00458C0 R
0xA0045900 R
0xA0045940 R
0xA0045980 R
0xA00459C0 R
0xA0045A00 R
0xA0045A40 R
0xA0045A80 R
0xA0045AC0 R
0xA0045B00 R
0xA0045B40 R
0xA0045B80 R
0xA0045BC0 R
0xA0045C00 R
0xA0045C40 R
0xA0045C80 R
0xA0045CC0 R
0xA0045D00 R
0xA0045D40 R
0xA0045D80 R
0xA0045DC0 R
0xA0045E00 R
0xA0045E40 R
0xA0045E80 R
0xA0045EC0 R
0xA0045F00 R
0xA0045F40 R
0xA0045F80 R
0xA0045FC0 R
0xA0046000 R
0xA0046040 R
0xA0046080 R
0xA00460C0 R
0xA0046100 R
0xA0046140 R
0xA0046180 R
0xA00461C0 R
0xA0046200 R
0xA0046240 R
0xA0046280 R
0xA00462C0 R
0xA0046300 R
0xA0046340 R
0xA0046380 R
0xA00463C0 R
0xA0046400 R
0xA0046440 R
0xA0046480 R
0xA00464C0 R
0xA0046500 R
0xA0046540 R
0xA0046580 R
0xA00465C0 R
0xA0046600 R
0xA0046640 R
0xA0046680 R
0xA00466C0 R
0xA0046700 R
0xA0046740 R
0xA0046780 R
0xA00467C0 R
0xA0046800 R
0xA0046840 R
0xA0046880 R
0xA00468C0 R
0xA0046900 R
0xA0046940 R
0xA0046980 R
0xA00469C0 R
0xA0046A00 R
0xA0046A40 R
0xA0046A80 R
0xA0046AC0 R
0xA0046B00 R
0xA0046B40 R
0xA0046B80 R
0xA0046BC0 R
0xA0046C00 R
0xA0046C40 R
0xA0046C80 R
0xA0046CC0 R
0xA0046D00 R
0xA0046D40 R
0xA0046D80 R
0xA0046DC0 R
0xA0046E00 R
0xA0046E40 R
0xA0046E80 R
0xA0046EC0 R
0xA0046F00 R
0xA0046F40 R
0xA0046F80 R
0xA0046FC0 R
0xA0047000 R
0xA0047040 R
0xA0047080 R
0xA00470C0 R
0xA0047100 R
0xA0047140 R
0xA0047180 R
0xA00471C0 R
0xA0047200 R
0xA0047240 R
0xA0047280 R
0xA00472C0 R
0xA0047300 R
0xA0047340 R
0xA0047380 R
0xA00473C0 R
0xA0047400 R
0xA0047440 R
0xA0047480 R
0xA00474C0 R
0xA0047500 R
0xA0047540 R
0xA0047580 R
0xA00475C0 R
0xA0047600 R
0xA0047640 R
0xA0047680 R
0xA00476C0 R
0xA0047700 R
0xA0047740 R
0xA0047780 R
0xA00477C0 R
0xA0047800 R
0xA0047840 R
0xA0047880 R
0xA00478C0 R
0xA0047900 R
0xA0047940 R
0xA0047980 R
0xA00479C0 R
0xA0047A00 R
0xA0047A40 R
0xA0047A80 R
0xA0047AC0 R
0xA0047B00 R
0xA0047B40 R
0xA0047B80 R
0xA0047BC0 R
0xA0047C00 R
0xA0047C40 R
0xA0047C80 R
0xA0047CC0 R
0xA0047D00 R
0xA0047D40 R
0xA0047D80 R
0xA0047DC0 R
0xA0047E00 R
0xA0047E40 R
0xA0047E80 R
0xA0047EC0 R
0xA0047F00 R
0xA0047F40 R
0xA0047F80 R
0xA0047FC0 R
0xA0048000 R
0xA0048040 R
0xA0048080 R
0xA00480C0 R
0xA0048100 R
0xA0048140 R
0xA0048180 R
0xA00481C0 R
0xA0048200 R
0xA0048240 R
0xA0048280 R
0xA00482C0 R
0xA0048300 R
0xA0048340 R
0xA0048380 R
0xA00483C0 R
0xA0048400 R
0xA0048440 R
0xA0048480 R
0xA00484C0 R
0xA0048500 R
0xA0048540 R
0xA0048580 R
0xA00485C0 R
0xA0048600 R
0xA0048640 R
0xA0048680 R
0xA00486C0 R
0xA0048700 R
0xA0048740 R
0xA0048780 R
0xA00487C0 R
0xA0048800 R
0xA0048840 R
0xA0048880 R
0xA00488C0 R
0xA0048900 R
0xA0048940 R
0xA0048980 R
0xA00489C0 R
0xA0048A00 R
0xA0048A40 R
0xA0048A80 R
0xA0048AC0 R
0xA0048B00 R
0xA0048B40 R
0xA0048B80 R
0xA0048BC0 R
0xA0048C00 R
0xA0048C40 R
0xA0048C80 R
0xA0048CC0 R
0xA0048D00 R
0xA0048D40 R
0xA0048D80 R
0xA0048DC0 R
0xA0048E00 R
0xA0048E40 R
0xA0048E80 R
0xA0048EC0 R
0xA0048F00 R
0xA0048F40 R
0xA0048F80 R
0xA0048FC0 R
0xA0049000 R
0xA0049040 R
0xA0049080 R
0xA00490C0 R
0xA0049100 R
0xA0049140 R
0xA0049180 R
0xA00491C0 R
0xA0049200 R
0xA0049240 R
0xA0049280 R
0xA00492C0 R
0xA0049300 R
0xA0049340 R
0xA0049380 R
0xA00493C0 R
0xA0049400 R
0xA0049440 R
0xA0049480 R
0xA00494C0 R
0xA0049500 R
0xA0049540 R
0xA0049580 R
0xA00495C0 R
0xA0049600 R
0xA0049640 R
0xA0049680 R
0xA00496C0 R
0xA0049700 R
0xA0049740 R
0xA0049780 R
0xA00497C0 R
0xA0049800 R
0xA0049840 R
0xA0049880 R
0xA00498C0 R
0xA0049900 R
0xA0049940 R
0xA0049980 R
0xA00499C0 R
0xA0049A00 R
0xA0049A40 R
0xA0049A80 R
0xA0049AC0 R
0xA0049B00 R
0xA0049B40 R
0xA0049B80 R
0xA0049BC0 R
0xA0049C00 R
0xA0049C40 R
0xA0049C80 R
0xA0049CC0 R
0xA0049D00 R
0xA0049D40 R
0xA0049D80 R
0xA0049DC0 R
0xA0049E00 R
0xA0049E40 R
0xA0049E80 R
0xA0049EC0 R
0xA0049F00 R
0xA0049F40 R
0xA0049F80 R
0xA0049FC0 R
0xA004A000 R
0xA004A040 R
0xA004A080 R
0xA004A0C0 R
0xA004A100 R
0xA004A140 R
0xA004A180 R
0xA004A1C0 R
0xA004A200 R
0xA004A240 R
0xA004A280 R
0xA004A2C0 R
0xA004A300 R
0xA004A340 R
0xA004A380 R
0xA004A3C0 R
0xA004A400 R
0xA004A440 R
0xA004A480 R
0xA004A4C0 R
0xA004A500 R
0xA004A540 R
0xA004A580 R
0xA004A5C0 R
0xA004A600 R
0xA004A640 R
0xA004A680 R
0xA004A6C0 R
0xA004A700 R
0xA004A740 R
0xA004A780 R
0xA004A7C0 R
0xA004A800 R
0xA004A840 R
0xA004A880 R
0xA004A8C0 R
0xA004A900 R
0xA004A940 R
0xA004A980 R
0xA004A9C0 R
0xA004AA00 R
0xA004AA40 R
0xA004AA80 R
0xA004AAC0 R
0xA004AB00 R
0xA004AB40 R
0xA004AB80 R
0xA004ABC0 R
0xA004AC00 R
0xA004AC40 R
0xA004AC80 R
0xA004ACC0 R
0xA004AD00 R
0xA004AD40 R
0xA004AD80 R
0xA004ADC0 R
0xA004AE00 R
0xA004AE40 R
0xA004AE80 R
0xA004AEC0 R
0xA004AF00 R
0xA004AF40 R
0xA004AF80 R
0xA004AFC0 R
0xA004B000 R
0xA004B040 R
0xA004B080 R
0xA004B0C0 R
0xA004B100 R
0xA004B140 R
0xA004B180 R
0xA004B1C0 R
0xA004B200 R
0xA004B240 R
0xA004B280 R
0xA004B2C0 R
0xA004B300 R
0xA004B340 R
0xA004B380 R
0xA004B3C0 R
0xA004B400 R
0xA004B440 R
0xA004B480 R
0xA004B4C0 R
0xA004B500 R
0xA004B540 R
0xA004B580 R
0xA004B5C0 R
0xA004B600 R
0xA004B640 R
0xA004B680 R
0xA004B6C0 R
0xA004B700 R
0xA004B740 R
0xA004B780 R
0xA004B7C0 R
0xA004B800 R
0xA004B840 R
0xA004B880 R
0xA004B8C0 R
0xA004B900 R
0xA004B940 R
0xA004B980 R
0xA004B9C0 R
0xA004BA00 R
0xA004BA40 R
0xA004BA80 R
0xA004BAC0 R
0xA004BB00 R
0xA004BB40 R
0xA004BB80 R
0xA004BBC0 R
0xA004BC00 R
0xA004BC40 R
0xA004BC80 R
0xA004BCC0 R
0xA004BD00 R
0xA004BD40 R
0xA004BD80 R
0xA004BDC0 R
0xA004BE00 R
0xA004BE40 R
0xA004BE80 R
0xA004BEC0 R
0xA004BF00 R
0xA004BF40 R
0xA004BF80 R
0xA004BFC0 R
0xA004C000 R
0xA004C040 R
0xA004C080 R
0xA004C0C0 R
0xA004C100 R
0xA004C140 R
0xA004C180 R
0xA004C1C0 R
0xA004C200 R
0xA004C240 R
0xA004C280 R
0xA004C2C0 R
0xA004C300 R
0xA004C340 R
0xA004C380 R
0xA004C3C0 R
0xA004C400 R
0xA004C440 R
0xA004C480 R
0xA004C4C0 R
0xA004C500 R
0xA004C540 R
0xA004C580 R
0xA004C5C0 R
0xA004C600 R
0xA004C640 R
0xA004C680 R
0xA004C6C0 R
0xA004C700 R
0xA004C740 R
0xA004C780 R
0xA004C7C0 R
0xA004C800 R
0xA004C840 R
0xA004C880 R
0xA004C8C0 R
0xA004C900 R
0xA004C940 R
0xA004C980 R
0xA004C9C0 R
0xA004CA00 R
0xA004CA40 R
0xA004CA80 R
0xA004CAC0 R
0xA004CB00 R
0xA004CB40 R
0xA004CB80 R
0xA004CBC0 R
0xA004CC00 R
0xA004CC40 R
0xA004CC80 R
0xA004CCC0 R
0xA004CD00 R
0xA004CD40 R
0xA004CD80 R
0xA004CDC0 R
0xA004CE00 R
0xA004CE40 R
0xA004CE80 R
0xA004CEC0 R
0xA004CF00 R
0xA004CF40 R
0xA004CF80 R
0xA004CFC0 R
0xA004D000 R
0xA004D040 R
0xA004D080 R
0xA004D0C0 R
0xA004D100 R
0xA004D140 R
0xA004D180 R
0xA004D1C0 R
0xA004D200 R
0xA004D240 R
0xA004D280 R
0xA004D2C0 R
0xA004D300 R
0xA004D340 R
0xA004D380 R
0xA004D3C0 R
0xA004D400 R
0xA004D440 R
0xA004D480 R
0xA004D4C0 R
0xA004D500 R
0xA004D540 R
0xA004D580 R
0xA004D5C0 R
0xA004D600 R
0xA004D640 R
0xA004D680 R
0xA004D6C0 R
0xA004D700 R
0xA004D740 R
0xA004D780 R
0xA004D7C0 R
0xA004D800 R
0xA004D840 R
0xA004D880 R
0xA004D8C0 R
0xA004D900 R
0xA004D940 R
0xA004D980 R
0xA004D9C0 R
0xA004DA00 R
0xA004DA40 R
0xA004DA80 R
0xA004DAC0 R
0xA004DB00 R
0xA004DB40 R
0xA004DB80 R
0xA004DBC0 R
0xA004DC00 R
0xA004DC40 R
0xA004DC80 R
0xA004DCC0 R
0xA004DD00 R
0xA004DD40 R
0xA004DD80 R
0xA004DDC0 R
0xA004DE00 R
0xA004DE40 R
0xA004DE80 R
0xA004DEC0 R
0xA004DF00 R
0xA004DF40 R
0xA004DF80 R
0xA004DFC0 R
0xA004E000 R
0xA004E040 R
0xA004E080 R
0xA004E0C0 R
0xA004E100 R
0xA004E140 R
0xA004E180 R
0xA004E1C0 R
0xA004E200 R
0xA004E240 R
0xA004E280 R
0xA004E2C0 R
0xA004E300 R
0xA004E340 R
0xA004E380 R
0xA004E3C0 R
0xA004E400 R
0xA004E440 R
0xA004E480 R
0xA004E4C0 R
0xA004E500 R
0xA004E540 R
0xA004E580 R
0xA004E5C0 R
0xA004E600 R
0xA004E640 R
0xA004E680 R
0xA004E6C0 R
0xA004E700 R
0xA004E740 R
0xA004E780 R
0xA004E7C0 R
0xA004E800 R
0xA004E840 R
0xA004E880 R
0xA004E8C0 R
0xA004E900 R
0xA004E940 R
0xA004E980 R
0xA004E9C0 R
0xA004EA00 R
0xA004EA40 R
0xA004EA80 R
0xA004EAC0 R
0xA004EB00 R
0xA004EB40 R
0xA004EB80 R
0xA004EBC0 R
0xA004EC00 R
0xA004EC40 R
0xA004EC80 R
0xA004ECC0 R
0xA004ED00 R
0xA004ED40 R
0xA004ED80 R
0xA004EDC0 R
0xA004EE00 R
0xA004EE40 R
0xA004EE80 R
0xA004EEC0 R
0xA004EF00 R
0xA004EF40 R
0xA004EF80 R
0xA004EFC0 R
0xA004F000 R
0xA004F040 R
0xA004F080 R
0xA004F0C0 R
0xA004F100 R
0xA004F140 R
0xA004F180 R
0xA004F1C0 R
0xA004F200 R
0xA004F240 R
0xA004F280 R
0xA004F2C0 R
0xA004F300 R
0xA004F340 R
0xA004F380 R
0xA004F3C0 R
0xA004F400 R
0xA004F440 R
0xA004F480 R
0xA004F4C0 R
0xA004F500 R
0xA004F540 R
0xA004F580 R
0xA004F5C0 R
0xA004F600 R
0xA004F640 R
0xA004F680 R
0xA004F6C0 R
0xA004F700 R
0xA004F740 R
0xA004F780 R
0xA004F7C0 R
0xA004F800 R
0xA004F840 R
0xA004F880 R
0xA004F8C0 R
0xA004F900 R
0xA004F940 R
0xA004F980 R
0xA004F9C0 R
0xA004FA00 R
0xA004FA40 R
0xA004FA80 R
0xA004FAC0 R
0xA004FB00 R
0xA004FB40 R
0xA004FB80 R
0xA004FBC0 R
0xA004FC00 R
0xA004FC40 R
0xA004FC80 R
0xA004FCC0 R
0xA004FD00 R
0xA004FD40 R
0xA004FD80 R
0xA004FDC0 R
0xA004FE00 R
0xA004FE40 R
0xA004FE80 R
0xA004FEC0 R
0xA004FF00 R
0xA004FF40 R
0xA004FF80 R
0xA004FFC0 R
0xC0040000 W
0xC0040040 W
0xC0040080 W
0xC00400C0 W
0xC0040100 W
0xC0040140 W
0xC0040180 W
0xC00401C0 W
0xC0040200 W
0xC0040240 W
0xC0040280 W
0xC00402C0 W
0xC0040300 W
0xC0040340 W
0xC0040380 W
0xC00403C0 W
0xC0040400 W
0xC0040440 W
0xC0040480 W
0xC00404C0 W
0xC0040500 W
0xC0040540 W
0xC0040580 W
0xC00405C0 W
0xC0040600 W
0xC0040640 W
0xC0040680 W
0xC00406C0 W
0xC0040700 W
0xC0040740 W
0xC0040780 W
0xC00407C0 W
0xC0040800 W
0xC0040840 W
0xC0040880 W
0xC00408C0 W
0xC0040900 W
0xC0040940 W
0xC0040980 W
0xC00409C0 W
0xC0040A00 W
0xC0040A40 W
0xC0040A80 W
0xC0040AC0 W
0xC0040B00 W
0xC0040B40 W
0xC0040B80 W
0xC0040BC0 W
0xC0040C00 W
0xC0040C40 W
0xC0040C80 W
0xC0040CC0 W
0xC0040D00 W
0xC0040D40 W
0xC0040D80 W
0xC0040DC0 W
0xC0040E00 W
0xC0040E40 W
0xC0040E80 W
0xC0040EC0 W
0xC0040F00 W
0xC0040F40 W
0xC0040F80 W
0xC0040FC0 W
0xC0041000 W
0xC0041040 W
0xC0041080 W
0xC00410C0 W
0xC0041100 W
0xC0041140 W
0xC0041180 W
0xC00411C0 W
0xC0041200 W
0xC0041240 W
0xC0041280 W
0xC00412C0 W
0xC0041300 W
0xC0041340 W
0xC0041380 W
0xC00413C0 W
0xC0041400 W
0xC0041440 W
0xC0041480 W
0xC00414C0 W
0xC0041500 W
0xC0041540 W
0xC0041580 W
0xC00415C0 W
0xC0041600 W
0xC0041640 W
0xC0041680 W
0xC00416C0 W
0xC0041700 W
0xC0041740 W
0xC0041780 W
0xC00417C0 W
0xC0041800 W
0xC0041840 W
0xC0041880 W
0xC00418C0 W
0xC0041900 W
0xC0041940 W
0xC0041980 W
0xC00419C0 W
0xC0041A00 W
0xC0041A40 W
0xC0041A80 W
0xC0041AC0 W
0xC0041B00 W
0xC0041B40 W
0xC0041B80 W
0xC0041BC0 W
0xC0041C00 W
0xC0041C40 W
0xC0041C80 W
0xC0041CC0 W
0xC0041D00 W
0xC0041D40 W
0xC0041D80 W
0xC0041DC0 W
0xC0041E00 W
0xC0041E40 W
0xC0041E80 W
0xC0041EC0 W
0xC0041F00 W
0xC0041F40 W
0xC0041F80 W
0xC0041FC0 W
0xC0042000 W
0xC0042040 W
0xC0042080 W
0xC00420C0 W
0xC0042100 W
0xC0042140 W
0xC0042180 W
0xC00421C0 W
0xC0042200 W
0xC0042240 W
0xC0042280 W
0xC00422C0 W
0xC0042300 W
0xC0042340 W
0xC0042380 W
0xC00423C0 W
0xC0042400 W
0xC0042440 W
0xC0042480 W
0xC00424C0 W
0xC0042500 W
0xC0042540 W
0xC0042580 W
0xC00425C0 W
0xC0042600 W
0xC0042640 W
0xC0042680 W
0xC00426C0 W
0xC0042700 W
0xC0042740 W
0xC0042780 W
0xC00427C0 W
0xC0042800 W
0xC0042840 W
0xC0042880 W
0xC00428C0 W
0xC0042900 W
0xC0042940 W
0xC0042980 W
0xC00429C0 W
0xC0042A00 W
0xC0042A40 W
0xC0042A80 W
0xC0042AC0 W
0xC0042B00 W
0xC0042B40 W
0xC0042B80 W
0xC0042BC0 W
0xC0042C00 W
0xC0042C40 W
0xC0042C80 W
0xC0042CC0 W
0xC0042D00 W
0xC0042D40 W
0xC0042D80 W
0xC0042DC0 W
0xC0042E00 W
0xC0042E40 W
0xC0042E80 W
0xC0042EC0 W
0xC0042F00 W
0xC0042F40 W
0xC0042F80 W
0xC0042FC0 W
0xC0043000 W
0xC0043040 W
0xC0043080 W
0xC00430C0 W
0xC0043100 W
0xC0043140 W
0xC0043180 W
0xC00431C0 W
0xC0043200 W
0xC0043240 W
0xC0043280 W
0xC00432C0 W
0xC0043300 W
0xC0043340 W
0xC0043380 W
0xC00433C0 W
0xC0043400 W
0xC0043440 W
0xC0043480 W
0xC00434C0 W
0xC0043500 W
0xC0043540 W
0xC0043580 W
0xC00435C0 W
0xC0043600 W
0xC0043640 W
0xC0043680 W
0xC00436C0 W
0xC0043700 W
0xC0043740 W
0xC0043780 W
0xC00437C0 W
0xC0043800 W
0xC0043840 W
0xC0043880 W
0xC00438C0 W
0xC0043900 W
0xC0043940 W
0xC0043980 W
0xC00439C0 W
0xC0043A00 W
0xC0043A40 W
0xC0043A80 W
0xC0043AC0 W
0xC0043B00 W
0xC0043B40 W
0xC0043B80 W
0xC0043BC0 W
0xC0043C00 W
0xC0043C40 W
0xC0043C80 W
0xC0043CC0 W
0xC0043D00 W
0xC0043D40 W
0xC0043D80 W
0xC0043DC0 W
0xC0043E00 W
0xC0043E40 W
0xC0043E80 W
0xC0043EC0 W
0xC0043F00 W
0xC0043F40 W
0xC0043F80 W
0xC0043FC0 W
0xC0044000 W
0xC0044040 W
0xC0044080 W
0xC00440C0 W
0xC0044100 W
0xC0044140 W
0xC0044180 W
0xC00441C0 W
0xC0044200 W
0xC0044240 W
0xC0044280 W
0xC00442C0 W
0xC0044300 W
0xC0044340 W
0xC0044380 W
0xC00443C0 W
0xC0044400 W
0xC0044440 W
0xC0044480 W
0xC00444C0 W
0xC0044500 W
0xC0044540 W
0xC0044580 W
0xC00445C0 W
0xC0044600 W
0xC0044640 W
0xC0044680 W
0xC00446C0 W
0xC0044700 W
0xC0044740 W
0xC0044780 W
0xC00447C0 W
0xC0044800 W
0xC0044840 W
0xC0044880 W
0xC00448C0 W
0xC0044900 W
0xC0044940 W
0xC0044980 W
0xC00449C0 W
0xC0044A00 W
0xC0044A40 W
0xC0044A80 W
0xC0044AC0 W
0xC0044B00 W
0xC0044B40 W
0xC0044B80 W
0xC0044BC0 W
0xC0044C00 W
0xC0044C40 W
0xC0044C80 W
0xC0044CC0 W
0xC0044D00 W
0xC0044D40 W
0xC0044D80 W
0xC0044DC0 W
0xC0044E00 W
0xC0044E40 W
0xC0044E80 W
0xC0044EC0 W
0xC0044F00 W
0xC0044F40 W
0xC0044F80 W
0xC0044FC0 W
0xC0045000 W
0xC0045040 W
0xC0045080 W
0xC00450C0 W
0xC0045100 W
0xC0045140 W
0xC0045180 W
0xC00451C0 W
0xC0045200 W
0xC0045240 W
0xC0045280 W
0xC00452C0 W
0xC0045300 W
0xC0045340 W
0xC0045380 W
0xC00453C0 W
0xC0045400 W
0xC0045440 W
0xC0045480 W
0xC00454C0 W
0xC0045500 W
0xC0045540 W
0xC0045580 W
0xC00455C0 W
0xC0045600 W
0xC0045640 W
0xC0045680 W
0xC00456C0 W
0xC0045700 W
0xC0045740 W
0xC0045780 W
0xC00457C0 W
0xC0045800 W
0xC0045840 W
0xC0045880 W
0xC00458C0 W
0xC0045900 W
0xC0045940 W
0xC0045980 W
0xC00459C0 W
0xC0045A00 W
0xC0045A40 W
0xC0045A80 W
0xC0045AC0 W
0xC0045B00 W
0xC0045B40 W
0xC0045B80 W
0xC0045BC0 W
0xC0045C00 W
0xC0045C40 W
0xC0045C80 W
0xC0045CC0 W
0xC0045D00 W
0xC0045D40 W
0xC0045D80 W
0xC0045DC0 W
0xC0045E00 W
0xC0045E40 W
0xC0045E80 W
0xC0045EC0 W
0xC0045F00 W
0xC0045F40 W
0xC0045F80 W
0xC0045FC0 W
0xC0046000 W
0xC0046040 W
0xC0046080 W
0xC00460C0 W
0xC0046100 W
0xC0046140 W
0xC0046180 W
0xC00461C0 W
0xC0046200 W
0xC0046240 W
0xC0046280 W
0xC00462C0 W
0xC0046300 W
0xC0046340 W
0xC0046380 W
0xC00463C0 W
0xC0046400 W
0xC0046440 W
0xC0046480 W
0xC00464C0 W
0xC0046500 W
0xC0046540 W
0xC0046580 W
0xC00465C0 W
0xC0046600 W
0xC0046640 W
0xC0046680 W
0xC00466C0 W
0xC0046700 W
0xC0046740 W
0xC0046780 W
0xC00467C0 W
0xC0046800 W
0xC0046840 W
0xC0046880 W
0xC00468C0 W
0xC0046900 W
0xC0046940 W
0xC0046980 W
0xC00469C0 W
0xC0046A00 W
0xC0046A40 W
0xC0046A80 W
0xC0046AC0 W
0xC0046B00 W
0xC0046B40 W
0xC0046B80 W
0xC0046BC0 W
0xC0046C00 W
0xC0046C40 W
0xC0046C80 W
0xC0046CC0 W
0xC0046D00 W
0xC0046D40 W
0xC0046D80 W
0xC0046DC0 W
0xC0046E00 W
0xC0046E40 W
0xC0046E80 W
0xC0046EC0 W
0xC0046F00 W
0xC0046F40 W
0xC0046F80 W
0xC0046FC0 W
0xC0047000 W
0xC0047040 W
0xC0047080 W
0xC00470C0 W
0xC0047100 W
0xC0047140 W
0xC0047180 W
0xC00471C0 W
0xC0047200 W
0xC0047240 W
0xC0047280 W
0xC00472C0 W
0xC0047300 W
0xC0047340 W
0xC0047380 W
0xC00473C0 W
0xC0047400 W
0xC0047440 W
0xC0047480 W
0xC00474C0 W
0xC0047500 W
0xC0047540 W
0xC0047580 W
0xC00475C0 W
0xC0047600 W
0xC0047640 W
0xC0047680 W
0xC00476C0 W
0xC0047700 W
0xC0047740 W
0xC0047780 W
0xC00477C0 W
0xC0047800 W
0xC0047840 W
0xC0047880 W
0xC00478C0 W
0xC0047900 W
0xC0047940 W
0xC0047980 W
0xC00479C0 W
0xC0047A00 W
0xC0047A40 W
0xC0047A80 W
0xC0047AC0 W
0xC0047B00 W
0xC0047B40 W
0xC0047B80 W
0xC0047BC0 W
0xC0047C00 W
0xC0047C40 W
0xC0047C80 W
0xC0047CC0 W
0xC0047D00 W
0xC0047D40 W
0xC0047D80 W
0xC0047DC0 W
0xC0047E00 W
0xC0047E40 W
0xC0047E80 W
0xC0047EC0 W
0xC0047F00 W
0xC0047F40 W
0xC0047F80 W
0xC0047FC0 W
0xC0048000 W
0xC0048040 W
0xC0048080 W
0xC00480C0 W
0xC0048100 W
0xC0048140 W
0xC0048180 W
0xC00481C0 W
0xC0048200 W
0xC0048240 W
0xC0048280 W
0xC00482C0 W
0xC0048300 W
0xC0048340 W
0xC0048380 W
0xC00483C0 W
0xC0048400 W
0xC0048440 W
0xC0048480 W
0xC00484C0 W
0xC0048500 W
0xC0048540 W
0xC0048580 W
0xC00485C0 W
0xC0048600 W
0xC0048640 W
0xC0048680 W
0xC00486C0 W
0xC0048700 W
0xC0048740 W
0xC0048780 W
0xC00487C0 W
0xC0048800 W
0xC0048840 W
0xC0048880 W
0xC00488C0 W
0xC0048900 W
0xC0048940 W
0xC0048980 W
0xC00489C0 W
0xC0048A00 W
0xC0048A40 W
0xC0048A80 W
0xC0048AC0 W
0xC0048B00 W
0xC0048B40 W
0xC0048B80 W
0xC0048BC0 W
0xC0048C00 W
0xC0048C40 W
0xC0048C80 W
0xC0048CC0 W
0xC0048D00 W
0xC0048D40 W
0xC0048D80 W
0xC0048DC0 W
0xC0048E00 W
0xC0048E40 W
0xC0048E80 W
0xC0048EC0 W
0xC0048F00 W
0xC0048F40 W
0xC0048F80 W
0xC0048FC0 W
0xC0049000 W
0xC0049040 W
0xC0049080 W
0xC00490C0 W
0xC0049100 W
0xC0049140 W
0xC0049180 W
0xC00491C0 W
0xC0049200 W
0xC0049240 W
0xC0049280 W
0xC00492C0 W
0xC0049300 W
0xC0049340 W
0xC0049380 W
0xC00493C0 W
0xC0049400 W
0xC0049440 W
0xC0049480 W
0xC00494C0 W
0xC0049500 W
0xC0049540 W
0xC0049580 W
0xC00495C0 W
0xC0049600 W
0xC0049640 W
0xC0049680 W
0xC00496C0 W
0xC0049700 W
0xC0049740 W
0xC0049780 W
0xC00497C0 W
0xC0049800 W
0xC0049840 W
0xC0049880 W
0xC00498C0 W
0xC0049900 W
0xC0049940 W
0xC0049980 W
0xC00499C0 W
0xC0049A00 W
0xC0049A40 W
0xC0049A80 W
0xC0049AC0 W
0xC0049B00 W
0xC0049B40 W
0xC0049B80 W
0xC0049BC0 W
0xC0049C00 W
0xC0049C40 W
0xC0049C80 W
0xC0049CC0 W
0xC0049D00 W
0xC0049D40 W
0xC0049D80 W
0xC0049DC0 W
0xC0049E00 W
0xC0049E40 W
0xC0049E80 W
0xC0049EC0 W
0xC0049F00 W
0xC0049F40 W
0xC0049F80 W
0xC0049FC0 W
0xC004A000 W
0xC004A040 W
0xC004A080 W
0xC004A0C0 W
0xC004A100 W
0xC004A140 W
0xC004A180 W
0xC004A1C0 W
0xC004A200 W
0xC004A240 W
0xC004A280 W
0xC004A2C0 W
0xC004A300 W
0xC004A340 W
0xC004A380 W
0xC004A3C0 W
0xC004A400 W
0xC004A440 W
0xC004A480 W
0xC004A4C0 W
0xC004A500 W
0xC004A540 W
0xC004A580 W
0xC004A5C0 W
0xC004A600 W
0xC004A640 W
0xC004A680 W
0xC004A6C0 W
0xC004A700 W
0xC004A740 W
0xC004A780 W
0xC004A7C0 W
0xC004A800 W
0xC004A840 W
0xC004A880 W
0xC004A8C0 W
0xC004A900 W
0xC004A940 W
0xC004A980 W
0xC004A9C0 W
0xC004AA00 W
0xC004AA40 W
0xC004AA80 W
0xC004AAC0 W
0xC004AB00 W
0xC004AB40 W
0xC004AB80 W
0xC004ABC0 W
0xC004AC00 W
0xC004AC40 W
0xC004AC80 W
0xC004ACC0 W
0xC004AD00 W
0xC004AD40 W
0xC004AD80 W
0xC004ADC0 W
0xC004AE00 W
0xC004AE40 W
0xC004AE80 W
0xC004AEC0 W
0xC004AF00 W
0xC004AF40 W
0xC004AF80 W
0xC004AFC0 W
0xC004B000 W
0xC004B040 W
0xC004B080 W
0xC004B0C0 W
0xC004B100 W
0xC004B140 W
0xC004B180 W
0xC004B1C0 W
0xC004B200 W
0xC004B240 W
0xC004B280 W
0xC004B2C0 W
0xC004B300 W
0xC004B340 W
0xC004B380 W
0xC004B3C0 W
0xC004B400 W
0xC004B440 W
0xC004B480 W
0xC004B4C0 W
0xC004B500 W
0xC004B540 W
0xC004B580 W
0xC004B5C0 W
0xC004B600 W
0xC004B640 W
0xC004B680 W
0xC004B6C0 W
0xC004B700 W
0xC004B740 W
0xC004B780 W
0xC004B7C0 W
0xC004B800 W
0xC004B840 W
0xC004B880 W
0xC004B8C0 W
0xC004B900 W
0xC004B940 W
0xC004B980 W
0xC004B9C0 W
0xC004BA00 W
0xC004BA40 W
0xC004BA80 W
0xC004BAC0 W
0xC004BB00 W
0xC004BB40 W
0xC004BB80 W
0xC004BBC0 W
0xC004BC00 W
0xC004BC40 W
0xC004BC80 W
0xC004BCC0 W
0xC004BD00 W
0xC004BD40 W
0xC004BD80 W
0xC004BDC0 W
0xC004BE00 W
0xC004BE40 W
0xC004BE80 W
0xC004BEC0 W
0xC004BF00 W
0xC004BF40 W
0xC004BF80 W
0xC004BFC0 W
0xC004C000 W
0xC004C040 W
0xC004C080 W
0xC004C0C0 W
0xC004C100 W
0xC004C140 W
0xC004C180 W
0xC004C1C0 W
0xC004C200 W
0xC004C240 W
0xC004C280 W
0xC004C2C0 W
0xC004C300 W
0xC004C340 W
0xC004C380 W
0xC004C3C0 W
0xC004C400 W
0xC004C440 W
0xC004C480 W
0xC004C4C0 W
0xC004C500 W
0xC004C540 W
0xC004C580 W
0xC004C5C0 W
0xC004C600 W
0xC004C640 W
0xC004C680 W
0xC004C6C0 W
0xC004C700 W
0xC004C740 W
0xC004C780 W
0xC004C7C0 W
0xC004C800 W
0xC004C840 W
0xC004C880 W
0xC004C8C0 W
0xC004C900 W
0xC004C940 W
0xC004C980 W
0xC004C9C0 W
0xC004CA00 W
0xC004CA40 W
0xC004CA80 W
0xC004CAC0 W
0xC004CB00 W
0xC004CB40 W
0xC004CB80 W
0xC004CBC0 W
0xC004CC00 W
0xC004CC40 W
0xC004CC80 W
0xC004CCC0 W
0xC004CD00 W
0xC004CD40 W
0xC004CD80 W
0xC004CDC0 W
0xC004CE00 W
0xC004CE40 W
0xC004CE80 W
0xC004CEC0 W
0xC004CF00 W
0xC004CF40 W
0xC004CF80 W
0xC004CFC0 W
0xC004D000 W
0xC004D040 W
0xC004D080 W
0xC004D0C0 W
0xC004D100 W
0xC004D140 W
0xC004D180 W
0xC004D1C0 W
0xC004D200 W
0xC004D240 W
0xC004D280 W
0xC004D2C0 W
0xC004D300 W
0xC004D340 W
0xC004D380 W
0xC004D3C0 W
0xC004D400 W
0xC004D440 W
0xC004D480 W
0xC004D4C0 W
0xC004D500 W
0xC004D540 W
0xC004D580 W
0xC004D5C0 W
0xC004D600 W
0xC004D640 W
0xC004D680 W
0xC004D6C0 W
0xC004D700 W
0xC004D740 W
0xC004D780 W
0xC004D7C0 W
0xC004D800 W
0xC004D840 W
0xC004D880 W
0xC004D8C0 W
0xC004D900 W
0xC004D940 W
0xC004D980 W
0xC004D9C0 W
0xC004DA00 W
0xC004DA40 W
0xC004DA80 W
0xC004DAC0 W
0xC004DB00 W
0xC004DB40 W
0xC004DB80 W
0xC004DBC0 W
0xC004DC00 W
0xC004DC40 W
0xC004DC80 W
0xC004DCC0 W
0xC004DD00 W
0xC004DD40 W
0xC004DD80 W
0xC004DDC0 W
0xC004DE00 W
0xC004DE40 W
0xC004DE80 W
0xC004DEC0 W
0xC004DF00 W
0xC004DF40 W
0xC004DF80 W
0xC004DFC0 W
0xC004E000 W
0xC004E040 W
0xC004E080 W
0xC004E0C0 W
0xC004E100 W
0xC004E140 W
0xC004E180 W
0xC004E1C0 W
0xC004E200 W
0xC004E240 W
0xC004E280 W
0xC004E2C0 W
0xC004E300 W
0xC004E340 W
0xC004E380 W
0xC004E3C0 W
0xC004E400 W
0xC004E440 W
0xC004E480 W
0xC004E4C0 W
0xC004E500 W
0xC004E540 W
0xC004E580 W
0xC004E5C0 W
0xC004E600 W
0xC004E640 W
0xC004E680 W
0xC004E6C0 W
0xC004E700 W
0xC004E740 W
0xC004E780 W
0xC004E7C0 W
0xC004E800 W
0xC004E840 W
0xC004E880 W
0xC004E8C0 W
0xC004E900 W
0xC004E940 W
0xC004E980 W
0xC004E9C0 W
0xC004EA00 W
0xC004EA40 W
0xC004EA80 W
0xC004EAC0 W
0xC004EB00 W
0xC004EB40 W
0xC004EB80 W
0xC004EBC0 W
0xC004EC00 W
0xC004EC40 W
0xC004EC80 W
0xC004ECC0 W
0xC004ED00 W
0xC004ED40 W
0xC004ED80 W
0xC004EDC0 W
0xC004EE00 W
0xC004EE40 W
0xC004EE80 W
0xC004EEC0 W
0xC004EF00 W
0xC004EF40 W
0xC004EF80 W
0xC004EFC0 W
0xC004F000 W
0xC004F040 W
0xC004F080 W
0xC004F0C0 W
0xC004F100 W
0xC004F140 W
0xC004F180 W
0xC004F1C0 W
0xC004F200 W
0xC004F240 W
0xC004F280 W
0xC004F2C0 W
0xC004F300 W
0xC004F340 W
0xC004F380 W
0xC004F3C0 W
0xC004F400 W
0xC004F440 W
0xC004F480 W
0xC004F4C0 W
0xC004F500 W
0xC004F540 W
0xC004F580 W
0xC004F5C0 W
0xC004F600 W
0xC004F640 W
0xC004F680 W
0xC004F6C0 W
0xC004F700 W
0xC004F740 W
0xC004F780 W
0xC004F7C0 W
0xC004F800 W
0xC004F840 W
0xC004F880 W
0xC004F8C0 W
0xC004F900 W
0xC004F940 W
0xC004F980 W
0xC004F9C0 W
0xC004FA00 W
0xC004FA40 W
0xC004FA80 W
0xC004FAC0 W
0xC004FB00 W
0xC004FB40 W
0xC004FB80 W
0xC004FBC0 W
0xC004FC00 W
0xC004FC40 W
0xC004FC80 W
0xC004FCC0 W
0xC004FD00 W
0xC004FD40 W
0xC004FD80 W
0xC004FDC0 W
0xC004FE00 W
0xC004FE40 W
0xC004FE80 W
0xC004FEC0 W
0xC004FF00 W
0xC004FF40 W
0xC004FF80 W
0xC004FFC0 W
0xC0040000 R
0xC0040040 R
0xC0040080 R
0xC00400C0 R
0xC0040100 R
0xC0040140 R
0xC0040180 R
0xC00401C0 R
0xC0040200 R
0xC0040240 R
0xC0040280 R
0xC00402C0 R
0xC0040300 R
0xC0040340 R
0xC0040380 R
0xC00403C0 R
0xC0040400 R
0xC0040440 R
0xC0040480 R
0xC00404C0 R
0xC0040500 R
0xC0040540 R
0xC0040580 R
0xC00405C0 R
0xC0040600 R
0xC0040640 R
0xC0040680 R
0xC00406C0 R
0xC0040700 R
0xC0040740 R
0xC0040780 R
0xC00407C0 R
0xC0040800 R
0xC0040840 R
0xC0040880 R
0xC00408C0 R
0xC0040900 R
0xC0040940 R
0xC0040980 R
0xC00409C0 R
0xC0040A00 R
0xC0040A40 R
0xC0040A80 R
0xC0040AC0 R
0xC0040B00 R
0xC0040B40 R
0xC0040B80 R
0xC0040BC0 R
0xC0040C00 R
0xC0040C40 R
0xC0040C80 R
0xC0040CC0 R
0xC0040D00 R
0xC0040D40 R
0xC0040D80 R
0xC0040DC0 R
0xC0040E00 R
0xC0040E40 R
0xC0040E80 R
0xC0040EC0 R
0xC0040F00 R
0xC0040F40 R
0xC0040F80 R
0xC0040FC0 R
0xC0041000 R
0xC0041040 R
0xC0041080 R
0xC00410C0 R
0xC0041100 R
0xC0041140 R
0xC0041180 R
0xC00411C0 R
0xC0041200 R
0xC0041240 R
0xC0041280 R
0xC00412C0 R
0xC0041300 R
0xC0041340 R
0xC0041380 R
0xC00413C0 R
0xC0041400 R
0xC0041440 R
0xC0041480 R
0xC00414C0 R
0xC0041500 R
0xC0041540 R
0xC0041580 R
0xC00415C0 R
0xC0041600 R
0xC0041640 R
0xC0041680 R
0xC00416C0 R
0xC0041700 R
0xC0041740 R
0xC0041780 R
0xC00417C0 R
0xC0041800 R
0xC0041840 R
0xC0041880 R
0xC00418C0 R
0xC0041900 R
0xC0041940 R
0xC0041980 R
0xC00419C0 R
0xC0041A00 R
0xC0041A40 R
0xC0041A80 R
0xC0041AC0 R
0xC0041B00 R
0xC0041B40 R
0xC0041B80 R
0xC0041BC0 R
0xC0041C00 R
0xC0041C40 R
0xC0041C80 R
0xC0041CC0 R
0xC0041D00 R
0xC0041D40 R
0xC0041D80 R
0xC0041DC0 R
0xC0041E00 R
0xC0041E40 R
0xC0041E80 R
0xC0041EC0 R
0xC0041F00 R
0xC0041F40 R
0xC0041F80 R
0xC0041FC0 R
0xC0042000 R
0xC0042040 R
0xC0042080 R
0xC00420C0 R
0xC0042100 R
0xC0042140 R
0xC0042180 R
0xC00421C0 R
0xC0042200 R
0xC0042240 R
0xC0042280 R
0xC00422C0 R
0xC0042300 R
0xC0042340 R
0xC0042380 R
0xC00423C0 R
0xC0042400 R
0xC0042440 R
0xC0042480 R
0xC00424C0 R
0xC0042500 R
0xC0042540 R
0xC0042580 R
0xC00425C0 R
0xC0042600 R
0xC0042640 R
0xC0042680 R
0xC00426C0 R
0xC0042700 R
0xC0042740 R
0xC0042780 R
0xC00427C0 R
0xC0042800 R
0xC0042840 R
0xC0042880 R
0xC00428C0 R
0xC0042900 R
0xC0042940 R
0xC0042980 R
0xC00429C0 R
0xC0042A00 R
0xC0042A40 R
0xC0042A80 R
0xC0042AC0 R
0xC0042B00 R
0xC0042B40 R
0xC0042B80 R
0xC0042BC0 R
0xC0042C00 R
0xC0042C40 R
0xC0042C80 R
0xC0042CC0 R
0xC0042D00 R
0xC0042D40 R
0xC0042D80 R
0xC0042DC0 R
0xC0042E00 R
0xC0042E40 R
0xC0042E80 R
0xC0042EC0 R
0xC0042F00 R
0xC0042F40 R
0xC0042F80 R
0xC0042FC0 R
0xC0043000 R
0xC0043040 R
0xC0043080 R
0xC00430C0 R
0xC0043100 R
0xC0043140 R
0xC0043180 R
0xC00431C0 R
0xC0043200 R
0xC0043240 R
0xC0043280 R
0xC00432C0 R
0xC0043300 R
0xC0043340 R
0xC0043380 R
0xC00433C0 R
0xC0043400 R
0xC0043440 R
0xC0043480 R
0xC00434C0 R
0xC0043500 R
0xC0043540 R
0xC0043580 R
0xC00435C0 R
0xC0043600 R
0xC0043640 R
0xC0043680 R
0xC00436C0 R
0xC0043700 R
0xC0043740 R
0xC0043780 R
0xC00437C0 R
0xC0043800 R
0xC0043840 R
0xC0043880 R
0xC00438C0 R
0xC0043900 R
0xC0043940 R
0xC0043980 R
0xC00439C0 R
0xC0043A00 R
0xC0043A40 R
0xC0043A80 R
0xC0043AC0 R
0xC0043B00 R
0xC0043B40 R
0xC0043B80 R
0xC0043BC0 R
0xC0043C00 R
0xC0043C40 R
0xC0043C80 R
0xC0043CC0 R
0xC0043D00 R
0xC0043D40 R
0xC0043D80 R
0xC0043DC0 R
0xC0043E00 R
0xC0043E40 R
0xC0043E80 R
0xC0043EC0 R
0xC0043F00 R
0xC0043F40 R
0xC0043F80 R
0xC0043FC0 R
0xC0044000 R
0xC0044040 R
0xC0044080 R
0xC00440C0 R
0xC0044100 R
0xC0044140 R
0xC0044180 R
0xC00441C0 R
0xC0044200 R
0xC0044240 R
0xC0044280 R
0xC00442C0 R
0xC0044300 R
0xC0044340 R
0xC0044380 R
0xC00443C0 R
0xC0044400 R
0xC0044440 R
0xC0044480 R
0xC00444C0 R
0xC0044500 R
0xC0044540 R
0xC0044580 R
0xC00445C0 R
0xC0044600 R
0xC0044640 R
0xC0044680 R
0xC00446C0 R
0xC0044700 R
0xC0044740 R
0xC0044780 R
0xC00447C0 R
0xC0044800 R
0xC0044840 R
0xC0044880 R
0xC00448C0 R
0xC0044900 R
0xC0044940 R
0xC0044980 R
0xC00449C0 R
0xC0044A00 R
0xC0044A40 R
0xC0044A80 R
0xC0044AC0 R
0xC0044B00 R
0xC0044B40 R
0xC0044B80 R
0xC0044BC0 R
0xC0044C00 R
0xC0044C40 R
0xC0044C80 R
0xC0044CC0 R
0xC0044D00 R
0xC0044D40 R
0xC0044D80 R
0xC0044DC0 R
0xC0044E00 R
0xC0044E40 R
0xC0044E80 R
0xC0044EC0 R
0xC0044F00 R
0xC0044F40 R
0xC0044F80 R
0xC0044FC0 R
0xC0045000 R
0xC0045040 R
0xC0045080 R
0xC00450C0 R
0xC0045100 R
0xC0045140 R
0xC0045180 R
0xC00451C0 R
0xC0045200 R
0xC0045240 R
0xC0045280 R
0xC00452C0 R
0xC0045300 R
0xC0045340 R
0xC0045380 R
0xC00453C0 R
0xC0045400 R
0xC0045440 R
0xC0045480 R
0xC00454C0 R
0xC0045500 R
0xC0045540 R
0xC0045580 R
0xC00455C0 R
0xC0045600 R
0xC0045640 R
0xC0045680 R
0xC00456C0 R
0xC0045700 R
0xC0045740 R
0xC0045780 R
0xC00457C0 R
0xC0045800 R
0xC0045840 R
0xC0045880 R
0xC00458C0 R
0xC0045900 R
0xC0045940 R
0xC0045980 R
0xC00459C0 R
0xC0045A00 R
0xC0045A40 R
0xC0045A80 R
0xC0045AC0 R
0xC0045B00 R
0xC0045B40 R
0xC0045B80 R
0xC0045BC0 R
0xC0045C00 R
0xC0045C40 R
0xC0045C80 R
0xC0045CC0 R
0xC0045D00 R
0xC0045D40 R
0xC0045D80 R
0xC0045DC0 R
0xC0045E00 R
0xC0045E40 R
0xC0045E80 R
0xC0045EC0 R
0xC0045F00 R
0xC0045F40 R
0xC0045F80 R
0xC0045FC0 R
0xC0046000 R
0xC0046040 R
0xC0046080 R
0xC00460C0 R
0xC0046100 R
0xC0046140 R
0xC0046180 R
0xC00461C0 R
0xC0046200 R
0xC0046240 R
0xC0046280 R
0xC00462C0 R
0xC0046300 R
0xC0046340 R
0xC0046380 R
0xC00463C0 R
0xC0046400 R
0xC0046440 R
0xC0046480 R
0xC00464C0 R
0xC0046500 R
0xC0046540 R
0xC0046580 R
0xC00465C0 R
0xC0046600 R
0xC0046640 R
0xC0046680 R
0xC00466C0 R
0xC0046700 R
0xC0046740 R
0xC0046780 R
0xC00467C0 R
0xC0046800 R
0xC0046840 R
0xC0046880 R
0xC00468C0 R
0xC0046900 R
0xC0046940 R
0xC0046980 R
0xC00469C0 R
0xC0046A00 R
0xC0046A40 R
0xC0046A80 R
0xC0046AC0 R
0xC0046B00 R
0xC0046B40 R
0xC0046B80 R
0xC0046BC0 R
0xC0046C00 R
0xC0046C40 R
0xC0046C80 R
0xC0046CC0 R
0xC0046D00 R
0xC0046D40 R
0xC0046D80 R
0xC0046DC0 R
0xC0046E00 R
0xC0046E40 R
0xC0046E80 R
0xC0046EC0 R
0xC0046F00 R
0xC0046F40 R
0xC0046F80 R
0xC0046FC0 R
0xC0047000 R
0xC0047040 R
0xC0047080 R
0xC00470C0 R
0xC0047100 R
0xC0047140 R
0xC0047180 R
0xC00471C0 R
0xC0047200 R
0xC0047240 R
0xC0047280 R
0xC00472C0 R
0xC0047300 R
0xC0047340 R
0xC0047380 R
0xC00473C0 R
0xC0047400 R
0xC0047440 R
0xC0047480 R
0xC00474C0 R
0xC0047500 R
0xC0047540 R
0xC0047580 R
0xC00475C0 R
0xC0047600 R
0xC0047640 R
0xC0047680 R
0xC00476C0 R
0xC0047700 R
0xC0047740 R
0xC0047780 R
0xC00477C0 R
0xC0047800 R
0xC0047840 R
0xC0047880 R
0xC00478C0 R
0xC0047900 R
0xC0047940 R
0xC0047980 R
0xC00479C0 R
0xC0047A00 R
0xC0047A40 R
0xC0047A80 R
0xC0047AC0 R
0xC0047B00 R
0xC0047B40 R
0xC0047B80 R
0xC0047BC0 R
0xC0047C00 R
0xC0047C40 R
0xC0047C80 R
0xC0047CC0 R
0xC0047D00 R
0xC0047D40 R
0xC0047D80 R
0xC0047DC0 R
0xC0047E00 R
0xC0047E40 R
0xC0047E80 R
0xC0047EC0 R
0xC0047F00 R
0xC0047F40 R
0xC0047F80 R
0xC0047FC0 R
0xC0048000 R
0xC0048040 R
0xC0048080 R
0xC00480C0 R
0xC0048100 R
0xC0048140 R
0xC0048180 R
0xC00481C0 R
0xC0048200 R
0xC0048240 R
0xC0048280 R
0xC00482C0 R
0xC0048300 R
0xC0048340 R
0xC0048380 R
0xC00483C0 R
0xC0048400 R
0xC0048440 R
0xC0048480 R
0xC00484C0 R
0xC0048500 R
0xC0048540 R
0xC0048580 R
0xC00485C0 R
0xC0048600 R
0xC0048640 R
0xC0048680 R
0xC00486C0 R
0xC0048700 R
0xC0048740 R
0xC0048780 R
0xC00487C0 R
0xC0048800 R
0xC0048840 R
0xC0048880 R
0xC00488C0 R
0xC0048900 R
0xC0048940 R
0xC0048980 R
0xC00489C0 R
0xC0048A00 R
0xC0048A40 R
0xC0048A80 R
0xC0048AC0 R
0xC0048B00 R
0xC0048B40 R
0xC0048B80 R
0xC0048BC0 R
0xC0048C00 R
0xC0048C40 R
0xC0048C80 R
0xC0048CC0 R
0xC0048D00 R
0xC0048D40 R
0xC0048D80 R
0xC0048DC0 R
0xC0048E00 R
0xC0048E40 R
0xC0048E80 R
0xC0048EC0 R
0xC0048F00 R
0xC0048F40 R
0xC0048F80 R
0xC0048FC0 R
0xC0049000 R
0xC0049040 R
0xC0049080 R
0xC00490C0 R
0xC0049100 R
0xC0049140 R
0xC0049180 R
0xC00491C0 R
0xC0049200 R
0xC0049240 R
0xC0049280 R
0xC00492C0 R
0xC0049300 R
0xC0049340 R
0xC0049380 R
0xC00493C0 R
0xC0049400 R
0xC0049440 R
0xC0049480 R
0xC00494C0 R
0xC0049500 R
0xC0049540 R
0xC0049580 R
0xC00495C0 R
0xC0049600 R
0xC0049640 R
0xC0049680 R
0xC00496C0 R
0xC0049700 R
0xC0049740 R
0xC0049780 R
0xC00497C0 R
0xC0049800 R
0xC0049840 R
0xC0049880 R
0xC00498C0 R
0xC0049900 R
0xC0049940 R
0xC0049980 R
0xC00499C0 R
0xC0049A00 R
0xC0049A40 R
0xC0049A80 R
0xC0049AC0 R
0xC0049B00 R
0xC0049B40 R
0xC0049B80 R
0xC0049BC0 R
0xC0049C00 R
0xC0049C40 R
0xC0049C80 R
0xC0049CC0 R
0xC0049D00 R
0xC0049D40 R
0xC0049D80 R
0xC0049DC0 R
0xC0049E00 R
0xC0049E40 R
0xC0049E80 R
0xC0049EC0 R
0xC0049F00 R
0xC0049F40 R
0xC0049F80 R
0xC0049FC0 R
0xC004A000 R
0xC004A040 R
0xC004A080 R
0xC004A0C0 R
0xC004A100 R
0xC004A140 R
0xC004A180 R
0xC004A1C0 R
0xC004A200 R
0xC004A240 R
0xC004A280 R
0xC004A2C0 R
0xC004A300 R
0xC004A340 R
0xC004A380 R
0xC004A3C0 R
0xC004A400 R
0xC004A440 R
0xC004A480 R
0xC004A4C0 R
0xC004A500 R
0xC004A540 R
0xC004A580 R
0xC004A5C0 R
0xC004A600 R
0xC004A640 R
0xC004A680 R
0xC004A6C0 R
0xC004A700 R
0xC004A740 R
0xC004A780 R
0xC004A7C0 R
0xC004A800 R
0xC004A840 R
0xC004A880 R
0xC004A8C0 R
0xC004A900 R
0xC004A940 R
0xC004A980 R
0xC004A9C0 R
0xC004AA00 R
0xC004AA40 R
0xC004AA80 R
0xC004AAC0 R
0xC004AB00 R
0xC004AB40 R
0xC004AB80 R
0xC004ABC0 R
0xC004AC00 R
0xC004AC40 R
0xC004AC80 R
0xC004ACC0 R
0xC004AD00 R
0xC004AD40 R
0xC004AD80 R
0xC004ADC0 R
0xC004AE00 R
0xC004AE40 R
0xC004AE80 R
0xC004AEC0 R
0xC004AF00 R
0xC004AF40 R
0xC004AF80 R
0xC004AFC0 R
0xC004B000 R
0xC004B040 R
0xC004B080 R
0xC004B0C0 R
0xC004B100 R
0xC004B140 R
0xC004B180 R
0xC004B1C0 R
0xC004B200 R
0xC004B240 R
0xC004B280 R
0xC004B2C0 R
0xC004B300 R
0xC004B340 R
0xC004B380 R
0xC004B3C0 R
0xC004B400 R
0xC004B440 R
0xC004B480 R
0xC004B4C0 R
0xC004B500 R
0xC004B540 R
0xC004B580 R
0xC004B5C0 R
0xC004B600 R
0xC004B640 R
0xC004B680 R
0xC004B6C0 R
0xC004B700 R
0xC004B740 R
0xC004B780 R
0xC004B7C0 R
0xC004B800 R
0xC004B840 R
0xC004B880 R
0xC004B8C0 R
0xC004B900 R
0xC004B940 R
0xC004B980 R
0xC004B9C0 R
0xC004BA00 R
0xC004BA40 R
0xC004BA80 R
0xC004BAC0 R
0xC004BB00 R
0xC004BB40 R
0xC004BB80 R
0xC004BBC0 R
0xC004BC00 R
0xC004BC40 R
0xC004BC80 R
0xC004BCC0 R
0xC004BD00 R
0xC004BD40 R
0xC004BD80 R
0xC004BDC0 R
0xC004BE00 R
0xC004BE40 R
0xC004BE80 R
0xC004BEC0 R
0xC004BF00 R
0xC004BF40 R
0xC004BF80 R
0xC004BFC0 R
0xC004C000 R
0xC004C040 R
0xC004C080 R
0xC004C0C0 R
0xC004C100 R
0xC004C140 R
0xC004C180 R
0xC004C1C0 R
0xC004C200 R
0xC004C240 R
0xC004C280 R
0xC004C2C0 R
0xC004C300 R
0xC004C340 R
0xC004C380 R
0xC004C3C0 R
0xC004C400 R
0xC004C440 R
0xC004C480 R
0xC004C4C0 R
0xC004C500 R
0xC004C540 R
0xC004C580 R
0xC004C5C0 R
0xC004C600 R
0xC004C640 R
0xC004C680 R
0xC004C6C0 R
0xC004C700 R
0xC004C740 R
0xC004C780 R
0xC004C7C0 R
0xC004C800 R
0xC004C840 R
0xC004C880 R
0xC004C8C0 R
0xC004C900 R
0xC004C940 R
0xC004C980 R
0xC004C9C0 R
0xC004CA00 R
0xC004CA40 R
0xC004CA80 R
0xC004CAC0 R
0xC004CB00 R
0xC004CB40 R
0xC004CB80 R
0xC004CBC0 R
0xC004CC00 R
0xC004CC40 R
0xC004CC80 R
0xC004CCC0 R
0xC004CD00 R
0xC004CD40 R
0xC004CD80 R
0xC004CDC0 R
0xC004CE00 R
0xC004CE40 R
0xC004CE80 R
0xC004CEC0 R
0xC004CF00 R
0xC004CF40 R
0xC004CF80 R
0xC004CFC0 R
0xC004D000 R
0xC004D040 R
0xC004D080 R
0xC004D0C0 R
0xC004D100 R
0xC004D140 R
0xC004D180 R
0xC004D1C0 R
0xC004D200 R
0xC004D240 R
0xC004D280 R
0xC004D2C0 R
0xC004D300 R
0xC004D340 R
0xC004D380 R
0xC004D3C0 R
0xC004D400 R
0xC004D440 R
0xC004D480 R
0xC004D4C0 R
0xC004D500 R
0xC004D540 R
0xC004D580 R
0xC004D5C0 R
0xC004D600 R
0xC004D640 R
0xC004D680 R
0xC004D6C0 R
0xC004D700 R
0xC004D740 R
0xC004D780 R
0xC004D7C0 R
0xC004D800 R
0xC004D840 R
0xC004D880 R
0xC004D8C0 R
0xC004D900 R
0xC004D940 R
0xC004D980 R
0xC004D9C0 R
0xC004DA00 R
0xC004DA40 R
0xC004DA80 R
0xC004DAC0 R
0xC004DB00 R
0xC004DB40 R
0xC004DB80 R
0xC004DBC0 R
0xC004DC00 R
0xC004DC40 R
0xC004DC80 R
0xC004DCC0 R
0xC004DD00 R
0xC004DD40 R
0xC004DD80 R
0xC004DDC0 R
0xC004DE00 R
0xC004DE40 R
0xC004DE80 R
0xC004DEC0 R
0xC004DF00 R
0xC004DF40 R
0xC004DF80 R
0xC004DFC0 R
0xC004E000 R
0xC004E040 R
0xC004E080 R
0xC004E0C0 R
0xC004E100 R
0xC004E140 R
0xC004E180 R
0xC004E1C0 R
0xC004E200 R
0xC004E240 R
0xC004E280 R
0xC004E2C0 R
0xC004E300 R
0xC004E340 R
0xC004E380 R
0xC004E3C0 R
0xC004E400 R
0xC004E440 R
0xC004E480 R
0xC004E4C0 R
0xC004E500 R
0xC004E540 R
0xC004E580 R
0xC004E5C0 R
0xC004E600 R
0xC004E640 R
0xC004E680 R
0xC004E6C0 R
0xC004E700 R
0xC004E740 R
0xC004E780 R
0xC004E7C0 R
0xC004E800 R
0xC004E840 R
0xC004E880 R
0xC004E8C0 R
0xC004E900 R
0xC004E940 R
0xC004E980 R
0xC004E9C0 R
0xC004EA00 R
0xC004EA40 R
0xC004EA80 R
0xC004EAC0 R
0xC004EB00 R
0xC004EB40 R
0xC004EB80 R
0xC004EBC0 R
0xC004EC00 R
0xC004EC40 R
0xC004EC80 R
0xC004ECC0 R
0xC004ED00 R
0xC004ED40 R
0xC004ED80 R
0xC004EDC0 R
0xC004EE00 R
0xC004EE40 R
0xC004EE80 R
0xC004EEC0 R
0xC004EF00 R
0xC004EF40 R
0xC004EF80 R
0xC004EFC0 R
0xC004F000 R
0xC004F040 R
0xC004F080 R
0xC004F0C0 R
0xC004F100 R
0xC004F140 R
0xC004F180 R
0xC004F1C0 R
0xC004F200 R
0xC004F240 R
0xC004F280 R
0xC004F2C0 R
0xC004F300 R
0xC004F340 R
0xC004F380 R
0xC004F3C0 R
0xC004F400 R
0xC004F440 R
0xC004F480 R
0xC004F4C0 R
0xC004F500 R
0xC004F540 R
0xC004F580 R
0xC004F5C0 R
0xC004F600 R
0xC004F640 R
0xC004F680 R
0xC004F6C0 R
0xC004F700 R
0xC004F740 R
0xC004F780 R
0xC004F7C0 R
0xC004F800 R
0xC004F840 R
0xC004F880 R
0xC004F8C0 R
0xC004F900 R
0xC004F940 R
0xC004F980 R
0xC004F9C0 R
0xC004FA00 R
0xC004FA40 R
0xC004FA80 R
0xC004FAC0 R
0xC004FB00 R
0xC004FB40 R
0xC004FB80 R
0xC004FBC0 R
0xC004FC00 R
0xC004FC40 R
0xC004FC80 R
0xC004FCC0 R
0xC004FD00 R
0xC004FD40 R
0xC004FD80 R
0xC004FDC0 R
0xC004FE00 R
0xC004FE40 R
0xC004FE80 R
0xC004FEC0 R
0xC004FF00 R
0xC004FF40 R
0xC004FF80 R
0xC004FFC0 R
0xA0050000 R
0xA0050040 R
0xA0050080 R
0xA00500C0 R
0xA0050100 R
0xA0050140 R
0xA0050180 R
0xA00501C0 R
0xA0050200 R
0xA0050240 R
0xA0050280 R
0xA00502C0 R
0xA0050300 R
0xA0050340 R
0xA0050380 R
0xA00503C0 R
0xA0050400 R
0xA0050440 R
0xA0050480 R
0xA00504C0 R
0xA0050500 R
0xA0050540 R
0xA0050580 R
0xA00505C0 R
0xA0050600 R
0xA0050640 R
0xA0050680 R
0xA00506C0 R
0xA0050700 R
0xA0050740 R
0xA0050780 R
0xA00507C0 R
0xA0050800 R
0xA0050840 R
0xA0050880 R
0xA00508C0 R
0xA0050900 R
0xA0050940 R
0xA0050980 R
0xA00509C0 R
0xA0050A00 R
0xA0050A40 R
0xA0050A80 R
0xA0050AC0 R
0xA0050B00 R
0xA0050B40 R
0xA0050B80 R
0xA0050BC0 R
0xA0050C00 R
0xA0050C40 R
0xA0050C80 R
0xA0050CC0 R
0xA0050D00 R
0xA0050D40 R
0xA0050D80 R
0xA0050DC0 R
0xA0050E00 R
0xA0050E40 R
0xA0050E80 R
0xA0050EC0 R
0xA0050F00 R
0xA0050F40 R
0xA0050F80 R
0xA0050FC0 R
0xA0051000 R
0xA0051040 R
0xA0051080 R
0xA00510C0 R
0xA0051100 R
0xA0051140 R
0xA0051180 R
0xA00511C0 R
0xA0051200 R
0xA0051240 R
0xA0051280 R
0xA00512C0 R
0xA0051300 R
0xA0051340 R
0xA0051380 R
0xA00513C0 R
0xA0051400 R
0xA0051440 R
0xA0051480 R
0xA00514C0 R
0xA0051500 R
0xA0051540 R
0xA0051580 R
0xA00515C0 R
0xA0051600 R
0xA0051640 R
0xA0051680 R
0xA00516C0 R
0xA0051700 R
0xA0051740 R
0xA0051780 R
0xA00517C0 R
0xA0051800 R
0xA0051840 R
0xA0051880 R
0xA00518C0 R
0xA0051900 R
0xA0051940 R
0xA0051980 R
0xA00519C0 R
0xA0051A00 R
0xA0051A40 R
0xA0051A80 R
0xA0051AC0 R
0xA0051B00 R
0xA0051B40 R
0xA0051B80 R
0xA0051BC0 R
0xA0051C00 R
0xA0051C40 R
0xA0051C80 R
0xA0051CC0 R
0xA0051D00 R
0xA0051D40 R
0xA0051D80 R
0xA0051DC0 R
0xA0051E00 R
0xA0051E40 R
0xA0051E80 R
0xA0051EC0 R
0xA0051F00 R
0xA0051F40 R
0xA0051F80 R
0xA0051FC0 R
0xA0052000 R
0xA0052040 R
0xA0052080 R
0xA00520C0 R
0xA0052100 R
0xA0052140 R
0xA0052180 R
0xA00521C0 R
0xA0052200 R
0xA0052240 R
0xA0052280 R
0xA00522C0 R
0xA0052300 R
0xA0052340 R
0xA0052380 R
0xA00523C0 R
0xA0052400 R
0xA0052440 R
0xA0052480 R
0xA00524C0 R
0xA0052500 R
0xA0052540 R
0xA0052580 R
0xA00525C0 R
0xA0052600 R
0xA0052640 R
0xA0052680 R
0xA00526C0 R
0xA0052700 R
0xA0052740 R
0xA0052780 R
0xA00527C0 R
0xA0052800 R
0xA0052840 R
0xA0052880 R
0xA00528C0 R
0xA0052900 R
0xA0052940 R
0xA0052980 R
0xA00529C0 R
0xA0052A00 R
0xA0052A40 R
0xA0052A80 R
0xA0052AC0 R
0xA0052B00 R
0xA0052B40 R
0xA0052B80 R
0xA0052BC0 R
0xA0052C00 R
0xA0052C40 R
0xA0052C80 R
0xA0052CC0 R
0xA0052D00 R
0xA0052D40 R
0xA0052D80 R
0xA0052DC0 R
0xA0052E00 R
0xA0052E40 R
0xA0052E80 R
0xA0052EC0 R
0xA0052F00 R
0xA0052F40 R
0xA0052F80 R
0xA0052FC0 R
0xA0053000 R
0xA0053040 R
0xA0053080 R
0xA00530C0 R
0xA0053100 R
0xA0053140 R
0xA0053180 R
0xA00531C0 R
0xA0053200 R
0xA0053240 R
0xA0053280 R
0xA00532C0 R
0xA0053300 R
0xA0053340 R
0xA0053380 R
0xA00533C0 R
0xA0053400 R
0xA0053440 R
0xA0053480 R
0xA00534C0 R
0xA0053500 R
0xA0053540 R
0xA0053580 R
0xA00535C0 R
0xA0053600 R
0xA0053640 R
0xA0053680 R
0xA00536C0 R
0xA0053700 R
0xA0053740 R
0xA0053780 R
0xA00537C0 R
0xA0053800 R
0xA0053840 R
0xA0053880 R
0xA00538C0 R
0xA0053900 R
0xA0053940 R
0xA0053980 R
0xA00539C0 R
0xA0053A00 R
0xA0053A40 R
0xA0053A80 R
0xA0053AC0 R
0xA0053B00 R
0xA0053B40 R
0xA0053B80 R
0xA0053BC0 R
0xA0053C00 R
0xA0053C40 R
0xA0053C80 R
0xA0053CC0 R
0xA0053D00 R
0xA0053D40 R
0xA0053D80 R
0xA0053DC0 R
0xA0053E00 R
0xA0053E40 R
0xA0053E80 R
0xA0053EC0 R
0xA0053F00 R
0xA0053F40 R
0xA0053F80 R
0xA0053FC0 R
0xA0054000 R
0xA0054040 R
0xA0054080 R
0xA00540C0 R
0xA0054100 R
0xA0054140 R
0xA0054180 R
0xA00541C0 R
0xA0054200 R
0xA0054240 R
0xA0054280 R
0xA00542C0 R
0xA0054300 R
0xA0054340 R
0xA0054380 R
0xA00543C0 R
0xA0054400 R
0xA0054440 R
0xA0054480 R
0xA00544C0 R
0xA0054500 R
0xA0054540 R
0xA0054580 R
0xA00545C0 R
0xA0054600 R
0xA0054640 R
0xA0054680 R
0xA00546C0 R
0xA0054700 R
0xA0054740 R
0xA0054780 R
0xA00547C0 R
0xA0054800 R
0xA0054840 R
0xA0054880 R
0xA00548C0 R
0xA0054900 R
0xA0054940 R
0xA0054980 R
0xA00549C0 R
0xA0054A00 R
0xA0054A40 R
0xA0054A80 R
0xA0054AC0 R
0xA0054B00 R
0xA0054B40 R
0xA0054B80 R
0xA0054BC0 R
0xA0054C00 R
0xA0054C40 R
0xA0054C80 R
0xA0054CC0 R
0xA0054D00 R
0xA0054D40 R
0xA0054D80 R
0xA0054DC0 R
0xA0054E00 R
0xA0054E40 R
0xA0054E80 R
0xA0054EC0 R
0xA0054F00 R
0xA0054F40 R
0xA0054F80 R
0xA0054FC0 R
0xA0055000 R
0xA0055040 R
0xA0055080 R
0xA00550C0 R
0xA0055100 R
0xA0055140 R
0xA0055180 R
0xA00551C0 R
0xA0055200 R
0xA0055240 R
0xA0055280 R
0xA00552C0 R
0xA0055300 R
0xA0055340 R
0xA0055380 R
0xA00553C0 R
0xA0055400 R
0xA0055440 R
0xA0055480 R
0xA00554C0 R
0xA0055500 R
0xA0055540 R
0xA0055580 R
0xA00555C0 R
0xA0055600 R
0xA0055640 R
0xA0055680 R
0xA00556C0 R
0xA0055700 R
0xA0055740 R
0xA0055780 R
0xA00557C0 R
0xA0055800 R
0xA0055840 R
0xA0055880 R
0xA00558C0 R
0xA0055900 R
0xA0055940 R
0xA0055980 R
0xA00559C0 R
0xA0055A00 R
0xA0055A40 R
0xA0055A80 R
0xA0055AC0 R
0xA0055B00 R
0xA0055B40 R
0xA0055B80 R
0xA0055BC0 R
0xA0055C00 R
0xA0055C40 R
0xA0055C80 R
0xA0055CC0 R
0xA0055D00 R
0xA0055D40 R
0xA0055D80 R
0xA0055DC0 R
0xA0055E00 R
0xA0055E40 R
0xA0055E80 R
0xA0055EC0 R
0xA0055F00 R
0xA0055F40 R
0xA0055F80 R
0xA0055FC0 R
0xA0056000 R
0xA0056040 R
0xA0056080 R
0xA00560C0 R
0xA0056100 R
0xA0056140 R
0xA0056180 R
0xA00561C0 R
0xA0056200 R
0xA0056240 R
0xA0056280 R
0xA00562C0 R
0xA0056300 R
0xA0056340 R
0xA0056380 R
0xA00563C0 R
0xA0056400 R
0xA0056440 R
0xA0056480 R
0xA00564C0 R
0xA0056500 R
0xA0056540 R
0xA0056580 R
0xA00565C0 R
0xA0056600 R
0xA0056640 R
0xA0056680 R
0xA00566C0 R
0xA0056700 R
0xA0056740 R
0xA0056780 R
0xA00567C0 R
0xA0056800 R
0xA0056840 R
0xA0056880 R
0xA00568C0 R
0xA0056900 R
0xA0056940 R
0xA0056980 R
0xA00569C0 R
0xA0056A00 R
0xA0056A40 R
0xA0056A80 R
0xA0056AC0 R
0xA0056B00 R
0xA0056B40 R
0xA0056B80 R
0xA0056BC0 R
0xA0056C00 R
0xA0056C40 R
0xA0056C80 R
0xA0056CC0 R
0xA0056D00 R
0xA0056D40 R
0xA0056D80 R
0xA0056DC0 R
0xA0056E00 R
0xA0056E40 R
0xA0056E80 R
0xA0056EC0 R
0xA0056F00 R
0xA0056F40 R
0xA0056F80 R
0xA0056FC0 R
0xA0057000 R
0xA0057040 R
0xA0057080 R
0xA00570C0 R
0xA0057100 R
0xA0057140 R
0xA0057180 R
0xA00571C0 R
0xA0057200 R
0xA0057240 R
0xA0057280 R
0xA00572C0 R
0xA0057300 R
0xA0057340 R
0xA0057380 R
0xA00573C0 R
0xA0057400 R
0xA0057440 R
0xA0057480 R
0xA00574C0 R
0xA0057500 R
0xA0057540 R
0xA0057580 R
0xA00575C0 R
0xA0057600 R
0xA0057640 R
0xA0057680 R
0xA00576C0 R
0xA0057700 R
0xA0057740 R
0xA0057780 R
0xA00577C0 R
0xA0057800 R
0xA0057840 R
0xA0057880 R
0xA00578C0 R
0xA0057900 R
0xA0057940 R
0xA0057980 R
0xA00579C0 R
0xA0057A00 R
0xA0057A40 R
0xA0057A80 R
0xA0057AC0 R
0xA0057B00 R
0xA0057B40 R
0xA0057B80 R
0xA0057BC0 R
0xA0057C00 R
0xA0057C40 R
0xA0057C80 R
0xA0057CC0 R
0xA0057D00 R
0xA0057D40 R
0xA0057D80 R
0xA0057DC0 R
0xA0057E00 R
0xA0057E40 R
0xA0057E80 R
0xA0057EC0 R
0xA0057F00 R
0xA0057F40 R
0xA0057F80 R
0xA0057FC0 R
0xA0058000 R
0xA0058040 R
0xA0058080 R
0xA00580C0 R
0xA0058100 R
0xA0058140 R
0xA0058180 R
0xA00581C0 R
0xA0058200 R
0xA0058240 R
0xA0058280 R
0xA00582C0 R
0xA0058300 R
0xA0058340 R
0xA0058380 R
0xA00583C0 R
0xA0058400 R
0xA0058440 R
0xA0058480 R
0xA00584C0 R
0xA0058500 R
0xA0058540 R
0xA0058580 R
0xA00585C0 R
0xA0058600 R
0xA0058640 R
0xA0058680 R
0xA00586C0 R
0xA0058700 R
0xA0058740 R
0xA0058780 R
0xA00587C0 R
0xA0058800 R
0xA0058840 R
0xA0058880 R
0xA00588C0 R
0xA0058900 R
0xA0058940 R
0xA0058980 R
0xA00589C0 R
0xA0058A00 R
0xA0058A40 R
0xA0058A80 R
0xA0058AC0 R
0xA0058B00 R
0xA0058B40 R
0xA0058B80 R
0xA0058BC0 R
0xA0058C00 R
0xA0058C40 R
0xA0058C80 R
0xA0058CC0 R
0xA0058D00 R
0xA0058D40 R
0xA0058D80 R
0xA0058DC0 R
0xA0058E00 R
0xA0058E40 R
0xA0058E80 R
0xA0058EC0 R
0xA0058F00 R
0xA0058F40 R
0xA0058F80 R
0xA0058FC0 R
0xA0059000 R
0xA0059040 R
0xA0059080 R
0xA00590C0 R
0xA0059100 R
0xA0059140 R
0xA0059180 R
0xA00591C0 R
0xA0059200 R
0xA0059240 R
0xA0059280 R
0xA00592C0 R
0xA0059300 R
0xA0059340 R
0xA0059380 R
0xA00593C0 R
0xA0059400 R
0xA0059440 R
0xA0059480 R
0xA00594C0 R
0xA0059500 R
0xA0059540 R
0xA0059580 R
0xA00595C0 R
0xA0059600 R
0xA0059640 R
0xA0059680 R
0xA00596C0 R
0xA0059700 R
0xA0059740 R
0xA0059780 R
0xA00597C0 R
0xA0059800 R
0xA0059840 R
0xA0059880 R
0xA00598C0 R
0xA0059900 R
0xA0059940 R
0xA0059980 R
0xA00599C0 R
0xA0059A00 R
0xA0059A40 R
0xA0059A80 R
0xA0059AC0 R
0xA0059B00 R
0xA0059B40 R
0xA0059B80 R
0xA0059BC0 R
0xA0059C00 R
0xA0059C40 R
0xA0059C80 R
0xA0059CC0 R
0xA0059D00 R
0xA0059D40 R
0xA0059D80 R
0xA0059DC0 R
0xA0059E00 R
0xA0059E40 R
0xA0059E80 R
0xA0059EC0 R
0xA0059F00 R
0xA0059F40 R
0xA0059F80 R
0xA0059FC0 R
0xA005A000 R
0xA005A040 R
0xA005A080 R
0xA005A0C0 R
0xA005A100 R
0xA005A140 R
0xA005A180 R
0xA005A1C0 R
0xA005A200 R
0xA005A240 R
0xA005A280 R
0xA005A2C0 R
0xA005A300 R
0xA005A340 R
0xA005A380 R
0xA005A3C0 R
0xA005A400 R
0xA005A440 R
0xA005A480 R
0xA005A4C0 R
0xA005A500 R
0xA005A540 R
0xA005A580 R
0xA005A5C0 R
0xA005A600 R
0xA005A640 R
0xA005A680 R
0xA005A6C0 R
0xA005A700 R
0xA005A740 R
0xA005A780 R
0xA005A7C0 R
0xA005A800 R
0xA005A840 R
0xA005A880 R
0xA005A8C0 R
0xA005A900 R
0xA005A940 R
0xA005A980 R
0xA005A9C0 R
0xA005AA00 R
0xA005AA40 R
0xA005AA80 R
0xA005AAC0 R
0xA005AB00 R
0xA005AB40 R
0xA005AB80 R
0xA005ABC0 R
0xA005AC00 R
0xA005AC40 R
0xA005AC80 R
0xA005ACC0 R
0xA005AD00 R
0xA005AD40 R
0xA005AD80 R
0xA005ADC0 R
0xA005AE00 R
0xA005AE40 R
0xA005AE80 R
0xA005AEC0 R
0xA005AF00 R
0xA005AF40 R
0xA005AF80 R
0xA005AFC0 R
0xA005B000 R
0xA005B040 R
0xA005B080 R
0xA005B0C0 R
0xA005B100 R
0xA005B140 R
0xA005B180 R
0xA005B1C0 R
0xA005B200 R
0xA005B240 R
0xA005B280 R
0xA005B2C0 R
0xA005B300 R
0xA005B340 R
0xA005B380 R
0xA005B3C0 R
0xA005B400 R
0xA005B440 R
0xA005B480 R
0xA005B4C0 R
0xA005B500 R
0xA005B540 R
0xA005B580 R
0xA005B5C0 R
0xA005B600 R
0xA005B640 R
0xA005B680 R
0xA005B6C0 R
0xA005B700 R
0xA005B740 R
0xA005B780 R
0xA005B7C0 R
0xA005B800 R
0xA005B840 R
0xA005B880 R
0xA005B8C0 R
0xA005B900 R
0xA005B940 R
0xA005B980 R
0xA005B9C0 R
0xA005BA00 R
0xA005BA40 R
0xA005BA80 R
0xA005BAC0 R
0xA005BB00 R
0xA005BB40 R
0xA005BB80 R
0xA005BBC0 R
0xA005BC00 R
0xA005BC40 R
0xA005BC80 R
0xA005BCC0 R
0xA005BD00 R
0xA005BD40 R
0xA005BD80 R
0xA005BDC0 R
0xA005BE00 R
0xA005BE40 R
0xA005BE80 R
0xA005BEC0 R
0xA005BF00 R
0xA005BF40 R
0xA005BF80 R
0xA005BFC0 R
0xA005C000 R
0xA005C040 R
0xA005C080 R
0xA005C0C0 R
0xA005C100 R
0xA005C140 R
0xA005C180 R
0xA005C1C0 R
0xA005C200 R
0xA005C240 R
0xA005C280 R
0xA005C2C0 R
0xA005C300 R
0xA005C340 R
0xA005C380 R
0xA005C3C0 R
0xA005C400 R
0xA005C440 R
0xA005C480 R
0xA005C4C0 R
0xA005C500 R
0xA005C540 R
0xA005C580 R
0xA005C5C0 R
0xA005C600 R
0xA005C640 R
0xA005C680 R
0xA005C6C0 R
0xA005C700 R
0xA005C740 R
0xA005C780 R
0xA005C7C0 R
0xA005C800 R
0xA005C840 R
0xA005C880 R
0xA005C8C0 R
0xA005C900 R
0xA005C940 R
0xA005C980 R
0xA005C9C0 R
0xA005CA00 R
0xA005CA40 R
0xA005CA80 R
0xA005CAC0 R
0xA005CB00 R
0xA005CB40 R
0xA005CB80 R
0xA005CBC0 R
0xA005CC00 R
0xA005CC40 R
0xA005CC80 R
0xA005CCC0 R
0xA005CD00 R
0xA005CD40 R
0xA005CD80 R
0xA005CDC0 R
0xA005CE00 R
0xA005CE40 R
0xA005CE80 R
0xA005CEC0 R
0xA005CF00 R
0xA005CF40 R
0xA005CF80 R
0xA005CFC0 R
0xA005D000 R
0xA005D040 R
0xA005D080 R
0xA005D0C0 R
0xA005D100 R
0xA005D140 R
0xA005D180 R
0xA005D1C0 R
0xA005D200 R
0xA005D240 R
0xA005D280 R
0xA005D2C0 R
0xA005D300 R
0xA005D340 R
0xA005D380 R
0xA005D3C0 R
0xA005D400 R
0xA005D440 R
0xA005D480 R
0xA005D4C0 R
0xA005D500 R
0xA005D540 R
0xA005D580 R
0xA005D5C0 R
0xA005D600 R
0xA005D640 R
0xA005D680 R
0xA005D6C0 R
0xA005D700 R
0xA005D740 R
0xA005D780 R
0xA005D7C0 R
0xA005D800 R
0xA005D840 R
0xA005D880 R
0xA005D8C0 R
0xA005D900 R
0xA005D940 R
0xA005D980 R
0xA005D9C0 R
0xA005DA00 R
0xA005DA40 R
0xA005DA80 R
0xA005DAC0 R
0xA005DB00 R
0xA005DB40 R
0xA005DB80 R
0xA005DBC0 R
0xA005DC00 R
0xA005DC40 R
0xA005DC80 R
0xA005DCC0 R
0xA005DD00 R
0xA005DD40 R
0xA005DD80 R
0xA005DDC0 R
0xA005DE00 R
0xA005DE40 R
0xA005DE80 R
0xA005DEC0 R
0xA005DF00 R
0xA005DF40 R
0xA005DF80 R
0xA005DFC0 R
0xA005E000 R
0xA005E040 R
0xA005E080 R
0xA005E0C0 R
0xA005E100 R
0xA005E140 R
0xA005E180 R
0xA005E1C0 R
0xA005E200 R
0xA005E240 R
0xA005E280 R
0xA005E2C0 R
0xA005E300 R
0xA005E340 R
0xA005E380 R
0xA005E3C0 R
0xA005E400 R
0xA005E440 R
0xA005E480 R
0xA005E4C0 R
0xA005E500 R
0xA005E540 R
0xA005E580 R
0xA005E5C0 R
0xA005E600 R
0xA005E640 R
0xA005E680 R
0xA005E6C0 R
0xA005E700 R
0xA005E740 R
0xA005E780 R
0xA005E7C0 R
0xA005E800 R
0xA005E840 R
0xA005E880 R
0xA005E8C0 R
0xA005E900 R
0xA005E940 R
0xA005E980 R
0xA005E9C0 R
0xA005EA00 R
0xA005EA40 R
0xA005EA80 R
0xA005EAC0 R
0xA005EB00 R
0xA005EB40 R
0xA005EB80 R
0xA005EBC0 R
0xA005EC00 R
0xA005EC40 R
0xA005EC80 R
0xA005ECC0 R
0xA005ED00 R
0xA005ED40 R
0xA005ED80 R
0xA005EDC0 R
0xA005EE00 R
0xA005EE40 R
0xA005EE80 R
0xA005EEC0 R
0xA005EF00 R
0xA005EF40 R
0xA005EF80 R
0xA005EFC0 R
0xA005F000 R
0xA005F040 R
0xA005F080 R
0xA005F0C0 R
0xA005F100 R
0xA005F140 R
0xA005F180 R
0xA005F1C0 R
0xA005F200 R
0xA005F240 R
0xA005F280 R
0xA005F2C0 R
0xA005F300 R
0xA005F340 R
0xA005F380 R
0xA005F3C0 R
0xA005F400 R
0xA005F440 R
0xA005F480 R
0xA005F4C0 R
0xA005F500 R
0xA005F540 R
0xA005F580 R
0xA005F5C0 R
0xA005F600 R
0xA005F640 R
0xA005F680 R
0xA005F6C0 R
0xA005F700 R
0xA005F740 R
0xA005F780 R
0xA005F7C0 R
0xA005F800 R
0xA005F840 R
0xA005F880 R
0xA005F8C0 R
0xA005F900 R
0xA005F940 R
0xA005F980 R
0xA005F9C0 R
0xA005FA00 R
0xA005FA40 R
0xA005FA80 R
0xA005FAC0 R
0xA005FB00 R
0xA005FB40 R
0xA005FB80 R
0xA005FBC0 R
0xA005FC00 R
0xA005FC40 R
0xA005FC80 R
0xA005FCC0 R
0xA005FD00 R
0xA005FD40 R
0xA005FD80 R
0xA005FDC0 R
0xA005FE00 R
0xA005FE40 R
0xA005FE80 R
0xA005FEC0 R
0xA005FF00 R
0xA005FF40 R
0xA005FF80 R
0xA005FFC0 R
0xC0050000 W
0xC0050040 W
0xC0050080 W
0xC00500C0 W
0xC0050100 W
0xC0050140 W
0xC0050180 W
0xC00501C0 W
0xC0050200 W
0xC0050240 W
0xC0050280 W
0xC00502C0 W
0xC0050300 W
0xC0050340 W
0xC0050380 W
0xC00503C0 W
0xC0050400 W
0xC0050440 W
0xC0050480 W
0xC00504C0 W
0xC0050500 W
0xC0050540 W
0xC0050580 W
0xC00505C0 W
0xC0050600 W
0xC0050640 W
0xC0050680 W
0xC00506C0 W
0xC0050700 W
0xC0050740 W
0xC0050780 W
0xC00507C0 W
0xC0050800 W
0xC0050840 W
0xC0050880 W
0xC00508C0 W
0xC0050900 W
0xC0050940 W
0xC0050980 W
0xC00509C0 W
0xC0050A00 W
0xC0050A40 W
0xC0050A80 W
0xC0050AC0 W
0xC0050B00 W
0xC0050B40 W
0xC0050B80 W
0xC0050BC0 W
0xC0050C00 W
0xC0050C40 W
0xC0050C80 W
0xC0050CC0 W
0xC0050D00 W
0xC0050D40 W
0xC0050D80 W
0xC0050DC0 W
0xC0050E00 W
0xC0050E40 W
0xC0050E80 W
0xC0050EC0 W
0xC0050F00 W
0xC0050F40 W
0xC0050F80 W
0xC0050FC0 W
0xC0051000 W
0xC0051040 W
0xC0051080 W
0xC00510C0 W
0xC0051100 W
0xC0051140 W
0xC0051180 W
0xC00511C0 W
0xC0051200 W
0xC0051240 W
0xC0051280 W
0xC00512C0 W
0xC0051300 W
0xC0051340 W
0xC0051380 W
0xC00513C0 W
0xC0051400 W
0xC0051440 W
0xC0051480 W
0xC00514C0 W
0xC0051500 W
0xC0051540 W
0xC0051580 W
0xC00515C0 W
0xC0051600 W
0xC0051640 W
0xC0051680 W
0xC00516C0 W
0xC0051700 W
0xC0051740 W
0xC0051780 W
0xC00517C0 W
0xC0051800 W
0xC0051840 W
0xC0051880 W
0xC00518C0 W
0xC0051900 W
0xC0051940 W
0xC0051980 W
0xC00519C0 W
0xC0051A00 W
0xC0051A40 W
0xC0051A80 W
0xC0051AC0 W
0xC0051B00 W
0xC0051B40 W
0xC0051B80 W
0xC0051BC0 W
0xC0051C00 W
0xC0051C40 W
0xC0051C80 W
0xC0051CC0 W
0xC0051D00 W
0xC0051D40 W
0xC0051D80 W
0xC0051DC0 W
0xC0051E00 W
0xC0051E40 W
0xC0051E80 W
0xC0051EC0 W
0xC0051F00 W
0xC0051F40 W
0xC0051F80 W
0xC0051FC0 W
0xC0052000 W
0xC0052040 W
0xC0052080 W
0xC00520C0 W
0xC0052100 W
0xC0052140 W
0xC0052180 W
0xC00521C0 W
0xC0052200 W
0xC0052240 W
0xC0052280 W
0xC00522C0 W
0xC0052300 W
0xC0052340 W
0xC0052380 W
0xC00523C0 W
0xC0052400 W
0xC0052440 W
0xC0052480 W
0xC00524C0 W
0xC0052500 W
0xC0052540 W
0xC0052580 W
0xC00525C0 W
0xC0052600 W
0xC0052640 W
0xC0052680 W
0xC00526C0 W
0xC0052700 W
0xC0052740 W
0xC0052780 W
0xC00527C0 W
0xC0052800 W
0xC0052840 W
0xC0052880 W
0xC00528C0 W
0xC0052900 W
0xC0052940 W
0xC0052980 W
0xC00529C0 W
0xC0052A00 W
0xC0052A40 W
0xC0052A80 W
0xC0052AC0 W
0xC0052B00 W
0xC0052B40 W
0xC0052B80 W
0xC0052BC0 W
0xC0052C00 W
0xC0052C40 W
0xC0052C80 W
0xC0052CC0 W
0xC0052D00 W
0xC0052D40 W
0xC0052D80 W
0xC0052DC0 W
0xC0052E00 W
0xC0052E40 W
0xC0052E80 W
0xC0052EC0 W
0xC0052F00 W
0xC0052F40 W
0xC0052F80 W
0xC0052FC0 W
0xC0053000 W
0xC0053040 W
0xC0053080 W
0xC00530C0 W
0xC0053100 W
0xC0053140 W
0xC0053180 W
0xC00531C0 W
0xC0053200 W
0xC0053240 W
0xC0053280 W
0xC00532C0 W
0xC0053300 W
0xC0053340 W
0xC0053380 W
0xC00533C0 W
0xC0053400 W
0xC0053440 W
0xC0053480 W
0xC00534C0 W
0xC0053500 W
0xC0053540 W
0xC0053580 W
0xC00535C0 W
0xC0053600 W
0xC0053640 W
0xC0053680 W
0xC00536C0 W
0xC0053700 W
0xC0053740 W
0xC0053780 W
0xC00537C0 W
0xC0053800 W
0xC0053840 W
0xC0053880 W
0xC00538C0 W
0xC0053900 W
0xC0053940 W
0xC0053980 W
0xC00539C0 W
0xC0053A00 W
0xC0053A40 W
0xC0053A80 W
0xC0053AC0 W
0xC0053B00 W
0xC0053B40 W
0xC0053B80 W
0xC0053BC0 W
0xC0053C00 W
0xC0053C40 W
0xC0053C80 W
0xC0053CC0 W
0xC0053D00 W
0xC0053D40 W
0xC0053D80 W
0xC0053DC0 W
0xC0053E00 W
0xC0053E40 W
0xC0053E80 W
0xC0053EC0 W
0xC0053F00 W
0xC0053F40 W
0xC0053F80 W
0xC0053FC0 W
0xC0054000 W
0xC0054040 W
0xC0054080 W
0xC00540C0 W
0xC0054100 W
0xC0054140 W
0xC0054180 W
0xC00541C0 W
0xC0054200 W
0xC0054240 W
0xC0054280 W
0xC00542C0 W
0xC0054300 W
0xC0054340 W
0xC0054380 W
0xC00543C0 W
0xC0054400 W
0xC0054440 W
0xC0054480 W
0xC00544C0 W
0xC0054500 W
0xC0054540 W
0xC0054580 W
0xC00545C0 W
0xC0054600 W
0xC0054640 W
0xC0054680 W
0xC00546C0 W
0xC0054700 W
0xC0054740 W
0xC0054780 W
0xC00547C0 W
0xC0054800 W
0xC0054840 W
0xC0054880 W
0xC00548C0 W
0xC0054900 W
0xC0054940 W
0xC0054980 W
0xC00549C0 W
0xC0054A00 W
0xC0054A40 W
0xC0054A80 W
0xC0054AC0 W
0xC0054B00 W
0xC0054B40 W
0xC0054B80 W
0xC0054BC0 W
0xC0054C00 W
0xC0054C40 W
0xC0054C80 W
0xC0054CC0 W
0xC0054D00 W
0xC0054D40 W
0xC0054D80 W
0xC0054DC0 W
0xC0054E00 W
0xC0054E40 W
0xC0054E80 W
0xC0054EC0 W
0xC0054F00 W
0xC0054F40 W
0xC0054F80 W
0xC0054FC0 W
0xC0055000 W
0xC0055040 W
0xC0055080 W
0xC00550C0 W
0xC0055100 W
0xC0055140 W
0xC0055180 W
0xC00551C0 W
0xC0055200 W
0xC0055240 W
0xC0055280 W
0xC00552C0 W
0xC0055300 W
0xC0055340 W
0xC0055380 W
0xC00553C0 W
0xC0055400 W
0xC0055440 W
0xC0055480 W
0xC00554C0 W
0xC0055500 W
0xC0055540 W
0xC0055580 W
0xC00555C0 W
0xC0055600 W
0xC0055640 W
0xC0055680 W
0xC00556C0 W
0xC0055700 W
0xC0055740 W
0xC0055780 W
0xC00557C0 W
0xC0055800 W
0xC0055840 W
0xC0055880 W
0xC00558C0 W
0xC0055900 W
0xC0055940 W
0xC0055980 W
0xC00559C0 W
0xC0055A00 W
0xC0055A40 W
0xC0055A80 W
0xC0055AC0 W
0xC0055B00 W
0xC0055B40 W
0xC0055B80 W
0xC0055BC0 W
0xC0055C00 W
0xC0055C40 W
0xC0055C80 W
0xC0055CC0 W
0xC0055D00 W
0xC0055D40 W
0xC0055D80 W
0xC0055DC0 W
0xC0055E00 W
0xC0055E40 W
0xC0055E80 W
0xC0055EC0 W
0xC0055F00 W
0xC0055F40 W
0xC0055F80 W
0xC0055FC0 W
0xC0056000 W
0xC0056040 W
0xC0056080 W
0xC00560C0 W
0xC0056100 W
0xC0056140 W
0xC0056180 W
0xC00561C0 W
0xC0056200 W
0xC0056240 W
0xC0056280 W
0xC00562C0 W
0xC0056300 W
0xC0056340 W
0xC0056380 W
0xC00563C0 W
0xC0056400 W
0xC0056440 W
0xC0056480 W
0xC00564C0 W
0xC0056500 W
0xC0056540 W
0xC0056580 W
0xC00565C0 W
0xC0056600 W
0xC0056640 W
0xC0056680 W
0xC00566C0 W
0xC0056700 W
0xC0056740 W
0xC0056780 W
0xC00567C0 W
0xC0056800 W
0xC0056840 W
0xC0056880 W
0xC00568C0 W
0xC0056900 W
0xC0056940 W
0xC0056980 W
0xC00569C0 W
0xC0056A00 W
0xC0056A40 W
0xC0056A80 W
0xC0056AC0 W
0xC0056B00 W
0xC0056B40 W
0xC0056B80 W
0xC0056BC0 W
0xC0056C00 W
0xC0056C40 W
0xC0056C80 W
0xC0056CC0 W
0xC0056D00 W
0xC0056D40 W
0xC0056D80 W
0xC0056DC0 W
0xC0056E00 W
0xC0056E40 W
0xC0056E80 W
0xC0056EC0 W
0xC0056F00 W
0xC0056F40 W
0xC0056F80 W
0xC0056FC0 W
0xC0057000 W
0xC0057040 W
0xC0057080 W
0xC00570C0 W
0xC0057100 W
0xC0057140 W
0xC0057180 W
0xC00571C0 W
0xC0057200 W
0xC0057240 W
0xC0057280 W
0xC00572C0 W
0xC0057300 W
0xC0057340 W
0xC0057380 W
0xC00573C0 W
0xC0057400 W
0xC0057440 W
0xC0057480 W
0xC00574C0 W
0xC0057500 W
0xC0057540 W
0xC0057580 W
0xC00575C0 W
0xC0057600 W
0xC0057640 W
0xC0057680 W
0xC00576C0 W
0xC0057700 W
0xC0057740 W
0xC0057780 W
0xC00577C0 W
0xC0057800 W
0xC0057840 W
0xC0057880 W
0xC00578C0 W
0xC0057900 W
0xC0057940 W
0xC0057980 W
0xC00579C0 W
0xC0057A00 W
0xC0057A40 W
0xC0057A80 W
0xC0057AC0 W
0xC0057B00 W
0xC0057B40 W
0xC0057B80 W
0xC0057BC0 W
0xC0057C00 W
0xC0057C40 W
0xC0057C80 W
0xC0057CC0 W
0xC0057D00 W
0xC0057D40 W
0xC0057D80 W
0xC0057DC0 W
0xC0057E00 W
0xC0057E40 W
0xC0057E80 W
0xC0057EC0 W
0xC0057F00 W
0xC0057F40 W
0xC0057F80 W
0xC0057FC0 W
0xC0058000 W
0xC0058040 W
0xC0058080 W
0xC00580C0 W
0xC0058100 W
0xC0058140 W
0xC0058180 W
0xC00581C0 W
0xC0058200 W
0xC0058240 W
0xC0058280 W
0xC00582C0 W
0xC0058300 W
0xC0058340 W
0xC0058380 W
0xC00583C0 W
0xC0058400 W
0xC0058440 W
0xC0058480 W
0xC00584C0 W
0xC0058500 W
0xC0058540 W
0xC0058580 W
0xC00585C0 W
0xC0058600 W
0xC0058640 W
0xC0058680 W
0xC00586C0 W
0xC0058700 W
0xC0058740 W
0xC0058780 W
0xC00587C0 W
0xC0058800 W
0xC0058840 W
0xC0058880 W
0xC00588C0 W
0xC0058900 W
0xC0058940 W
0xC0058980 W
0xC00589C0 W
0xC0058A00 W
0xC0058A40 W
0xC0058A80 W
0xC0058AC0 W
0xC0058B00 W
0xC0058B40 W
0xC0058B80 W
0xC0058BC0 W
0xC0058C00 W
0xC0058C40 W
0xC0058C80 W
0xC0058CC0 W
0xC0058D00 W
0xC0058D40 W
0xC0058D80 W
0xC0058DC0 W
0xC0058E00 W
0xC0058E40 W
0xC0058E80 W
0xC0058EC0 W
0xC0058F00 W
0xC0058F40 W
0xC0058F80 W
0xC0058FC0 W
0xC0059000 W
0xC0059040 W
0xC0059080 W
0xC00590C0 W
0xC0059100 W
0xC0059140 W
0xC0059180 W
0xC00591C0 W
0xC0059200 W
0xC0059240 W
0xC0059280 W
0xC00592C0 W
0xC0059300 W
0xC0059340 W
0xC0059380 W
0xC00593C0 W
0xC0059400 W
0xC0059440 W
0xC0059480 W
0xC00594C0 W
0xC0059500 W
0xC0059540 W
0xC0059580 W
0xC00595C0 W
0xC0059600 W
0xC0059640 W
0xC0059680 W
0xC00596C0 W
0xC0059700 W
0xC0059740 W
0xC0059780 W
0xC00597C0 W
0xC0059800 W
0xC0059840 W
0xC0059880 W
0xC00598C0 W
0xC0059900 W
0xC0059940 W
0xC0059980 W
0xC00599C0 W
0xC0059A00 W
0xC0059A40 W
0xC0059A80 W
0xC0059AC0 W
0xC0059B00 W
0xC0059B40 W
0xC0059B80 W
0xC0059BC0 W
0xC0059C00 W
0xC0059C40 W
0xC0059C80 W
0xC0059CC0 W
0xC0059D00 W
0xC0059D40 W
0xC0059D80 W
0xC0059DC0 W
0xC0059E00 W
0xC0059E40 W
0xC0059E80 W
0xC0059EC0 W
0xC0059F00 W
0xC0059F40 W
0xC0059F80 W
0xC0059FC0 W
0xC005A000 W
0xC005A040 W
0xC005A080 W
0xC005A0C0 W
0xC005A100 W
0xC005A140 W
0xC005A180 W
0xC005A1C0 W
0xC005A200 W
0xC005A240 W
0xC005A280 W
0xC005A2C0 W
0xC005A300 W
0xC005A340 W
0xC005A380 W
0xC005A3C0 W
0xC005A400 W
0xC005A440 W
0xC005A480 W
0xC005A4C0 W
0xC005A500 W
0xC005A540 W
0xC005A580 W
0xC005A5C0 W
0xC005A600 W
0xC005A640 W
0xC005A680 W
0xC005A6C0 W
0xC005A700 W
0xC005A740 W
0xC005A780 W
0xC005A7C0 W
0xC005A800 W
0xC005A840 W
0xC005A880 W
0xC005A8C0 W
0xC005A900 W
0xC005A940 W
0xC005A980 W
0xC005A9C0 W
0xC005AA00 W
0xC005AA40 W
0xC005AA80 W
0xC005AAC0 W
0xC005AB00 W
0xC005AB40 W
0xC005AB80 W
0xC005ABC0 W
0xC005AC00 W
0xC005AC40 W
0xC005AC80 W
0xC005ACC0 W
0xC005AD00 W
0xC005AD40 W
0xC005AD80 W
0xC005ADC0 W
0xC005AE00 W
0xC005AE40 W
0xC005AE80 W
0xC005AEC0 W
0xC005AF00 W
0xC005AF40 W
0xC005AF80 W
0xC005AFC0 W
0xC005B000 W
0xC005B040 W
0xC005B080 W
0xC005B0C0 W
0xC005B100 W
0xC005B140 W
0xC005B180 W
0xC005B1C0 W
0xC005B200 W
0xC005B240 W
0xC005B280 W
0xC005B2C0 W
0xC005B300 W
0xC005B340 W
0xC005B380 W
0xC005B3C0 W
0xC005B400 W
0xC005B440 W
0xC005B480 W
0xC005B4C0 W
0xC005B500 W
0xC005B540 W
0xC005B580 W
0xC005B5C0 W
0xC005B600 W
0xC005B640 W
0xC005B680 W
0xC005B6C0 W
0xC005B700 W
0xC005B740 W
0xC005B780 W
0xC005B7C0 W
0xC005B800 W
0xC005B840 W
0xC005B880 W
0xC005B8C0 W
0xC005B900 W
0xC005B940 W
0xC005B980 W
0xC005B9C0 W
0xC005BA00 W
0xC005BA40 W
0xC005BA80 W
0xC005BAC0 W
0xC005BB00 W
0xC005BB40 W
0xC005BB80 W
0xC005BBC0 W
0xC005BC00 W
0xC005BC40 W
0xC005BC80 W
0xC005BCC0 W
0xC005BD00 W
0xC005BD40 W
0xC005BD80 W
0xC005BDC0 W
0xC005BE00 W
0xC005BE40 W
0xC005BE80 W
0xC005BEC0 W
0xC005BF00 W
0xC005BF40 W
0xC005BF80 W
0xC005BFC0 W
0xC005C000 W
0xC005C040 W
0xC005C080 W
0xC005C0C0 W
0xC005C100 W
0xC005C140 W
0xC005C180 W
0xC005C1C0 W
0xC005C200 W
0xC005C240 W
0xC005C280 W
0xC005C2C0 W
0xC005C300 W
0xC005C340 W
0xC005C380 W
0xC005C3C0 W
0xC005C400 W
0xC005C440 W
0xC005C480 W
0xC005C4C0 W
0xC005C500 W
0xC005C540 W
0xC005C580 W
0xC005C5C0 W
0xC005C600 W
0xC005C640 W
0xC005C680 W
0xC005C6C0 W
0xC005C700 W
0xC005C740 W
0xC005C780 W
0xC005C7C0 W
0xC005C800 W
0xC005C840 W
0xC005C880 W
0xC005C8C0 W
0xC005C900 W
0xC005C940 W
0xC005C980 W
0xC005C9C0 W
0xC005CA00 W
0xC005CA40 W
0xC005CA80 W
0xC005CAC0 W
0xC005CB00 W
0xC005CB40 W
0xC005CB80 W
0xC005CBC0 W
0xC005CC00 W
0xC005CC40 W
0xC005CC80 W
0xC005CCC0 W
0xC005CD00 W
0xC005CD40 W
0xC005CD80 W
0xC005CDC0 W
0xC005CE00 W
0xC005CE40 W
0xC005CE80 W
0xC005CEC0 W
0xC005CF00 W
0xC005CF40 W
0xC005CF80 W
0xC005CFC0 W
0xC005D000 W
0xC005D040 W
0xC005D080 W
0xC005D0C0 W
0xC005D100 W
0xC005D140 W
0xC005D180 W
0xC005D1C0 W
0xC005D200 W
0xC005D240 W
0xC005D280 W
0xC005D2C0 W
0xC005D300 W
0xC005D340 W
0xC005D380 W
0xC005D3C0 W
0xC005D400 W
0xC005D440 W
0xC005D480 W
0xC005D4C0 W
0xC005D500 W
0xC005D540 W
0xC005D580 W
0xC005D5C0 W
0xC005D600 W
0xC005D640 W
0xC005D680 W
0xC005D6C0 W
0xC005D700 W
0xC005D740 W
0xC005D780 W
0xC005D7C0 W
0xC005D800 W
0xC005D840 W
0xC005D880 W
0xC005D8C0 W
0xC005D900 W
0xC005D940 W
0xC005D980 W
0xC005D9C0 W
0xC005DA00 W
0xC005DA40 W
0xC005DA80 W
0xC005DAC0 W
0xC005DB00 W
0xC005DB40 W
0xC005DB80 W
0xC005DBC0 W
0xC005DC00 W
0xC005DC40 W
0xC005DC80 W
0xC005DCC0 W
0xC005DD00 W
0xC005DD40 W
0xC005DD80 W
0xC005DDC0 W
0xC005DE00 W
0xC005DE40 W
0xC005DE80 W
0xC005DEC0 W
0xC005DF00 W
0xC005DF40 W
0xC005DF80 W
0xC005DFC0 W
0xC005E000 W
0xC005E040 W
0xC005E080 W
0xC005E0C0 W
0xC005E100 W
0xC005E140 W
0xC005E180 W
0xC005E1C0 W
0xC005E200 W
0xC005E240 W
0xC005E280 W
0xC005E2C0 W
0xC005E300 W
0xC005E340 W
0xC005E380 W
0xC005E3C0 W
0xC005E400 W
0xC005E440 W
0xC005E480 W
0xC005E4C0 W
0xC005E500 W
0xC005E540 W
0xC005E580 W
0xC005E5C0 W
0xC005E600 W
0xC005E640 W
0xC005E680 W
0xC005E6C0 W
0xC005E700 W
0xC005E740 W
0xC005E780 W
0xC005E7C0 W
0xC005E800 W
0xC005E840 W
0xC005E880 W
0xC005E8C0 W
0xC005E900 W
0xC005E940 W
0xC005E980 W
0xC005E9C0 W
0xC005EA00 W
0xC005EA40 W
0xC005EA80 W
0xC005EAC0 W
0xC005EB00 W
0xC005EB40 W
0xC005EB80 W
0xC005EBC0 W
0xC005EC00 W
0xC005EC40 W
0xC005EC80 W
0xC005ECC0 W
0xC005ED00 W
0xC005ED40 W
0xC005ED80 W
0xC005EDC0 W
0xC005EE00 W
0xC005EE40 W
0xC005EE80 W
0xC005EEC0 W
0xC005EF00 W
0xC005EF40 W
0xC005EF80 W
0xC005EFC0 W
0xC005F000 W
0xC005F040 W
0xC005F080 W
0xC005F0C0 W
0xC005F100 W
0xC005F140 W
0xC005F180 W
0xC005F1C0 W
0xC005F200 W
0xC005F240 W
0xC005F280 W
0xC005F2C0 W
0xC005F300 W
0xC005F340 W
0xC005F380 W
0xC005F3C0 W
0xC005F400 W
0xC005F440 W
0xC005F480 W
0xC005F4C0 W
0xC005F500 W
0xC005F540 W
0xC005F580 W
0xC005F5C0 W
0xC005F600 W
0xC005F640 W
0xC005F680 W
0xC005F6C0 W
0xC005F700 W
0xC005F740 W
0xC005F780 W
0xC005F7C0 W
0xC005F800 W
0xC005F840 W
0xC005F880 W
0xC005F8C0 W
0xC005F900 W
0xC005F940 W
0xC005F980 W
0xC005F9C0 W
0xC005FA00 W
0xC005FA40 W
0xC005FA80 W
0xC005FAC0 W
0xC005FB00 W
0xC005FB40 W
0xC005FB80 W
0xC005FBC0 W
0xC005FC00 W
0xC005FC40 W
0xC005FC80 W
0xC005FCC0 W
0xC005FD00 W
0xC005FD40 W
0xC005FD80 W
0xC005FDC0 W
0xC005FE00 W
0xC005FE40 W
0xC005FE80 W
0xC005FEC0 W
0xC005FF00 W
0xC005FF40 W
0xC005FF80 W
0xC005FFC0 W
0xC0050000 R
0xC0050040 R
0xC0050080 R
0xC00500C0 R
0xC0050100 R
0xC0050140 R
0xC0050180 R
0xC00501C0 R
0xC0050200 R
0xC0050240 R
0xC0050280 R
0xC00502C0 R
0xC0050300 R
0xC0050340 R
0xC0050380 R
0xC00503C0 R
0xC0050400 R
0xC0050440 R
0xC0050480 R
0xC00504C0 R
0xC0050500 R
0xC0050540 R
0xC0050580 R
0xC00505C0 R
0xC0050600 R
0xC0050640 R
0xC0050680 R
0xC00506C0 R
0xC0050700 R
0xC0050740 R
0xC0050780 R
0xC00507C0 R
0xC0050800 R
0xC0050840 R
0xC0050880 R
0xC00508C0 R
0xC0050900 R
0xC0050940 R
0xC0050980 R
0xC00509C0 R
0xC0050A00 R
0xC0050A40 R
0xC0050A80 R
0xC0050AC0 R
0xC0050B00 R
0xC0050B40 R
0xC0050B80 R
0xC0050BC0 R
0xC0050C00 R
0xC0050C40 R
0xC0050C80 R
0xC0050CC0 R
0xC0050D00 R
0xC0050D40 R
0xC0050D80 R
0xC0050DC0 R
0xC0050E00 R
0xC0050E40 R
0xC0050E80 R
0xC0050EC0 R
0xC0050F00 R
0xC0050F40 R
0xC0050F80 R
0xC0050FC0 R
0xC0051000 R
0xC0051040 R
0xC0051080 R
0xC00510C0 R
0xC0051100 R
0xC0051140 R
0xC0051180 R
0xC00511C0 R
0xC0051200 R
0xC0051240 R
0xC0051280 R
0xC00512C0 R
0xC0051300 R
0xC0051340 R
0xC0051380 R
0xC00513C0 R
0xC0051400 R
0xC0051440 R
0xC0051480 R
0xC00514C0 R
0xC0051500 R
0xC0051540 R
0xC0051580 R
0xC00515C0 R
0xC0051600 R
0xC0051640 R
0xC0051680 R
0xC00516C0 R
0xC0051700 R
0xC0051740 R
0xC0051780 R
0xC00517C0 R
0xC0051800 R
0xC0051840 R
0xC0051880 R
0xC00518C0 R
0xC0051900 R
0xC0051940 R
0xC0051980 R
0xC00519C0 R
0xC0051A00 R
0xC0051A40 R
0xC0051A80 R
0xC0051AC0 R
0xC0051B00 R
0xC0051B40 R
0xC0051B80 R
0xC0051BC0 R
0xC0051C00 R
0xC0051C40 R
0xC0051C80 R
0xC0051CC0 R
0xC0051D00 R
0xC0051D40 R
0xC0051D80 R
0xC0051DC0 R
0xC0051E00 R
0xC0051E40 R
0xC0051E80 R
0xC0051EC0 R
0xC0051F00 R
0xC0051F40 R
0xC0051F80 R
0xC0051FC0 R
0xC0052000 R
0xC0052040 R
0xC0052080 R
0xC00520C0 R
0xC0052100 R
0xC0052140 R
0xC0052180 R
0xC00521C0 R
0xC0052200 R
0xC0052240 R
0xC0052280 R
0xC00522C0 R
0xC0052300 R
0xC0052340 R
0xC0052380 R
0xC00523C0 R
0xC0052400 R
0xC0052440 R
0xC0052480 R
0xC00524C0 R
0xC0052500 R
0xC0052540 R
0xC0052580 R
0xC00525C0 R
0xC0052600 R
0xC0052640 R
0xC0052680 R
0xC00526C0 R
0xC0052700 R
0xC0052740 R
0xC0052780 R
0xC00527C0 R
0xC0052800 R
0xC0052840 R
0xC0052880 R
0xC00528C0 R
0xC0052900 R
0xC0052940 R
0xC0052980 R
0xC00529C0 R
0xC0052A00 R
0xC0052A40 R
0xC0052A80 R
0xC0052AC0 R
0xC0052B00 R
0xC0052B40 R
0xC0052B80 R
0xC0052BC0 R
0xC0052C00 R
0xC0052C40 R
0xC0052C80 R
0xC0052CC0 R
0xC0052D00 R
0xC0052D40 R
0xC0052D80 R
0xC0052DC0 R
0xC0052E00 R
0xC0052E40 R
0xC0052E80 R
0xC0052EC0 R
0xC0052F00 R
0xC0052F40 R
0xC0052F80 R
0xC0052FC0 R
0xC0053000 R
0xC0053040 R
0xC0053080 R
0xC00530C0 R
0xC0053100 R
0xC0053140 R
0xC0053180 R
0xC00531C0 R
0xC0053200 R
0xC0053240 R
0xC0053280 R
0xC00532C0 R
0xC0053300 R
0xC0053340 R
0xC0053380 R
0xC00533C0 R
0xC0053400 R
0xC0053440 R
0xC0053480 R
0xC00534C0 R
0xC0053500 R
0xC0053540 R
0xC0053580 R
0xC00535C0 R
0xC0053600 R
0xC0053640 R
0xC0053680 R
0xC00536C0 R
0xC0053700 R
0xC0053740 R
0xC0053780 R
0xC00537C0 R
0xC0053800 R
0xC0053840 R
0xC0053880 R
0xC00538C0 R
0xC0053900 R
0xC0053940 R
0xC0053980 R
0xC00539C0 R
0xC0053A00 R
0xC0053A40 R
0xC0053A80 R
0xC0053AC0 R
0xC0053B00 R
0xC0053B40 R
0xC0053B80 R
0xC0053BC0 R
0xC0053C00 R
0xC0053C40 R
0xC0053C80 R
0xC0053CC0 R
0xC0053D00 R
0xC0053D40 R
0xC0053D80 R
0xC0053DC0 R
0xC0053E00 R
0xC0053E40 R
0xC0053E80 R
0xC0053EC0 R
0xC0053F00 R
0xC0053F40 R
0xC0053F80 R
0xC0053FC0 R
0xC0054000 R
0xC0054040 R
0xC0054080 R
0xC00540C0 R
0xC0054100 R
0xC0054140 R
0xC0054180 R
0xC00541C0 R
0xC0054200 R
0xC0054240 R
0xC0054280 R
0xC00542C0 R
0xC0054300 R
0xC0054340 R
0xC0054380 R
0xC00543C0 R
0xC0054400 R
0xC0054440 R
0xC0054480 R
0xC00544C0 R
0xC0054500 R
0xC0054540 R
0xC0054580 R
0xC00545C0 R
0xC0054600 R
0xC0054640 R
0xC0054680 R
0xC00546C0 R
0xC0054700 R
0xC0054740 R
0xC0054780 R
0xC00547C0 R
0xC0054800 R
0xC0054840 R
0xC0054880 R
0xC00548C0 R
0xC0054900 R
0xC0054940 R
0xC0054980 R
0xC00549C0 R
0xC0054A00 R
0xC0054A40 R
0xC0054A80 R
0xC0054AC0 R
0xC0054B00 R
0xC0054B40 R
0xC0054B80 R
0xC0054BC0 R
0xC0054C00 R
0xC0054C40 R
0xC0054C80 R
0xC0054CC0 R
0xC0054D00 R
0xC0054D40 R
0xC0054D80 R
0xC0054DC0 R
0xC0054E00 R
0xC0054E40 R
0xC0054E80 R
0xC0054EC0 R
0xC0054F00 R
0xC0054F40 R
0xC0054F80 R
0xC0054FC0 R
0xC0055000 R
0xC0055040 R
0xC0055080 R
0xC00550C0 R
0xC0055100 R
0xC0055140 R
0xC0055180 R
0xC00551C0 R
0xC0055200 R
0xC0055240 R
0xC0055280 R
0xC00552C0 R
0xC0055300 R
0xC0055340 R
0xC0055380 R
0xC00553C0 R
0xC0055400 R
0xC0055440 R
0xC0055480 R
0xC00554C0 R
0xC0055500 R
0xC0055540 R
0xC0055580 R
0xC00555C0 R
0xC0055600 R
0xC0055640 R
0xC0055680 R
0xC00556C0 R
0xC0055700 R
0xC0055740 R
0xC0055780 R
0xC00557C0 R
0xC0055800 R
0xC0055840 R
0xC0055880 R
0xC00558C0 R
0xC0055900 R
0xC0055940 R
0xC0055980 R
0xC00559C0 R
0xC0055A00 R
0xC0055A40 R
0xC0055A80 R
0xC0055AC0 R
0xC0055B00 R
0xC0055B40 R
0xC0055B80 R
0xC0055BC0 R
0xC0055C00 R
0xC0055C40 R
0xC0055C80 R
0xC0055CC0 R
0xC0055D00 R
0xC0055D40 R
0xC0055D80 R
0xC0055DC0 R
0xC0055E00 R
0xC0055E40 R
0xC0055E80 R
0xC0055EC0 R
0xC0055F00 R
0xC0055F40 R
0xC0055F80 R
0xC0055FC0 R
0xC0056000 R
0xC0056040 R
0xC0056080 R
0xC00560C0 R
0xC0056100 R
0xC0056140 R
0xC0056180 R
0xC00561C0 R
0xC0056200 R
0xC0056240 R
0xC0056280 R
0xC00562C0 R
0xC0056300 R
0xC0056340 R
0xC0056380 R
0xC00563C0 R
0xC0056400 R
0xC0056440 R
0xC0056480 R
0xC00564C0 R
0xC0056500 R
0xC0056540 R
0xC0056580 R
0xC00565C0 R
0xC0056600 R
0xC0056640 R
0xC0056680 R
0xC00566C0 R
0xC0056700 R
0xC0056740 R
0xC0056780 R
0xC00567C0 R
0xC0056800 R
0xC0056840 R
0xC0056880 R
0xC00568C0 R
0xC0056900 R
0xC0056940 R
0xC0056980 R
0xC00569C0 R
0xC0056A00 R
0xC0056A40 R
0xC0056A80 R
0xC0056AC0 R
0xC0056B00 R
0xC0056B40 R
0xC0056B80 R
0xC0056BC0 R
0xC0056C00 R
0xC0056C40 R
0xC0056C80 R
0xC0056CC0 R
0xC0056D00 R
0xC0056D40 R
0xC0056D80 R
0xC0056DC0 R
0xC0056E00 R
0xC0056E40 R
0xC0056E80 R
0xC0056EC0 R
0xC0056F00 R
0xC0056F40 R
0xC0056F80 R
0xC0056FC0 R
0xC0057000 R
0xC0057040 R
0xC0057080 R
0xC00570C0 R
0xC0057100 R
0xC0057140 R
0xC0057180 R
0xC00571C0 R
0xC0057200 R
0xC0057240 R
0xC0057280 R
0xC00572C0 R
0xC0057300 R
0xC0057340 R
0xC0057380 R
0xC00573C0 R
0xC0057400 R
0xC0057440 R
0xC0057480 R
0xC00574C0 R
0xC0057500 R
0xC0057540 R
0xC0057580 R
0xC00575C0 R
0xC0057600 R
0xC0057640 R
0xC0057680 R
0xC00576C0 R
0xC0057700 R
0xC0057740 R
0xC0057780 R
0xC00577C0 R
0xC0057800 R
0xC0057840 R
0xC0057880 R
0xC00578C0 R
0xC0057900 R
0xC0057940 R
0xC0057980 R
0xC00579C0 R
0xC0057A00 R
0xC0057A40 R
0xC0057A80 R
0xC0057AC0 R
0xC0057B00 R
0xC0057B40 R
0xC0057B80 R
0xC0057BC0 R
0xC0057C00 R
0xC0057C40 R
0xC0057C80 R
0xC0057CC0 R
0xC0057D00 R
0xC0057D40 R
0xC0057D80 R
0xC0057DC0 R
0xC0057E00 R
0xC0057E40 R
0xC0057E80 R
0xC0057EC0 R
0xC0057F00 R
0xC0057F40 R
0xC0057F80 R
0xC0057FC0 R
0xC0058000 R
0xC0058040 R
0xC0058080 R
0xC00580C0 R
0xC0058100 R
0xC0058140 R
0xC0058180 R
0xC00581C0 R
0xC0058200 R
0xC0058240 R
0xC0058280 R
0xC00582C0 R
0xC0058300 R
0xC0058340 R
0xC0058380 R
0xC00583C0 R
0xC0058400 R
0xC0058440 R
0xC0058480 R
0xC00584C0 R
0xC0058500 R
0xC0058540 R
0xC0058580 R
0xC00585C0 R
0xC0058600 R
0xC0058640 R
0xC0058680 R
0xC00586C0 R
0xC0058700 R
0xC0058740 R
0xC0058780 R
0xC00587C0 R
0xC0058800 R
0xC0058840 R
0xC0058880 R
0xC00588C0 R
0xC0058900 R
0xC0058940 R
0xC0058980 R
0xC00589C0 R
0xC0058A00 R
0xC0058A40 R
0xC0058A80 R
0xC0058AC0 R
0xC0058B00 R
0xC0058B40 R
0xC0058B80 R
0xC0058BC0 R
0xC0058C00 R
0xC0058C40 R
0xC0058C80 R
0xC0058CC0 R
0xC0058D00 R
0xC0058D40 R
0xC0058D80 R
0xC0058DC0 R
0xC0058E00 R
0xC0058E40 R
0xC0058E80 R
0xC0058EC0 R
0xC0058F00 R
0xC0058F40 R
0xC0058F80 R
0xC0058FC0 R
0xC0059000 R
0xC0059040 R
0xC0059080 R
0xC00590C0 R
0xC0059100 R
0xC0059140 R
0xC0059180 R
0xC00591C0 R
0xC0059200 R
0xC0059240 R
0xC0059280 R
0xC00592C0 R
0xC0059300 R
0xC0059340 R
0xC0059380 R
0xC00593C0 R
0xC0059400 R
0xC0059440 R
0xC0059480 R
0xC00594C0 R
0xC0059500 R
0xC0059540 R
0xC0059580 R
0xC00595C0 R
0xC0059600 R
0xC0059640 R
0xC0059680 R
0xC00596C0 R
0xC0059700 R
0xC0059740 R
0xC0059780 R
0xC00597C0 R
0xC0059800 R
0xC0059840 R
0xC0059880 R
0xC00598C0 R
0xC0059900 R
0xC0059940 R
0xC0059980 R
0xC00599C0 R
0xC0059A00 R
0xC0059A40 R
0xC0059A80 R
0xC0059AC0 R
0xC0059B00 R
0xC0059B40 R
0xC0059B80 R
0xC0059BC0 R
0xC0059C00 R
0xC0059C40 R
0xC0059C80 R
0xC0059CC0 R
0xC0059D00 R
0xC0059D40 R
0xC0059D80 R
0xC0059DC0 R
0xC0059E00 R
0xC0059E40 R
0xC0059E80 R
0xC0059EC0 R
0xC0059F00 R
0xC0059F40 R
0xC0059F80 R
0xC0059FC0 R
0xC005A000 R
0xC005A040 R
0xC005A080 R
0xC005A0C0 R
0xC005A100 R
0xC005A140 R
0xC005A180 R
0xC005A1C0 R
0xC005A200 R
0xC005A240 R
0xC005A280 R
0xC005A2C0 R
0xC005A300 R
0xC005A340 R
0xC005A380 R
0xC005A3C0 R
0xC005A400 R
0xC005A440 R
0xC005A480 R
0xC005A4C0 R
0xC005A500 R
0xC005A540 R
0xC005A580 R
0xC005A5C0 R
0xC005A600 R
0xC005A640 R
0xC005A680 R
0xC005A6C0 R
0xC005A700 R
0xC005A740 R
0xC005A780 R
0xC005A7C0 R
0xC005A800 R
0xC005A840 R
0xC005A880 R
0xC005A8C0 R
0xC005A900 R
0xC005A940 R
0xC005A980 R
0xC005A9C0 R
0xC005AA00 R
0xC005AA40 R
0xC005AA80 R
0xC005AAC0 R
0xC005AB00 R
0xC005AB40 R
0xC005AB80 R
0xC005ABC0 R
0xC005AC00 R
0xC005AC40 R
0xC005AC80 R
0xC005ACC0 R
0xC005AD00 R
0xC005AD40 R
0xC005AD80 R
0xC005ADC0 R
0xC005AE00 R
0xC005AE40 R
0xC005AE80 R
0xC005AEC0 R
0xC005AF00 R
0xC005AF40 R
0xC005AF80 R
0xC005AFC0 R
0xC005B000 R
0xC005B040 R
0xC005B080 R
0xC005B0C0 R
0xC005B100 R
0xC005B140 R
0xC005B180 R
0xC005B1C0 R
0xC005B200 R
0xC005B240 R
0xC005B280 R
0xC005B2C0 R
0xC005B300 R
0xC005B340 R
0xC005B380 R
0xC005B3C0 R
0xC005B400 R
0xC005B440 R
0xC005B480 R
0xC005B4C0 R
0xC005B500 R
0xC005B540 R
0xC005B580 R
0xC005B5C0 R
0xC005B600 R
0xC005B640 R
0xC005B680 R
0xC005B6C0 R
0xC005B700 R
0xC005B740 R
0xC005B780 R
0xC005B7C0 R
0xC005B800 R
0xC005B840 R
0xC005B880 R
0xC005B8C0 R
0xC005B900 R
0xC005B940 R
0xC005B980 R
0xC005B9C0 R
0xC005BA00 R
0xC005BA40 R
0xC005BA80 R
0xC005BAC0 R
0xC005BB00 R
0xC005BB40 R
0xC005BB80 R
0xC005BBC0 R
0xC005BC00 R
0xC005BC40 R
0xC005BC80 R
0xC005BCC0 R
0xC005BD00 R
0xC005BD40 R
0xC005BD80 R
0xC005BDC0 R
0xC005BE00 R
0xC005BE40 R
0xC005BE80 R
0xC005BEC0 R
0xC005BF00 R
0xC005BF40 R
0xC005BF80 R
0xC005BFC0 R
0xC005C000 R
0xC005C040 R
0xC005C080 R
0xC005C0C0 R
0xC005C100 R
0xC005C140 R
0xC005C180 R
0xC005C1C0 R
0xC005C200 R
0xC005C240 R
0xC005C280 R
0xC005C2C0 R
0xC005C300 R
0xC005C340 R
0xC005C380 R
0xC005C3C0 R
0xC005C400 R
0xC005C440 R
0xC005C480 R
0xC005C4C0 R
0xC005C500 R
0xC005C540 R
0xC005C580 R
0xC005C5C0 R
0xC005C600 R
0xC005C640 R
0xC005C680 R
0xC005C6C0 R
0xC005C700 R
0xC005C740 R
0xC005C780 R
0xC005C7C0 R
0xC005C800 R
0xC005C840 R
0xC005C880 R
0xC005C8C0 R
0xC005C900 R
0xC005C940 R
0xC005C980 R
0xC005C9C0 R
0xC005CA00 R
0xC005CA40 R
0xC005CA80 R
0xC005CAC0 R
0xC005CB00 R
0xC005CB40 R
0xC005CB80 R
0xC005CBC0 R
0xC005CC00 R
0xC005CC40 R
0xC005CC80 R
0xC005CCC0 R
0xC005CD00 R
0xC005CD40 R
0xC005CD80 R
0xC005CDC0 R
0xC005CE00 R
0xC005CE40 R
0xC005CE80 R
0xC005CEC0 R
0xC005CF00 R
0xC005CF40 R
0xC005CF80 R
0xC005CFC0 R
0xC005D000 R
0xC005D040 R
0xC005D080 R
0xC005D0C0 R
0xC005D100 R
0xC005D140 R
0xC005D180 R
0xC005D1C0 R
0xC005D200 R
0xC005D240 R
0xC005D280 R
0xC005D2C0 R
0xC005D300 R
0xC005D340 R
0xC005D380 R
0xC005D3C0 R
0xC005D400 R
0xC005D440 R
0xC005D480 R
0xC005D4C0 R
0xC005D500 R
0xC005D540 R
0xC005D580 R
0xC005D5C0 R
0xC005D600 R
0xC005D640 R
0xC005D680 R
0xC005D6C0 R
0xC005D700 R
0xC005D740 R
0xC005D780 R
0xC005D7C0 R
0xC005D800 R
0xC005D840 R
0xC005D880 R
0xC005D8C0 R
0xC005D900 R
0xC005D940 R
0xC005D980 R
0xC005D9C0 R
0xC005DA00 R
0xC005DA40 R
0xC005DA80 R
0xC005DAC0 R
0xC005DB00 R
0xC005DB40 R
0xC005DB80 R
0xC005DBC0 R
0xC005DC00 R
0xC005DC40 R
0xC005DC80 R
0xC005DCC0 R
0xC005DD00 R
0xC005DD40 R
0xC005DD80 R
0xC005DDC0 R
0xC005DE00 R
0xC005DE40 R
0xC005DE80 R
0xC005DEC0 R
0xC005DF00 R
0xC005DF40 R
0xC005DF80 R
0xC005DFC0 R
0xC005E000 R
0xC005E040 R
0xC005E080 R
0xC005E0C0 R
0xC005E100 R
0xC005E140 R
0xC005E180 R
0xC005E1C0 R
0xC005E200 R
0xC005E240 R
0xC005E280 R
0xC005E2C0 R
0xC005E300 R
0xC005E340 R
0xC005E380 R
0xC005E3C0 R
0xC005E400 R
0xC005E440 R
0xC005E480 R
0xC005E4C0 R
0xC005E500 R
0xC005E540 R
0xC005E580 R
0xC005E5C0 R
0xC005E600 R
0xC005E640 R
0xC005E680 R
0xC005E6C0 R
0xC005E700 R
0xC005E740 R
0xC005E780 R
0xC005E7C0 R
0xC005E800 R
0xC005E840 R
0xC005E880 R
0xC005E8C0 R
0xC005E900 R
0xC005E940 R
0xC005E980 R
0xC005E9C0 R
0xC005EA00 R
0xC005EA40 R
0xC005EA80 R
0xC005EAC0 R
0xC005EB00 R
0xC005EB40 R
0xC005EB80 R
0xC005EBC0 R
0xC005EC00 R
0xC005EC40 R
0xC005EC80 R
0xC005ECC0 R
0xC005ED00 R
0xC005ED40 R
0xC005ED80 R
0xC005EDC0 R
0xC005EE00 R
0xC005EE40 R
0xC005EE80 R
0xC005EEC0 R
0xC005EF00 R
0xC005EF40 R
0xC005EF80 R
0xC005EFC0 R
0xC005F000 R
0xC005F040 R
0xC005F080 R
0xC005F0C0 R
0xC005F100 R
0xC005F140 R
0xC005F180 R
0xC005F1C0 R
0xC005F200 R
0xC005F240 R
0xC005F280 R
0xC005F2C0 R
0xC005F300 R
0xC005F340 R
0xC005F380 R
0xC005F3C0 R
0xC005F400 R
0xC005F440 R
0xC005F480 R
0xC005F4C0 R
0xC005F500 R
0xC005F540 R
0xC005F580 R
0xC005F5C0 R
0xC005F600 R
0xC005F640 R
0xC005F680 R
0xC005F6C0 R
0xC005F700 R
0xC005F740 R
0xC005F780 R
0xC005F7C0 R
0xC005F800 R
0xC005F840 R
0xC005F880 R
0xC005F8C0 R
0xC005F900 R
0xC005F940 R
0xC005F980 R
0xC005F9C0 R
0xC005FA00 R
0xC005FA40 R
0xC005FA80 R
0xC005FAC0 R
0xC005FB00 R
0xC005FB40 R
0xC005FB80 R
0xC005FBC0 R
0xC005FC00 R
0xC005FC40 R
0xC005FC80 R
0xC005FCC0 R
0xC005FD00 R
0xC005FD40 R
0xC005FD80 R
0xC005FDC0 R
0xC005FE00 R
0xC005FE40 R
0xC005FE80 R
0xC005FEC0 R
0xC005FF00 R
0xC005FF40 R
0xC005FF80 R
0xC005FFC0 R
0xA0060000 R
0xA0060040 R
0xA0060080 R
0xA00600C0 R
0xA0060100 R
0xA0060140 R
0xA0060180 R
0xA00601C0 R
0xA0060200 R
0xA0060240 R
0xA0060280 R
0xA00602C0 R
0xA0060300 R
0xA0060340 R
0xA0060380 R
0xA00603C0 R
0xA0060400 R
0xA0060440 R
0xA0060480 R
0xA00604C0 R
0xA0060500 R
0xA0060540 R
0xA0060580 R
0xA00605C0 R
0xA0060600 R
0xA0060640 R
0xA0060680 R
0xA00606C0 R
0xA0060700 R
0xA0060740 R
0xA0060780 R
0xA00607C0 R
0xA0060800 R
0xA0060840 R
0xA0060880 R
0xA00608C0 R
0xA0060900 R
0xA0060940 R
0xA0060980 R
0xA00609C0 R
0xA0060A00 R
0xA0060A40 R
0xA0060A80 R
0xA0060AC0 R
0xA0060B00 R
0xA0060B40 R
0xA0060B80 R
0xA0060BC0 R
0xA0060C00 R
0xA0060C40 R
0xA0060C80 R
0xA0060CC0 R
0xA0060D00 R
0xA0060D40 R
0xA0060D80 R
0xA0060DC0 R
0xA0060E00 R
0xA0060E40 R
0xA0060E80 R
0xA0060EC0 R
0xA0060F00 R
0xA0060F40 R
0xA0060F80 R
0xA0060FC0 R
0xA0061000 R
0xA0061040 R
0xA0061080 R
0xA00610C0 R
0xA0061100 R
0xA0061140 R
0xA0061180 R
0xA00611C0 R
0xA0061200 R
0xA0061240 R
0xA0061280 R
0xA00612C0 R
0xA0061300 R
0xA0061340 R
0xA0061380 R
0xA00613C0 R
0xA0061400 R
0xA0061440 R
0xA0061480 R
0xA00614C0 R
0xA0061500 R
0xA0061540 R
0xA0061580 R
0xA00615C0 R
0xA0061600 R
0xA0061640 R
0xA0061680 R
0xA00616C0 R
0xA0061700 R
0xA0061740 R
0xA0061780 R
0xA00617C0 R
0xA0061800 R
0xA0061840 R
0xA0061880 R
0xA00618C0 R
0xA0061900 R
0xA0061940 R
0xA0061980 R
0xA00619C0 R
0xA0061A00 R
0xA0061A40 R
0xA0061A80 R
0xA0061AC0 R
0xA0061B00 R
0xA0061B40 R
0xA0061B80 R
0xA0061BC0 R
0xA0061C00 R
0xA0061C40 R
0xA0061C80 R
0xA0061CC0 R
0xA0061D00 R
0xA0061D40 R
0xA0061D80 R
0xA0061DC0 R
0xA0061E00 R
0xA0061E40 R
0xA0061E80 R
0xA0061EC0 R
0xA0061F00 R
0xA0061F40 R
0xA0061F80 R
0xA0061FC0 R
0xA0062000 R
0xA0062040 R
0xA0062080 R
0xA00620C0 R
0xA0062100 R
0xA0062140 R
0xA0062180 R
0xA00621C0 R
0xA0062200 R
0xA0062240 R
0xA0062280 R
0xA00622C0 R
0xA0062300 R
0xA0062340 R
0xA0062380 R
0xA00623C0 R
0xA0062400 R
0xA0062440 R
0xA0062480 R
0xA00624C0 R
0xA0062500 R
0xA0062540 R
0xA0062580 R
0xA00625C0 R
0xA0062600 R
0xA0062640 R
0xA0062680 R
0xA00626C0 R
0xA0062700 R
0xA0062740 R
0xA0062780 R
0xA00627C0 R
0xA0062800 R
0xA0062840 R
0xA0062880 R
0xA00628C0 R
0xA0062900 R
0xA0062940 R
0xA0062980 R
0xA00629C0 R
0xA0062A00 R
0xA0062A40 R
0xA0062A80 R
0xA0062AC0 R
0xA0062B00 R
0xA0062B40 R
0xA0062B80 R
0xA0062BC0 R
0xA0062C00 R
0xA0062C40 R
0xA0062C80 R
0xA0062CC0 R
0xA0062D00 R
0xA0062D40 R
0xA0062D80 R
0xA0062DC0 R
0xA0062E00 R
0xA0062E40 R
0xA0062E80 R
0xA0062EC0 R
0xA0062F00 R
0xA0062F40 R
0xA0062F80 R
0xA0062FC0 R
0xA0063000 R
0xA0063040 R
0xA0063080 R
0xA00630C0 R
0xA0063100 R
0xA0063140 R
0xA0063180 R
0xA00631C0 R
0xA0063200 R
0xA0063240 R
0xA0063280 R
0xA00632C0 R
0xA0063300 R
0xA0063340 R
0xA0063380 R
0xA00633C0 R
0xA0063400 R
0xA0063440 R
0xA0063480 R
0xA00634C0 R
0xA0063500 R
0xA0063540 R
0xA0063580 R
0xA00635C0 R
0xA0063600 R
0xA0063640 R
0xA0063680 R
0xA00636C0 R
0xA0063700 R
0xA0063740 R
0xA0063780 R
0xA00637C0 R
0xA0063800 R
0xA0063840 R
0xA0063880 R
0xA00638C0 R
0xA0063900 R
0xA0063940 R
0xA0063980 R
0xA00639C0 R
0xA0063A00 R
0xA0063A40 R
0xA0063A80 R
0xA0063AC0 R
0xA0063B00 R
0xA0063B40 R
0xA0063B80 R
0xA0063BC0 R
0xA0063C00 R
0xA0063C40 R
0xA0063C80 R
0xA0063CC0 R
0xA0063D00 R
0xA0063D40 R
0xA0063D80 R
0xA0063DC0 R
0xA0063E00 R
0xA0063E40 R
0xA0063E80 R
0xA0063EC0 R
0xA0063F00 R
0xA0063F40 R
0xA0063F80 R
0xA0063FC0 R
0xA0064000 R
0xA0064040 R
0xA0064080 R
0xA00640C0 R
0xA0064100 R
0xA0064140 R
0xA0064180 R
0xA00641C0 R
0xA0064200 R
0xA0064240 R
0xA0064280 R
0xA00642C0 R
0xA0064300 R
0xA0064340 R
0xA0064380 R
0xA00643C0 R
0xA0064400 R
0xA0064440 R
0xA0064480 R
0xA00644C0 R
0xA0064500 R
0xA0064540 R
0xA0064580 R
0xA00645C0 R
0xA0064600 R
0xA0064640 R
0xA0064680 R
0xA00646C0 R
0xA0064700 R
0xA0064740 R
0xA0064780 R
0xA00647C0 R
0xA0064800 R
0xA0064840 R
0xA0064880 R
0xA00648C0 R
0xA0064900 R
0xA0064940 R
0xA0064980 R
0xA00649C0 R
0xA0064A00 R
0xA0064A40 R
0xA0064A80 R
0xA0064AC0 R
0xA0064B00 R
0xA0064B40 R
0xA0064B80 R
0xA0064BC0 R
0xA0064C00 R
0xA0064C40 R
0xA0064C80 R
0xA0064CC0 R
0xA0064D00 R
0xA0064D40 R
0xA0064D80 R
0xA0064DC0 R
0xA0064E00 R
0xA0064E40 R
0xA0064E80 R
0xA0064EC0 R
0xA0064F00 R
0xA0064F40 R
0xA0064F80 R
0xA0064FC0 R
0xA0065000 R
0xA0065040 R
0xA0065080 R
0xA00650C0 R
0xA0065100 R
0xA0065140 R
0xA0065180 R
0xA00651C0 R
0xA0065200 R
0xA0065240 R
0xA0065280 R
0xA00652C0 R
0xA0065300 R
0xA0065340 R
0xA0065380 R
0xA00653C0 R
0xA0065400 R
0xA0065440 R
0xA0065480 R
0xA00654C0 R
0xA0065500 R
0xA0065540 R
0xA0065580 R
0xA00655C0 R
0xA0065600 R
0xA0065640 R
0xA0065680 R
0xA00656C0 R
0xA0065700 R
0xA0065740 R
0xA0065780 R
0xA00657C0 R
0xA0065800 R
0xA0065840 R
0xA0065880 R
0xA00658C0 R
0xA0065900 R
0xA0065940 R
0xA0065980 R
0xA00659C0 R
0xA0065A00 R
0xA0065A40 R
0xA0065A80 R
0xA0065AC0 R
0xA0065B00 R
0xA0065B40 R
0xA0065B80 R
0xA0065BC0 R
0xA0065C00 R
0xA0065C40 R
0xA0065C80 R
0xA0065CC0 R
0xA0065D00 R
0xA0065D40 R
0xA0065D80 R
0xA0065DC0 R
0xA0065E00 R
0xA0065E40 R
0xA0065E80 R
0xA0065EC0 R
0xA0065F00 R
0xA0065F40 R
0xA0065F80 R
0xA0065FC0 R
0xA0066000 R
0xA0066040 R
0xA0066080 R
0xA00660C0 R
0xA0066100 R
0xA0066140 R
0xA0066180 R
0xA00661C0 R
0xA0066200 R
0xA0066240 R
0xA0066280 R
0xA00662C0 R
0xA0066300 R
0xA0066340 R
0xA0066380 R
0xA00663C0 R
0xA0066400 R
0xA0066440 R
0xA0066480 R
0xA00664C0 R
0xA0066500 R
0xA0066540 R
0xA0066580 R
0xA00665C0 R
0xA0066600 R
0xA0066640 R
0xA0066680 R
0xA00666C0 R
0xA0066700 R
0xA0066740 R
0xA0066780 R
0xA00667C0 R
0xA0066800 R
0xA0066840 R
0xA0066880 R
0xA00668C0 R
0xA0066900 R
0xA0066940 R
0xA0066980 R
0xA00669C0 R
0xA0066A00 R
0xA0066A40 R
0xA0066A80 R
0xA0066AC0 R
0xA0066B00 R
0xA0066B40 R
0xA0066B80 R
0xA0066BC0 R
0xA0066C00 R
0xA0066C40 R
0xA0066C80 R
0xA0066CC0 R
0xA0066D00 R
0xA0066D40 R
0xA0066D80 R
0xA0066DC0 R
0xA0066E00 R
0xA0066E40 R
0xA0066E80 R
0xA0066EC0 R
0xA0066F00 R
0xA0066F40 R
0xA0066F80 R
0xA0066FC0 R
0xA0067000 R
0xA0067040 R
0xA0067080 R
0xA00670C0 R
0xA0067100 R
0xA0067140 R
0xA0067180 R
0xA00671C0 R
0xA0067200 R
0xA0067240 R
0xA0067280 R
0xA00672C0 R
0xA0067300 R
0xA0067340 R
0xA0067380 R
0xA00673C0 R
0xA0067400 R
0xA0067440 R
0xA0067480 R
0xA00674C0 R
0xA0067500 R
0xA0067540 R
0xA0067580 R
0xA00675C0 R
0xA0067600 R
0xA0067640 R
0xA0067680 R
0xA00676C0 R
0xA0067700 R
0xA0067740 R
0xA0067780 R
0xA00677C0 R
0xA0067800 R
0xA0067840 R
0xA0067880 R
0xA00678C0 R
0xA0067900 R
0xA0067940 R
0xA0067980 R
0xA00679C0 R
0xA0067A00 R
0xA0067A40 R
0xA0067A80 R
0xA0067AC0 R
0xA0067B00 R
0xA0067B40 R
0xA0067B80 R
0xA0067BC0 R
0xA0067C00 R
0xA0067C40 R
0xA0067C80 R
0xA0067CC0 R
0xA0067D00 R
0xA0067D40 R
0xA0067D80 R
0xA0067DC0 R
0xA0067E00 R
0xA0067E40 R
0xA0067E80 R
0xA0067EC0 R
0xA0067F00 R
0xA0067F40 R
0xA0067F80 R
0xA0067FC0 R
0xA0068000 R
0xA0068040 R
0xA0068080 R
0xA00680C0 R
0xA0068100 R
0xA0068140 R
0xA0068180 R
0xA00681C0 R
0xA0068200 R
0xA0068240 R
0xA0068280 R
0xA00682C0 R
0xA0068300 R
0xA0068340 R
0xA0068380 R
0xA00683C0 R
0xA0068400 R
0xA0068440 R
0xA0068480 R
0xA00684C0 R
0xA0068500 R
0xA0068540 R
0xA0068580 R
0xA00685C0 R
0xA0068600 R
0xA0068640 R
0xA0068680 R
0xA00686C0 R
0xA0068700 R
0xA0068740 R
0xA0068780 R
0xA00687C0 R
0xA0068800 R
0xA0068840 R
0xA0068880 R
0xA00688C0 R
0xA0068900 R
0xA0068940 R
0xA0068980 R
0xA00689C0 R
0xA0068A00 R
0xA0068A40 R
0xA0068A80 R
0xA0068AC0 R
0xA0068B00 R
0xA0068B40 R
0xA0068B80 R
0xA0068BC0 R
0xA0068C00 R
0xA0068C40 R
0xA0068C80 R
0xA0068CC0 R
0xA0068D00 R
0xA0068D40 R
0xA0068D80 R
0xA0068DC0 R
0xA0068E00 R
0xA0068E40 R
0xA0068E80 R
0xA0068EC0 R
0xA0068F00 R
0xA0068F40 R
0xA0068F80 R
0xA0068FC0 R
0xA0069000 R
0xA0069040 R
0xA0069080 R
0xA00690C0 R
0xA0069100 R
0xA0069140 R
0xA0069180 R
0xA00691C0 R
0xA0069200 R
0xA0069240 R
0xA0069280 R
0xA00692C0 R
0xA0069300 R
0xA0069340 R
0xA0069380 R
0xA00693C0 R
0xA0069400 R
0xA0069440 R
0xA0069480 R
0xA00694C0 R
0xA0069500 R
0xA0069540 R
0xA0069580 R
0xA00695C0 R
0xA0069600 R
0xA0069640 R
0xA0069680 R
0xA00696C0 R
0xA0069700 R
0xA0069740 R
0xA0069780 R
0xA00697C0 R
0xA0069800 R
0xA0069840 R
0xA0069880 R
0xA00698C0 R
0xA0069900 R
0xA0069940 R
0xA0069980 R
0xA00699C0 R
0xA0069A00 R
0xA0069A40 R
0xA0069A80 R
0xA0069AC0 R
0xA0069B00 R
0xA0069B40 R
0xA0069B80 R
0xA0069BC0 R
0xA0069C00 R
0xA0069C40 R
0xA0069C80 R
0xA0069CC0 R
0xA0069D00 R
0xA0069D40 R
0xA0069D80 R
0xA0069DC0 R
0xA0069E00 R
0xA0069E40 R
0xA0069E80 R
0xA0069EC0 R
0xA0069F00 R
0xA0069F40 R
0xA0069F80 R
0xA0069FC0 R
0xA006A000 R
0xA006A040 R
0xA006A080 R
0xA006A0C0 R
0xA006A100 R
0xA006A140 R
0xA006A180 R
0xA006A1C0 R
0xA006A200 R
0xA006A240 R
0xA006A280 R
0xA006A2C0 R
0xA006A300 R
0xA006A340 R
0xA006A380 R
0xA006A3C0 R
0xA006A400 R
0xA006A440 R
0xA006A480 R
0xA006A4C0 R
0xA006A500 R
0xA006A540 R
0xA006A580 R
0xA006A5C0 R
0xA006A600 R
0xA006A640 R
0xA006A680 R
0xA006A6C0 R
0xA006A700 R
0xA006A740 R
0xA006A780 R
0xA006A7C0 R
0xA006A800 R
0xA006A840 R
0xA006A880 R
0xA006A8C0 R
0xA006A900 R
0xA006A940 R
0xA006A980 R
0xA006A9C0 R
0xA006AA00 R
0xA006AA40 R
0xA006AA80 R
0xA006AAC0 R
0xA006AB00 R
0xA006AB40 R
0xA006AB80 R
0xA006ABC0 R
0xA006AC00 R
0xA006AC40 R
0xA006AC80 R
0xA006ACC0 R
0xA006AD00 R
0xA006AD40 R
0xA006AD80 R
0xA006ADC0 R
0xA006AE00 R
0xA006AE40 R
0xA006AE80 R
0xA006AEC0 R
0xA006AF00 R
0xA006AF40 R
0xA006AF80 R
0xA006AFC0 R
0xA006B000 R
0xA006B040 R
0xA006B080 R
0xA006B0C0 R
0xA006B100 R
0xA006B140 R
0xA006B180 R
0xA006B1C0 R
0xA006B200 R
0xA006B240 R
0xA006B280 R
0xA006B2C0 R
0xA006B300 R
0xA006B340 R
0xA006B380 R
0xA006B3C0 R
0xA006B400 R
0xA006B440 R
0xA006B480 R
0xA006B4C0 R
0xA006B500 R
0xA006B540 R
0xA006B580 R
0xA006B5C0 R
0xA006B600 R
0xA006B640 R
0xA006B680 R
0xA006B6C0 R
0xA006B700 R
0xA006B740 R
0xA006B780 R
0xA006B7C0 R
0xA006B800 R
0xA006B840 R
0xA006B880 R
0xA006B8C0 R
0xA006B900 R
0xA006B940 R
0xA006B980 R
0xA006B9C0 R
0xA006BA00 R
0xA006BA40 R
0xA006BA80 R
0xA006BAC0 R
0xA006BB00 R
0xA006BB40 R
0xA006BB80 R
0xA006BBC0 R
0xA006BC00 R
0xA006BC40 R
0xA006BC80 R
0xA006BCC0 R
0xA006BD00 R
0xA006BD40 R
0xA006BD80 R
0xA006BDC0 R
0xA006BE00 R
0xA006BE40 R
0xA006BE80 R
0xA006BEC0 R
0xA006BF00 R
0xA006BF40 R
0xA006BF80 R
0xA006BFC0 R
0xA006C000 R
0xA006C040 R
0xA006C080 R
0xA006C0C0 R
0xA006C100 R
0xA006C140 R
0xA006C180 R
0xA006C1C0 R
0xA006C200 R
0xA006C240 R
0xA006C280 R
0xA006C2C0 R
0xA006C300 R
0xA006C340 R
0xA006C380 R
0xA006C3C0 R
0xA006C400 R
0xA006C440 R
0xA006C480 R
0xA006C4C0 R
0xA006C500 R
0xA006C540 R
0xA006C580 R
0xA006C5C0 R
0xA006C600 R
0xA006C640 R
0xA006C680 R
0xA006C6C0 R
0xA006C700 R
0xA006C740 R
0xA006C780 R
0xA006C7C0 R
0xA006C800 R
0xA006C840 R
0xA006C880 R
0xA006C8C0 R
0xA006C900 R
0xA006C940 R
0xA006C980 R
0xA006C9C0 R
0xA006CA00 R
0xA006CA40 R
0xA006CA80 R
0xA006CAC0 R
0xA006CB00 R
0xA006CB40 R
0xA006CB80 R
0xA006CBC0 R
0xA006CC00 R
0xA006CC40 R
0xA006CC80 R
0xA006CCC0 R
0xA006CD00 R
0xA006CD40 R
0xA006CD80 R
0xA006CDC0 R
0xA006CE00 R
0xA006CE40 R
0xA006CE80 R
0xA006CEC0 R
0xA006CF00 R
0xA006CF40 R
0xA006CF80 R
0xA006CFC0 R
0xA006D000 R
0xA006D040 R
0xA006D080 R
0xA006D0C0 R
0xA006D100 R
0xA006D140 R
0xA006D180 R
0xA006D1C0 R
0xA006D200 R
0xA006D240 R
0xA006D280 R
0xA006D2C0 R
0xA006D300 R
0xA006D340 R
0xA006D380 R
0xA006D3C0 R
0xA006D400 R
0xA006D440 R
0xA006D480 R
0xA006D4C0 R
0xA006D500 R
0xA006D540 R
0xA006D580 R
0xA006D5C0 R
0xA006D600 R
0xA006D640 R
0xA006D680 R
0xA006D6C0 R
0xA006D700 R
0xA006D740 R
0xA006D780 R
0xA006D7C0 R
0xA006D800 R
0xA006D840 R
0xA006D880 R
0xA006D8C0 R
0xA006D900 R
0xA006D940 R
0xA006D980 R
0xA006D9C0 R
0xA006DA00 R
0xA006DA40 R
0xA006DA80 R
0xA006DAC0 R
0xA006DB00 R
0xA006DB40 R
0xA006DB80 R
0xA006DBC0 R
0xA006DC00 R
0xA006DC40 R
0xA006DC80 R
0xA006DCC0 R
0xA006DD00 R
0xA006DD40 R
0xA006DD80 R
0xA006DDC0 R
0xA006DE00 R
0xA006DE40 R
0xA006DE80 R
0xA006DEC0 R
0xA006DF00 R
0xA006DF40 R
0xA006DF80 R
0xA006DFC0 R
0xA006E000 R
0xA006E040 R
0xA006E080 R
0xA006E0C0 R
0xA006E100 R
0xA006E140 R
0xA006E180 R
0xA006E1C0 R
0xA006E200 R
0xA006E240 R
0xA006E280 R
0xA006E2C0 R
0xA006E300 R
0xA006E340 R
0xA006E380 R
0xA006E3C0 R
0xA006E400 R
0xA006E440 R
0xA006E480 R
0xA006E4C0 R
0xA006E500 R
0xA006E540 R
0xA006E580 R
0xA006E5C0 R
0xA006E600 R
0xA006E640 R
0xA006E680 R
0xA006E6C0 R
0xA006E700 R
0xA006E740 R
0xA006E780 R
0xA006E7C0 R
0xA006E800 R
0xA006E840 R
0xA006E880 R
0xA006E8C0 R
0xA006E900 R
0xA006E940 R
0xA006E980 R
0xA006E9C0 R
0xA006EA00 R
0xA006EA40 R
0xA006EA80 R
0xA006EAC0 R
0xA006EB00 R
0xA006EB40 R
0xA006EB80 R
0xA006EBC0 R
0xA006EC00 R
0xA006EC40 R
0xA006EC80 R
0xA006ECC0 R
0xA006ED00 R
0xA006ED40 R
0xA006ED80 R
0xA006EDC0 R
0xA006EE00 R
0xA006EE40 R
0xA006EE80 R
0xA006EEC0 R
0xA006EF00 R
0xA006EF40 R
0xA006EF80 R
0xA006EFC0 R
0xA006F000 R
0xA006F040 R
0xA006F080 R
0xA006F0C0 R
0xA006F100 R
0xA006F140 R
0xA006F180 R
0xA006F1C0 R
0xA006F200 R
0xA006F240 R
0xA006F280 R
0xA006F2C0 R
0xA006F300 R
0xA006F340 R
0xA006F380 R
0xA006F3C0 R
0xA006F400 R
0xA006F440 R
0xA006F480 R
0xA006F4C0 R
0xA006F500 R
0xA006F540 R
0xA006F580 R
0xA006F5C0 R
0xA006F600 R
0xA006F640 R
0xA006F680 R
0xA006F6C0 R
0xA006F700 R
0xA006F740 R
0xA006F780 R
0xA006F7C0 R
0xA006F800 R
0xA006F840 R
0xA006F880 R
0xA006F8C0 R
0xA006F900 R
0xA006F940 R
0xA006F980 R
0xA006F9C0 R
0xA006FA00 R
0xA006FA40 R
0xA006FA80 R
0xA006FAC0 R
0xA006FB00 R
0xA006FB40 R
0xA006FB80 R
0xA006FBC0 R
0xA006FC00 R
0xA006FC40 R
0xA006FC80 R
0xA006FCC0 R
0xA006FD00 R
0xA006FD40 R
0xA006FD80 R
0xA006FDC0 R
0xA006FE00 R
0xA006FE40 R
0xA006FE80 R
0xA006FEC0 R
0xA006FF00 R
0xA006FF40 R
0xA006FF80 R
0xA006FFC0 R
0xC0060000 W
0xC0060040 W
0xC0060080 W
0xC00600C0 W
0xC0060100 W
0xC0060140 W
0xC0060180 W
0xC00601C0 W
0xC0060200 W
0xC0060240 W
0xC0060280 W
0xC00602C0 W
0xC0060300 W
0xC0060340 W
0xC0060380 W
0xC00603C0 W
0xC0060400 W
0xC0060440 W
0xC0060480 W
0xC00604C0 W
0xC0060500 W
0xC0060540 W
0xC0060580 W
0xC00605C0 W
0xC0060600 W
0xC0060640 W
0xC0060680 W
0xC00606C0 W
0xC0060700 W
0xC0060740 W
0xC0060780 W
0xC00607C0 W
0xC0060800 W
0xC0060840 W
0xC0060880 W
0xC00608C0 W
0xC0060900 W
0xC0060940 W
0xC0060980 W
0xC00609C0 W
0xC0060A00 W
0xC0060A40 W
0xC0060A80 W
0xC0060AC0 W
0xC0060B00 W
0xC0060B40 W
0xC0060B80 W
0xC0060BC0 W
0xC0060C00 W
0xC0060C40 W
0xC0060C80 W
0xC0060CC0 W
0xC0060D00 W
0xC0060D40 W
0xC0060D80 W
0xC0060DC0 W
0xC0060E00 W
0xC0060E40 W
0xC0060E80 W
0xC0060EC0 W
0xC0060F00 W
0xC0060F40 W
0xC0060F80 W
0xC0060FC0 W
0xC0061000 W
0xC0061040 W
0xC0061080 W
0xC00610C0 W
0xC0061100 W
0xC0061140 W
0xC0061180 W
0xC00611C0 W
0xC0061200 W
0xC0061240 W
0xC0061280 W
0xC00612C0 W
0xC0061300 W
0xC0061340 W
0xC0061380 W
0xC00613C0 W
0xC0061400 W
0xC0061440 W
0xC0061480 W
0xC00614C0 W
0xC0061500 W
0xC0061540 W
0xC0061580 W
0xC00615C0 W
0xC0061600 W
0xC0061640 W
0xC0061680 W
0xC00616C0 W
0xC0061700 W
0xC0061740 W
0xC0061780 W
0xC00617C0 W
0xC0061800 W
0xC0061840 W
0xC0061880 W
0xC00618C0 W
0xC0061900 W
0xC0061940 W
0xC0061980 W
0xC00619C0 W
0xC0061A00 W
0xC0061A40 W
0xC0061A80 W
0xC0061AC0 W
0xC0061B00 W
0xC0061B40 W
0xC0061B80 W
0xC0061BC0 W
0xC0061C00 W
0xC0061C40 W
0xC0061C80 W
0xC0061CC0 W
0xC0061D00 W
0xC0061D40 W
0xC0061D80 W
0xC0061DC0 W
0xC0061E00 W
0xC0061E40 W
0xC0061E80 W
0xC0061EC0 W
0xC0061F00 W
0xC0061F40 W
0xC0061F80 W
0xC0061FC0 W
0xC0062000 W
0xC0062040 W
0xC0062080 W
0xC00620C0 W
0xC0062100 W
0xC0062140 W
0xC0062180 W
0xC00621C0 W
0xC0062200 W
0xC0062240 W
0xC0062280 W
0xC00622C0 W
0xC0062300 W
0xC0062340 W
0xC0062380 W
0xC00623C0 W
0xC0062400 W
0xC0062440 W
0xC0062480 W
0xC00624C0 W
0xC0062500 W
0xC0062540 W
0xC0062580 W
0xC00625C0 W
0xC0062600 W
0xC0062640 W
0xC0062680 W
0xC00626C0 W
0xC0062700 W
0xC0062740 W
0xC0062780 W
0xC00627C0 W
0xC0062800 W
0xC0062840 W
0xC0062880 W
0xC00628C0 W
0xC0062900 W
0xC0062940 W
0xC0062980 W
0xC00629C0 W
0xC0062A00 W
0xC0062A40 W
0xC0062A80 W
0xC0062AC0 W
0xC0062B00 W
0xC0062B40 W
0xC0062B80 W
0xC0062BC0 W
0xC0062C00 W
0xC0062C40 W
0xC0062C80 W
0xC0062CC0 W
0xC0062D00 W
0xC0062D40 W
0xC0062D80 W
0xC0062DC0 W
0xC0062E00 W
0xC0062E40 W
0xC0062E80 W
0xC0062EC0 W
0xC0062F00 W
0xC0062F40 W
0xC0062F80 W
0xC0062FC0 W
0xC0063000 W
0xC0063040 W
0xC0063080 W
0xC00630C0 W
0xC0063100 W
0xC0063140 W
0xC0063180 W
0xC00631C0 W
0xC0063200 W
0xC0063240 W
0xC0063280 W
0xC00632C0 W
0xC0063300 W
0xC0063340 W
0xC0063380 W
0xC00633C0 W
0xC0063400 W
0xC0063440 W
0xC0063480 W
0xC00634C0 W
0xC0063500 W
0xC0063540 W
0xC0063580 W
0xC00635C0 W
0xC0063600 W
0xC0063640 W
0xC0063680 W
0xC00636C0 W
0xC0063700 W
0xC0063740 W
0xC0063780 W
0xC00637C0 W
0xC0063800 W
0xC0063840 W
0xC0063880 W
0xC00638C0 W
0xC0063900 W
0xC0063940 W
0xC0063980 W
0xC00639C0 W
0xC0063A00 W
0xC0063A40 W
0xC0063A80 W
0xC0063AC0 W
0xC0063B00 W
0xC0063B40 W
0xC0063B80 W
0xC0063BC0 W
0xC0063C00 W
0xC0063C40 W
0xC0063C80 W
0xC0063CC0 W
0xC0063D00 W
0xC0063D40 W
0xC0063D80 W
0xC0063DC0 W
0xC0063E00 W
0xC0063E40 W
0xC0063E80 W
0xC0063EC0 W
0xC0063F00 W
0xC0063F40 W
0xC0063F80 W
0xC0063FC0 W
0xC0064000 W
0xC0064040 W
0xC0064080 W
0xC00640C0 W
0xC0064100 W
0xC0064140 W
0xC0064180 W
0xC00641C0 W
0xC0064200 W
0xC0064240 W
0xC0064280 W
0xC00642C0 W
0xC0064300 W
0xC0064340 W
0xC0064380 W
0xC00643C0 W
0xC0064400 W
0xC0064440 W
0xC0064480 W
0xC00644C0 W
0xC0064500 W
0xC0064540 W
0xC0064580 W
0xC00645C0 W
0xC0064600 W
0xC0064640 W
0xC0064680 W
0xC00646C0 W
0xC0064700 W
0xC0064740 W
0xC0064780 W
0xC00647C0 W
0xC0064800 W
0xC0064840 W
0xC0064880 W
0xC00648C0 W
0xC0064900 W
0xC0064940 W
0xC0064980 W
0xC00649C0 W
0xC0064A00 W
0xC0064A40 W
0xC0064A80 W
0xC0064AC0 W
0xC0064B00 W
0xC0064B40 W
0xC0064B80 W
0xC0064BC0 W
0xC0064C00 W
0xC0064C40 W
0xC0064C80 W
0xC0064CC0 W
0xC0064D00 W
0xC0064D40 W
0xC0064D80 W
0xC0064DC0 W
0xC0064E00 W
0xC0064E40 W
0xC0064E80 W
0xC0064EC0 W
0xC0064F00 W
0xC0064F40 W
0xC0064F80 W
0xC0064FC0 W
0xC0065000 W
0xC0065040 W
0xC0065080 W
0xC00650C0 W
0xC0065100 W
0xC0065140 W
0xC0065180 W
0xC00651C0 W
0xC0065200 W
0xC0065240 W
0xC0065280 W
0xC00652C0 W
0xC0065300 W
0xC0065340 W
0xC0065380 W
0xC00653C0 W
0xC0065400 W
0xC0065440 W
0xC0065480 W
0xC00654C0 W
0xC0065500 W
0xC0065540 W
0xC0065580 W
0xC00655C0 W
0xC0065600 W
0xC0065640 W
0xC0065680 W
0xC00656C0 W
0xC0065700 W
0xC0065740 W
0xC0065780 W
0xC00657C0 W
0xC0065800 W
0xC0065840 W
0xC0065880 W
0xC00658C0 W
0xC0065900 W
0xC0065940 W
0xC0065980 W
0xC00659C0 W
0xC0065A00 W
0xC0065A40 W
0xC0065A80 W
0xC0065AC0 W
0xC0065B00 W
0xC0065B40 W
0xC0065B80 W
0xC0065BC0 W
0xC0065C00 W
0xC0065C40 W
0xC0065C80 W
0xC0065CC0 W
0xC0065D00 W
0xC0065D40 W
0xC0065D80 W
0xC0065DC0 W
0xC0065E00 W
0xC0065E40 W
0xC0065E80 W
0xC0065EC0 W
0xC0065F00 W
0xC0065F40 W
0xC0065F80 W
0xC0065FC0 W
0xC0066000 W
0xC0066040 W
0xC0066080 W
0xC00660C0 W
0xC0066100 W
0xC0066140 W
0xC0066180 W
0xC00661C0 W
0xC0066200 W
0xC0066240 W
0xC0066280 W
0xC00662C0 W
0xC0066300 W
0xC0066340 W
0xC0066380 W
0xC00663C0 W
0xC0066400 W
0xC0066440 W
0xC0066480 W
0xC00664C0 W
0xC0066500 W
0xC0066540 W
0xC0066580 W
0xC00665C0 W
0xC0066600 W
0xC0066640 W
0xC0066680 W
0xC00666C0 W
0xC0066700 W
0xC0066740 W
0xC0066780 W
0xC00667C0 W
0xC0066800 W
0xC0066840 W
0xC0066880 W
0xC00668C0 W
0xC0066900 W
0xC0066940 W
0xC0066980 W
0xC00669C0 W
0xC0066A00 W
0xC0066A40 W
0xC0066A80 W
0xC0066AC0 W
0xC0066B00 W
0xC0066B40 W
0xC0066B80 W
0xC0066BC0 W
0xC0066C00 W
0xC0066C40 W
0xC0066C80 W
0xC0066CC0 W
0xC0066D00 W
0xC0066D40 W
0xC0066D80 W
0xC0066DC0 W
0xC0066E00 W
0xC0066E40 W
0xC0066E80 W
0xC0066EC0 W
0xC0066F00 W
0xC0066F40 W
0xC0066F80 W
0xC0066FC0 W
0xC0067000 W
0xC0067040 W
0xC0067080 W
0xC00670C0 W
0xC0067100 W
0xC0067140 W
0xC0067180 W
0xC00671C0 W
0xC0067200 W
0xC0067240 W
0xC0067280 W
0xC00672C0 W
0xC0067300 W
0xC0067340 W
0xC0067380 W
0xC00673C0 W
0xC0067400 W
0xC0067440 W
0xC0067480 W
0xC00674C0 W
0xC0067500 W
0xC0067540 W
0xC0067580 W
0xC00675C0 W
0xC0067600 W
0xC0067640 W
0xC0067680 W
0xC00676C0 W
0xC0067700 W
0xC0067740 W
0xC0067780 W
0xC00677C0 W
0xC0067800 W
0xC0067840 W
0xC0067880 W
0xC00678C0 W
0xC0067900 W
0xC0067940 W
0xC0067980 W
0xC00679C0 W
0xC0067A00 W
0xC0067A40 W
0xC0067A80 W
0xC0067AC0 W
0xC0067B00 W
0xC0067B40 W
0xC0067B80 W
0xC0067BC0 W
0xC0067C00 W
0xC0067C40 W
0xC0067C80 W
0xC0067CC0 W
0xC0067D00 W
0xC0067D40 W
0xC0067D80 W
0xC0067DC0 W
0xC0067E00 W
0xC0067E40 W
0xC0067E80 W
0xC0067EC0 W
0xC0067F00 W
0xC0067F40 W
0xC0067F80 W
0xC0067FC0 W
0xC0068000 W
0xC0068040 W
0xC0068080 W
0xC00680C0 W
0xC0068100 W
0xC0068140 W
0xC0068180 W
0xC00681C0 W
0xC0068200 W
0xC0068240 W
0xC0068280 W
0xC00682C0 W
0xC0068300 W
0xC0068340 W
0xC0068380 W
0xC00683C0 W
0xC0068400 W
0xC0068440 W
0xC0068480 W
0xC00684C0 W
0xC0068500 W
0xC0068540 W
0xC0068580 W
0xC00685C0 W
0xC0068600 W
0xC0068640 W
0xC0068680 W
0xC00686C0 W
0xC0068700 W
0xC0068740 W
0xC0068780 W
0xC00687C0 W
0xC0068800 W
0xC0068840 W
0xC0068880 W
0xC00688C0 W
0xC0068900 W
0xC0068940 W
0xC0068980 W
0xC00689C0 W
0xC0068A00 W
0xC0068A40 W
0xC0068A80 W
0xC0068AC0 W
0xC0068B00 W
0xC0068B40 W
0xC0068B80 W
0xC0068BC0 W
0xC0068C00 W
0xC0068C40 W
0xC0068C80 W
0xC0068CC0 W
0xC0068D00 W
0xC0068D40 W
0xC0068D80 W
0xC0068DC0 W
0xC0068E00 W
0xC0068E40 W
0xC0068E80 W
0xC0068EC0 W
0xC0068F00 W
0xC0068F40 W
0xC0068F80 W
0xC0068FC0 W
0xC0069000 W
0xC0069040 W
0xC0069080 W
0xC00690C0 W
0xC0069100 W
0xC0069140 W
0xC0069180 W
0xC00691C0 W
0xC0069200 W
0xC0069240 W
0xC0069280 W
0xC00692C0 W
0xC0069300 W
0xC0069340 W
0xC0069380 W
0xC00693C0 W
0xC0069400 W
0xC0069440 W
0xC0069480 W
0xC00694C0 W
0xC0069500 W
0xC0069540 W
0xC0069580 W
0xC00695C0 W
0xC0069600 W
0xC0069640 W
0xC0069680 W
0xC00696C0 W
0xC0069700 W
0xC0069740 W
0xC0069780 W
0xC00697C0 W
0xC0069800 W
0xC0069840 W
0xC0069880 W
0xC00698C0 W
0xC0069900 W
0xC0069940 W
0xC0069980 W
0xC00699C0 W
0xC0069A00 W
0xC0069A40 W
0xC0069A80 W
0xC0069AC0 W
0xC0069B00 W
0xC0069B40 W
0xC0069B80 W
0xC0069BC0 W
0xC0069C00 W
0xC0069C40 W
0xC0069C80 W
0xC0069CC0 W
0xC0069D00 W
0xC0069D40 W
0xC0069D80 W
0xC0069DC0 W
0xC0069E00 W
0xC0069E40 W
0xC0069E80 W
0xC0069EC0 W
0xC0069F00 W
0xC0069F40 W
0xC0069F80 W
0xC0069FC0 W
0xC006A000 W
0xC006A040 W
0xC006A080 W
0xC006A0C0 W
0xC006A100 W
0xC006A140 W
0xC006A180 W
0xC006A1C0 W
0xC006A200 W
0xC006A240 W
0xC006A280 W
0xC006A2C0 W
0xC006A300 W
0xC006A340 W
0xC006A380 W
0xC006A3C0 W
0xC006A400 W
0xC006A440 W
0xC006A480 W
0xC006A4C0 W
0xC006A500 W
0xC006A540 W
0xC006A580 W
0xC006A5C0 W
0xC006A600 W
0xC006A640 W
0xC006A680 W
0xC006A6C0 W
0xC006A700 W
0xC006A740 W
0xC006A780 W
0xC006A7C0 W
0xC006A800 W
0xC006A840 W
0xC006A880 W
0xC006A8C0 W
0xC006A900 W
0xC006A940 W
0xC006A980 W
0xC006A9C0 W
0xC006AA00 W
0xC006AA40 W
0xC006AA80 W
0xC006AAC0 W
0xC006AB00 W
0xC006AB40 W
0xC006AB80 W
0xC006ABC0 W
0xC006AC00 W
0xC006AC40 W
0xC006AC80 W
0xC006ACC0 W
0xC006AD00 W
0xC006AD40 W
0xC006AD80 W
0xC006ADC0 W
0xC006AE00 W
0xC006AE40 W
0xC006AE80 W
0xC006AEC0 W
0xC006AF00 W
0xC006AF40 W
0xC006AF80 W
0xC006AFC0 W
0xC006B000 W
0xC006B040 W
0xC006B080 W
0xC006B0C0 W
0xC006B100 W
0xC006B140 W
0xC006B180 W
0xC006B1C0 W
0xC006B200 W
0xC006B240 W
0xC006B280 W
0xC006B2C0 W
0xC006B300 W
0xC006B340 W
0xC006B380 W
0xC006B3C0 W
0xC006B400 W
0xC006B440 W
0xC006B480 W
0xC006B4C0 W
0xC006B500 W
0xC006B540 W
0xC006B580 W
0xC006B5C0 W
0xC006B600 W
0xC006B640 W
0xC006B680 W
0xC006B6C0 W
0xC006B700 W
0xC006B740 W
0xC006B780 W
0xC006B7C0 W
0xC006B800 W
0xC006B840 W
0xC006B880 W
0xC006B8C0 W
0xC006B900 W
0xC006B940 W
0xC006B980 W
0xC006B9C0 W
0xC006BA00 W
0xC006BA40 W
0xC006BA80 W
0xC006BAC0 W
0xC006BB00 W
0xC006BB40 W
0xC006BB80 W
0xC006BBC0 W
0xC006BC00 W
0xC006BC40 W
0xC006BC80 W
0xC006BCC0 W
0xC006BD00 W
0xC006BD40 W
0xC006BD80 W
0xC006BDC0 W
0xC006BE00 W
0xC006BE40 W
0xC006BE80 W
0xC006BEC0 W
0xC006BF00 W
0xC006BF40 W
0xC006BF80 W
0xC006BFC0 W
0xC006C000 W
0xC006C040 W
0xC006C080 W
0xC006C0C0 W
0xC006C100 W
0xC006C140 W
0xC006C180 W
0xC006C1C0 W
0xC006C200 W
0xC006C240 W
0xC006C280 W
0xC006C2C0 W
0xC006C300 W
0xC006C340 W
0xC006C380 W
0xC006C3C0 W
0xC006C400 W
0xC006C440 W
0xC006C480 W
0xC006C4C0 W
0xC006C500 W
0xC006C540 W
0xC006C580 W
0xC006C5C0 W
0xC006C600 W
0xC006C640 W
0xC006C680 W
0xC006C6C0 W
0xC006C700 W
0xC006C740 W
0xC006C780 W
0xC006C7C0 W
0xC006C800 W
0xC006C840 W
0xC006C880 W
0xC006C8C0 W
0xC006C900 W
0xC006C940 W
0xC006C980 W
0xC006C9C0 W
0xC006CA00 W
0xC006CA40 W
0xC006CA80 W
0xC006CAC0 W
0xC006CB00 W
0xC006CB40 W
0xC006CB80 W
0xC006CBC0 W
0xC006CC00 W
0xC006CC40 W
0xC006CC80 W
0xC006CCC0 W
0xC006CD00 W
0xC006CD40 W
0xC006CD80 W
0xC006CDC0 W
0xC006CE00 W
0xC006CE40 W
0xC006CE80 W
0xC006CEC0 W
0xC006CF00 W
0xC006CF40 W
0xC006CF80 W
0xC006CFC0 W
0xC006D000 W
0xC006D040 W
0xC006D080 W
0xC006D0C0 W
0xC006D100 W
0xC006D140 W
0xC006D180 W
0xC006D1C0 W
0xC006D200 W
0xC006D240 W
0xC006D280 W
0xC006D2C0 W
0xC006D300 W
0xC006D340 W
0xC006D380 W
0xC006D3C0 W
0xC006D400 W
0xC006D440 W
0xC006D480 W
0xC006D4C0 W
0xC006D500 W
0xC006D540 W
0xC006D580 W
0xC006D5C0 W
0xC006D600 W
0xC006D640 W
0xC006D680 W
0xC006D6C0 W
0xC006D700 W
0xC006D740 W
0xC006D780 W
0xC006D7C0 W
0xC006D800 W
0xC006D840 W
0xC006D880 W
0xC006D8C0 W
0xC006D900 W
0xC006D940 W
0xC006D980 W
0xC006D9C0 W
0xC006DA00 W
0xC006DA40 W
0xC006DA80 W
0xC006DAC0 W
0xC006DB00 W
0xC006DB40 W
0xC006DB80 W
0xC006DBC0 W
0xC006DC00 W
0xC006DC40 W
0xC006DC80 W
0xC006DCC0 W
0xC006DD00 W
0xC006DD40 W
0xC006DD80 W
0xC006DDC0 W
0xC006DE00 W
0xC006DE40 W
0xC006DE80 W
0xC006DEC0 W
0xC006DF00 W
0xC006DF40 W
0xC006DF80 W
0xC006DFC0 W
0xC006E000 W
0xC006E040 W
0xC006E080 W
0xC006E0C0 W
0xC006E100 W
0xC006E140 W
0xC006E180 W
0xC006E1C0 W
0xC006E200 W
0xC006E240 W
0xC006E280 W
0xC006E2C0 W
0xC006E300 W
0xC006E340 W
0xC006E380 W
0xC006E3C0 W
0xC006E400 W
0xC006E440 W
0xC006E480 W
0xC006E4C0 W
0xC006E500 W
0xC006E540 W
0xC006E580 W
0xC006E5C0 W
0xC006E600 W
0xC006E640 W
0xC006E680 W
0xC006E6C0 W
0xC006E700 W
0xC006E740 W
0xC006E780 W
0xC006E7C0 W
0xC006E800 W
0xC006E840 W
0xC006E880 W
0xC006E8C0 W
0xC006E900 W
0xC006E940 W
0xC006E980 W
0xC006E9C0 W
0xC006EA00 W
0xC006EA40 W
0xC006EA80 W
0xC006EAC0 W
0xC006EB00 W
0xC006EB40 W
0xC006EB80 W
0xC006EBC0 W
0xC006EC00 W
0xC006EC40 W
0xC006EC80 W
0xC006ECC0 W
0xC006ED00 W
0xC006ED40 W
0xC006ED80 W
0xC006EDC0 W
0xC006EE00 W
0xC006EE40 W
0xC006EE80 W
0xC006EEC0 W
0xC006EF00 W
0xC006EF40 W
0xC006EF80 W
0xC006EFC0 W
0xC006F000 W
0xC006F040 W
0xC006F080 W
0xC006F0C0 W
0xC006F100 W
0xC006F140 W
0xC006F180 W
0xC006F1C0 W
0xC006F200 W
0xC006F240 W
0xC006F280 W
0xC006F2C0 W
0xC006F300 W
0xC006F340 W
0xC006F380 W
0xC006F3C0 W
0xC006F400 W
0xC006F440 W
0xC006F480 W
0xC006F4C0 W
0xC006F500 W
0xC006F540 W
0xC006F580 W
0xC006F5C0 W
0xC006F600 W
0xC006F640 W
0xC006F680 W
0xC006F6C0 W
0xC006F700 W
0xC006F740 W
0xC006F780 W
0xC006F7C0 W
0xC006F800 W
0xC006F840 W
0xC006F880 W
0xC006F8C0 W
0xC006F900 W
0xC006F940 W
0xC006F980 W
0xC006F9C0 W
0xC006FA00 W
0xC006FA40 W
0xC006FA80 W
0xC006FAC0 W
0xC006FB00 W
0xC006FB40 W
0xC006FB80 W
0xC006FBC0 W
0xC006FC00 W
0xC006FC40 W
0xC006FC80 W
0xC006FCC0 W
0xC006FD00 W
0xC006FD40 W
0xC006FD80 W
0xC006FDC0 W
0xC006FE00 W
0xC006FE40 W
0xC006FE80 W
0xC006FEC0 W
0xC006FF00 W
0xC006FF40 W
0xC006FF80 W
0xC006FFC0 W
0xC0060000 R
0xC0060040 R
0xC0060080 R
0xC00600C0 R
0xC0060100 R
0xC0060140 R
0xC0060180 R
0xC00601C0 R
0xC0060200 R
0xC0060240 R
0xC0060280 R
0xC00602C0 R
0xC0060300 R
0xC0060340 R
0xC0060380 R
0xC00603C0 R
0xC0060400 R
0xC0060440 R
0xC0060480 R
0xC00604C0 R
0xC0060500 R
0xC0060540 R
0xC0060580 R
0xC00605C0 R
0xC0060600 R
0xC0060640 R
0xC0060680 R
0xC00606C0 R
0xC0060700 R
0xC0060740 R
0xC0060780 R
0xC00607C0 R
0xC0060800 R
0xC0060840 R
0xC0060880 R
0xC00608C0 R
0xC0060900 R
0xC0060940 R
0xC0060980 R
0xC00609C0 R
0xC0060A00 R
0xC0060A40 R
0xC0060A80 R
0xC0060AC0 R
0xC0060B00 R
0xC0060B40 R
0xC0060B80 R
0xC0060BC0 R
0xC0060C00 R
0xC0060C40 R
0xC0060C80 R
0xC0060CC0 R
0xC0060D00 R
0xC0060D40 R
0xC0060D80 R
0xC0060DC0 R
0xC0060E00 R
0xC0060E40 R
0xC0060E80 R
0xC0060EC0 R
0xC0060F00 R
0xC0060F40 R
0xC0060F80 R
0xC0060FC0 R
0xC0061000 R
0xC0061040 R
0xC0061080 R
0xC00610C0 R
0xC0061100 R
0xC0061140 R
0xC0061180 R
0xC00611C0 R
0xC0061200 R
0xC0061240 R
0xC0061280 R
0xC00612C0 R
0xC0061300 R
0xC0061340 R
0xC0061380 R
0xC00613C0 R
0xC0061400 R
0xC0061440 R
0xC0061480 R
0xC00614C0 R
0xC0061500 R
0xC0061540 R
0xC0061580 R
0xC00615C0 R
0xC0061600 R
0xC0061640 R
0xC0061680 R
0xC00616C0 R
0xC0061700 R
0xC0061740 R
0xC0061780 R
0xC00617C0 R
0xC0061800 R
0xC0061840 R
0xC0061880 R
0xC00618C0 R
0xC0061900 R
0xC0061940 R
0xC0061980 R
0xC00619C0 R
0xC0061A00 R
0xC0061A40 R
0xC0061A80 R
0xC0061AC0 R
0xC0061B00 R
0xC0061B40 R
0xC0061B80 R
0xC0061BC0 R
0xC0061C00 R
0xC0061C40 R
0xC0061C80 R
0xC0061CC0 R
0xC0061D00 R
0xC0061D40 R
0xC0061D80 R
0xC0061DC0 R
0xC0061E00 R
0xC0061E40 R
0xC0061E80 R
0xC0061EC0 R
0xC0061F00 R
0xC0061F40 R
0xC0061F80 R
0xC0061FC0 R
0xC0062000 R
0xC0062040 R
0xC0062080 R
0xC00620C0 R
0xC0062100 R
0xC0062140 R
0xC0062180 R
0xC00621C0 R
0xC0062200 R
0xC0062240 R
0xC0062280 R
0xC00622C0 R
0xC0062300 R
0xC0062340 R
0xC0062380 R
0xC00623C0 R
0xC0062400 R
0xC0062440 R
0xC0062480 R
0xC00624C0 R
0xC0062500 R
0xC0062540 R
0xC0062580 R
0xC00625C0 R
0xC0062600 R
0xC0062640 R
0xC0062680 R
0xC00626C0 R
0xC0062700 R
0xC0062740 R
0xC0062780 R
0xC00627C0 R
0xC0062800 R
0xC0062840 R
0xC0062880 R
0xC00628C0 R
0xC0062900 R
0xC0062940 R
0xC0062980 R
0xC00629C0 R
0xC0062A00 R
0xC0062A40 R
0xC0062A80 R
0xC0062AC0 R
0xC0062B00 R
0xC0062B40 R
0xC0062B80 R
0xC0062BC0 R
0xC0062C00 R
0xC0062C40 R
0xC0062C80 R
0xC0062CC0 R
0xC0062D00 R
0xC0062D40 R
0xC0062D80 R
0xC0062DC0 R
0xC0062E00 R
0xC0062E40 R
0xC0062E80 R
0xC0062EC0 R
0xC0062F00 R
0xC0062F40 R
0xC0062F80 R
0xC0062FC0 R
0xC0063000 R
0xC0063040 R
0xC0063080 R
0xC00630C0 R
0xC0063100 R
0xC0063140 R
0xC0063180 R
0xC00631C0 R
0xC0063200 R
0xC0063240 R
0xC0063280 R
0xC00632C0 R
0xC0063300 R
0xC0063340 R
0xC0063380 R
0xC00633C0 R
0xC0063400 R
0xC0063440 R
0xC0063480 R
0xC00634C0 R
0xC0063500 R
0xC0063540 R
0xC0063580 R
0xC00635C0 R
0xC0063600 R
0xC0063640 R
0xC0063680 R
0xC00636C0 R
0xC0063700 R
0xC0063740 R
0xC0063780 R
0xC00637C0 R
0xC0063800 R
0xC0063840 R
0xC0063880 R
0xC00638C0 R
0xC0063900 R
0xC0063940 R
0xC0063980 R
0xC00639C0 R
0xC0063A00 R
0xC0063A40 R
0xC0063A80 R
0xC0063AC0 R
0xC0063B00 R
0xC0063B40 R
0xC0063B80 R
0xC0063BC0 R
0xC0063C00 R
0xC0063C40 R
0xC0063C80 R
0xC0063CC0 R
0xC0063D00 R
0xC0063D40 R
0xC0063D80 R
0xC0063DC0 R
0xC0063E00 R
0xC0063E40 R
0xC0063E80 R
0xC0063EC0 R
0xC0063F00 R
0xC0063F40 R
0xC0063F80 R
0xC0063FC0 R
0xC0064000 R
0xC0064040 R
0xC0064080 R
0xC00640C0 R
0xC0064100 R
0xC0064140 R
0xC0064180 R
0xC00641C0 R
0xC0064200 R
0xC0064240 R
0xC0064280 R
0xC00642C0 R
0xC0064300 R
0xC0064340 R
0xC0064380 R
0xC00643C0 R
0xC0064400 R
0xC0064440 R
0xC0064480 R
0xC00644C0 R
0xC0064500 R
0xC0064540 R
0xC0064580 R
0xC00645C0 R
0xC0064600 R
0xC0064640 R
0xC0064680 R
0xC00646C0 R
0xC0064700 R
0xC0064740 R
0xC0064780 R
0xC00647C0 R
0xC0064800 R
0xC0064840 R
0xC0064880 R
0xC00648C0 R
0xC0064900 R
0xC0064940 R
0xC0064980 R
0xC00649C0 R
0xC0064A00 R
0xC0064A40 R
0xC0064A80 R
0xC0064AC0 R
0xC0064B00 R
0xC0064B40 R
0xC0064B80 R
0xC0064BC0 R
0xC0064C00 R
0xC0064C40 R
0xC0064C80 R
0xC0064CC0 R
0xC0064D00 R
0xC0064D40 R
0xC0064D80 R
0xC0064DC0 R
0xC0064E00 R
0xC0064E40 R
0xC0064E80 R
0xC0064EC0 R
0xC0064F00 R
0xC0064F40 R
0xC0064F80 R
0xC0064FC0 R
0xC0065000 R
0xC0065040 R
0xC0065080 R
0xC00650C0 R
0xC0065100 R
0xC0065140 R
0xC0065180 R
0xC00651C0 R
0xC0065200 R
0xC0065240 R
0xC0065280 R
0xC00652C0 R
0xC0065300 R
0xC0065340 R
0xC0065380 R
0xC00653C0 R
0xC0065400 R
0xC0065440 R
0xC0065480 R
0xC00654C0 R
0xC0065500 R
0xC0065540 R
0xC0065580 R
0xC00655C0 R
0xC0065600 R
0xC0065640 R
0xC0065680 R
0xC00656C0 R
0xC0065700 R
0xC0065740 R
0xC0065780 R
0xC00657C0 R
0xC0065800 R
0xC0065840 R
0xC0065880 R
0xC00658C0 R
0xC0065900 R
0xC0065940 R
0xC0065980 R
0xC00659C0 R
0xC0065A00 R
0xC0065A40 R
0xC0065A80 R
0xC0065AC0 R
0xC0065B00 R
0xC0065B40 R
0xC0065B80 R
0xC0065BC0 R
0xC0065C00 R
0xC0065C40 R
0xC0065C80 R
0xC0065CC0 R
0xC0065D00 R
0xC0065D40 R
0xC0065D80 R
0xC0065DC0 R
0xC0065E00 R
0xC0065E40 R
0xC0065E80 R
0xC0065EC0 R
0xC0065F00 R
0xC0065F40 R
0xC0065F80 R
0xC0065FC0 R
0xC0066000 R
0xC0066040 R
0xC0066080 R
0xC00660C0 R
0xC0066100 R
0xC0066140 R
0xC0066180 R
0xC00661C0 R
0xC0066200 R
0xC0066240 R
0xC0066280 R
0xC00662C0 R
0xC0066300 R
0xC0066340 R
0xC0066380 R
0xC00663C0 R
0xC0066400 R
0xC0066440 R
0xC0066480 R
0xC00664C0 R
0xC0066500 R
0xC0066540 R
0xC0066580 R
0xC00665C0 R
0xC0066600 R
0xC0066640 R
0xC0066680 R
0xC00666C0 R
0xC0066700 R
0xC0066740 R
0xC0066780 R
0xC00667C0 R
0xC0066800 R
0xC0066840 R
0xC0066880 R
0xC00668C0 R
0xC0066900 R
0xC0066940 R
0xC0066980 R
0xC00669C0 R
0xC0066A00 R
0xC0066A40 R
0xC0066A80 R
0xC0066AC0 R
0xC0066B00 R
0xC0066B40 R
0xC0066B80 R
0xC0066BC0 R
0xC0066C00 R
0xC0066C40 R
0xC0066C80 R
0xC0066CC0 R
0xC0066D00 R
0xC0066D40 R
0xC0066D80 R
0xC0066DC0 R
0xC0066E00 R
0xC0066E40 R
0xC0066E80 R
0xC0066EC0 R
0xC0066F00 R
0xC0066F40 R
0xC0066F80 R
0xC0066FC0 R
0xC0067000 R
0xC0067040 R
0xC0067080 R
0xC00670C0 R
0xC0067100 R
0xC0067140 R
0xC0067180 R
0xC00671C0 R
0xC0067200 R
0xC0067240 R
0xC0067280 R
0xC00672C0 R
0xC0067300 R
0xC0067340 R
0xC0067380 R
0xC00673C0 R
0xC0067400 R
0xC0067440 R
0xC0067480 R
0xC00674C0 R
0xC0067500 R
0xC0067540 R
0xC0067580 R
0xC00675C0 R
0xC0067600 R
0xC0067640 R
0xC0067680 R
0xC00676C0 R
0xC0067700 R
0xC0067740 R
0xC0067780 R
0xC00677C0 R
0xC0067800 R
0xC0067840 R
0xC0067880 R
0xC00678C0 R
0xC0067900 R
0xC0067940 R
0xC0067980 R
0xC00679C0 R
0xC0067A00 R
0xC0067A40 R
0xC0067A80 R
0xC0067AC0 R
0xC0067B00 R
0xC0067B40 R
0xC0067B80 R
0xC0067BC0 R
0xC0067C00 R
0xC0067C40 R
0xC0067C80 R
0xC0067CC0 R
0xC0067D00 R
0xC0067D40 R
0xC0067D80 R
0xC0067DC0 R
0xC0067E00 R
0xC0067E40 R
0xC0067E80 R
0xC0067EC0 R
0xC0067F00 R
0xC0067F40 R
0xC0067F80 R
0xC0067FC0 R
0xC0068000 R
0xC0068040 R
0xC0068080 R
0xC00680C0 R
0xC0068100 R
0xC0068140 R
0xC0068180 R
0xC00681C0 R
0xC0068200 R
0xC0068240 R
0xC0068280 R
0xC00682C0 R
0xC0068300 R
0xC0068340 R
0xC0068380 R
0xC00683C0 R
0xC0068400 R
0xC0068440 R
0xC0068480 R
0xC00684C0 R
0xC0068500 R
0xC0068540 R
0xC0068580 R
0xC00685C0 R
0xC0068600 R
0xC0068640 R
0xC0068680 R
0xC00686C0 R
0xC0068700 R
0xC0068740 R
0xC0068780 R
0xC00687C0 R
0xC0068800 R
0xC0068840 R
0xC0068880 R
0xC00688C0 R
0xC0068900 R
0xC0068940 R
0xC0068980 R
0xC00689C0 R
0xC0068A00 R
0xC0068A40 R
0xC0068A80 R
0xC0068AC0 R
0xC0068B00 R
0xC0068B40 R
0xC0068B80 R
0xC0068BC0 R
0xC0068C00 R
0xC0068C40 R
0xC0068C80 R
0xC0068CC0 R
0xC0068D00 R
0xC0068D40 R
0xC0068D80 R
0xC0068DC0 R
0xC0068E00 R
0xC0068E40 R
0xC0068E80 R
0xC0068EC0 R
0xC0068F00 R
0xC0068F40 R
0xC0068F80 R
0xC0068FC0 R
0xC0069000 R
0xC0069040 R
0xC0069080 R
0xC00690C0 R
0xC0069100 R
0xC0069140 R
0xC0069180 R
0xC00691C0 R
0xC0069200 R
0xC0069240 R
0xC0069280 R
0xC00692C0 R
0xC0069300 R
0xC0069340 R
0xC0069380 R
0xC00693C0 R
0xC0069400 R
0xC0069440 R
0xC0069480 R
0xC00694C0 R
0xC0069500 R
0xC0069540 R
0xC0069580 R
0xC00695C0 R
0xC0069600 R
0xC0069640 R
0xC0069680 R
0xC00696C0 R
0xC0069700 R
0xC0069740 R
0xC0069780 R
0xC00697C0 R
0xC0069800 R
0xC0069840 R
0xC0069880 R
0xC00698C0 R
0xC0069900 R
0xC0069940 R
0xC0069980 R
0xC00699C0 R
0xC0069A00 R
0xC0069A40 R
0xC0069A80 R
0xC0069AC0 R
0xC0069B00 R
0xC0069B40 R
0xC0069B80 R
0xC0069BC0 R
0xC0069C00 R
0xC0069C40 R
0xC0069C80 R
0xC0069CC0 R
0xC0069D00 R
0xC0069D40 R
0xC0069D80 R
0xC0069DC0 R
0xC0069E00 R
0xC0069E40 R
0xC0069E80 R
0xC0069EC0 R
0xC0069F00 R
0xC0069F40 R
0xC0069F80 R
0xC0069FC0 R
0xC006A000 R
0xC006A040 R
0xC006A080 R
0xC006A0C0 R
0xC006A100 R
0xC006A140 R
0xC006A180 R
0xC006A1C0 R
0xC006A200 R
0xC006A240 R
0xC006A280 R
0xC006A2C0 R
0xC006A300 R
0xC006A340 R
0xC006A380 R
0xC006A3C0 R
0xC006A400 R
0xC006A440 R
0xC006A480 R
0xC006A4C0 R
0xC006A500 R
0xC006A540 R
0xC006A580 R
0xC006A5C0 R
0xC006A600 R
0xC006A640 R
0xC006A680 R
0xC006A6C0 R
0xC006A700 R
0xC006A740 R
0xC006A780 R
0xC006A7C0 R
0xC006A800 R
0xC006A840 R
0xC006A880 R
0xC006A8C0 R
0xC006A900 R
0xC006A940 R
0xC006A980 R
0xC006A9C0 R
0xC006AA00 R
0xC006AA40 R
0xC006AA80 R
0xC006AAC0 R
0xC006AB00 R
0xC006AB40 R
0xC006AB80 R
0xC006ABC0 R
0xC006AC00 R
0xC006AC40 R
0xC006AC80 R
0xC006ACC0 R
0xC006AD00 R
0xC006AD40 R
0xC006AD80 R
0xC006ADC0 R
0xC006AE00 R
0xC006AE40 R
0xC006AE80 R
0xC006AEC0 R
0xC006AF00 R
0xC006AF40 R
0xC006AF80 R
0xC006AFC0 R
0xC006B000 R
0xC006B040 R
0xC006B080 R
0xC006B0C0 R
0xC006B100 R
0xC006B140 R
0xC006B180 R
0xC006B1C0 R
0xC006B200 R
0xC006B240 R
0xC006B280 R
0xC006B2C0 R
0xC006B300 R
0xC006B340 R
0xC006B380 R
0xC006B3C0 R
0xC006B400 R
0xC006B440 R
0xC006B480 R
0xC006B4C0 R
0xC006B500 R
0xC006B540 R
0xC006B580 R
0xC006B5C0 R
0xC006B600 R
0xC006B640 R
0xC006B680 R
0xC006B6C0 R
0xC006B700 R
0xC006B740 R
0xC006B780 R
0xC006B7C0 R
0xC006B800 R
0xC006B840 R
0xC006B880 R
0xC006B8C0 R
0xC006B900 R
0xC006B940 R
0xC006B980 R
0xC006B9C0 R
0xC006BA00 R
0xC006BA40 R
0xC006BA80 R
0xC006BAC0 R
0xC006BB00 R
0xC006BB40 R
0xC006BB80 R
0xC006BBC0 R
0xC006BC00 R
0xC006BC40 R
0xC006BC80 R
0xC006BCC0 R
0xC006BD00 R
0xC006BD40 R
0xC006BD80 R
0xC006BDC0 R
0xC006BE00 R
0xC006BE40 R
0xC006BE80 R
0xC006BEC0 R
0xC006BF00 R
0xC006BF40 R
0xC006BF80 R
0xC006BFC0 R
0xC006C000 R
0xC006C040 R
0xC006C080 R
0xC006C0C0 R
0xC006C100 R
0xC006C140 R
0xC006C180 R
0xC006C1C0 R
0xC006C200 R
0xC006C240 R
0xC006C280 R
0xC006C2C0 R
0xC006C300 R
0xC006C340 R
0xC006C380 R
0xC006C3C0 R
0xC006C400 R
0xC006C440 R
0xC006C480 R
0xC006C4C0 R
0xC006C500 R
0xC006C540 R
0xC006C580 R
0xC006C5C0 R
0xC006C600 R
0xC006C640 R
0xC006C680 R
0xC006C6C0 R
0xC006C700 R
0xC006C740 R
0xC006C780 R
0xC006C7C0 R
0xC006C800 R
0xC006C840 R
0xC006C880 R
0xC006C8C0 R
0xC006C900 R
0xC006C940 R
0xC006C980 R
0xC006C9C0 R
0xC006CA00 R
0xC006CA40 R
0xC006CA80 R
0xC006CAC0 R
0xC006CB00 R
0xC006CB40 R
0xC006CB80 R
0xC006CBC0 R
0xC006CC00 R
0xC006CC40 R
0xC006CC80 R
0xC006CCC0 R
0xC006CD00 R
0xC006CD40 R
0xC006CD80 R
0xC006CDC0 R
0xC006CE00 R
0xC006CE40 R
0xC006CE80 R
0xC006CEC0 R
0xC006CF00 R
0xC006CF40 R
0xC006CF80 R
0xC006CFC0 R
0xC006D000 R
0xC006D040 R
0xC006D080 R
0xC006D0C0 R
0xC006D100 R
0xC006D140 R
0xC006D180 R
0xC006D1C0 R
0xC006D200 R
0xC006D240 R
0xC006D280 R
0xC006D2C0 R
0xC006D300 R
0xC006D340 R
0xC006D380 R
0xC006D3C0 R
0xC006D400 R
0xC006D440 R
0xC006D480 R
0xC006D4C0 R
0xC006D500 R
0xC006D540 R
0xC006D580 R
0xC006D5C0 R
0xC006D600 R
0xC006D640 R
0xC006D680 R
0xC006D6C0 R
0xC006D700 R
0xC006D740 R
0xC006D780 R
0xC006D7C0 R
0xC006D800 R
0xC006D840 R
0xC006D880 R
0xC006D8C0 R
0xC006D900 R
0xC006D940 R
0xC006D980 R
0xC006D9C0 R
0xC006DA00 R
0xC006DA40 R
0xC006DA80 R
0xC006DAC0 R
0xC006DB00 R
0xC006DB40 R
0xC006DB80 R
0xC006DBC0 R
0xC006DC00 R
0xC006DC40 R
0xC006DC80 R
0xC006DCC0 R
0xC006DD00 R
0xC006DD40 R
0xC006DD80 R
0xC006DDC0 R
0xC006DE00 R
0xC006DE40 R
0xC006DE80 R
0xC006DEC0 R
0xC006DF00 R
0xC006DF40 R
0xC006DF80 R
0xC006DFC0 R
0xC006E000 R
0xC006E040 R
0xC006E080 R
0xC006E0C0 R
0xC006E100 R
0xC006E140 R
0xC006E180 R
0xC006E1C0 R
0xC006E200 R
0xC006E240 R
0xC006E280 R
0xC006E2C0 R
0xC006E300 R
0xC006E340 R
0xC006E380 R
0xC006E3C0 R
0xC006E400 R
0xC006E440 R
0xC006E480 R
0xC006E4C0 R
0xC006E500 R
0xC006E540 R
0xC006E580 R
0xC006E5C0 R
0xC006E600 R
0xC006E640 R
0xC006E680 R
0xC006E6C0 R
0xC006E700 R
0xC006E740 R
0xC006E780 R
0xC006E7C0 R
0xC006E800 R
0xC006E840 R
0xC006E880 R
0xC006E8C0 R
0xC006E900 R
0xC006E940 R
0xC006E980 R
0xC006E9C0 R
0xC006EA00 R
0xC006EA40 R
0xC006EA80 R
0xC006EAC0 R
0xC006EB00 R
0xC006EB40 R
0xC006EB80 R
0xC006EBC0 R
0xC006EC00 R
0xC006EC40 R
0xC006EC80 R
0xC006ECC0 R
0xC006ED00 R
0xC006ED40 R
0xC006ED80 R
0xC006EDC0 R
0xC006EE00 R
0xC006EE40 R
0xC006EE80 R
0xC006EEC0 R
0xC006EF00 R
0xC006EF40 R
0xC006EF80 R
0xC006EFC0 R
0xC006F000 R
0xC006F040 R
0xC006F080 R
0xC006F0C0 R
0xC006F100 R
0xC006F140 R
0xC006F180 R
0xC006F1C0 R
0xC006F200 R
0xC006F240 R
0xC006F280 R
0xC006F2C0 R
0xC006F300 R
0xC006F340 R
0xC006F380 R
0xC006F3C0 R
0xC006F400 R
0xC006F440 R
0xC006F480 R
0xC006F4C0 R
0xC006F500 R
0xC006F540 R
0xC006F580 R
0xC006F5C0 R
0xC006F600 R
0xC006F640 R
0xC006F680 R
0xC006F6C0 R
0xC006F700 R
0xC006F740 R
0xC006F780 R
0xC006F7C0 R
0xC006F800 R
0xC006F840 R
0xC006F880 R
0xC006F8C0 R
0xC006F900 R
0xC006F940 R
0xC006F980 R
0xC006F9C0 R
0xC006FA00 R
0xC006FA40 R
0xC006FA80 R
0xC006FAC0 R
0xC006FB00 R
0xC006FB40 R
0xC006FB80 R
0xC006FBC0 R
0xC006FC00 R
0xC006FC40 R
0xC006FC80 R
0xC006FCC0 R
0xC006FD00 R
0xC006FD40 R
0xC006FD80 R
0xC006FDC0 R
0xC006FE00 R
0xC006FE40 R
0xC006FE80 R
0xC006FEC0 R
0xC006FF00 R
0xC006FF40 R
0xC006FF80 R
0xC006FFC0 R
0xA0070000 R
0xA0070040 R
0xA0070080 R
0xA00700C0 R
0xA0070100 R
0xA0070140 R
0xA0070180 R
0xA00701C0 R
0xA0070200 R
0xA0070240 R
0xA0070280 R
0xA00702C0 R
0xA0070300 R
0xA0070340 R
0xA0070380 R
0xA00703C0 R
0xA0070400 R
0xA0070440 R
0xA0070480 R
0xA00704C0 R
0xA0070500 R
0xA0070540 R
0xA0070580 R
0xA00705C0 R
0xA0070600 R
0xA0070640 R
0xA0070680 R
0xA00706C0 R
0xA0070700 R
0xA0070740 R
0xA0070780 R
0xA00707C0 R
0xA0070800 R
0xA0070840 R
0xA0070880 R
0xA00708C0 R
0xA0070900 R
0xA0070940 R
0xA0070980 R
0xA00709C0 R
0xA0070A00 R
0xA0070A40 R
0xA0070A80 R
0xA0070AC0 R
0xA0070B00 R
0xA0070B40 R
0xA0070B80 R
0xA0070BC0 R
0xA0070C00 R
0xA0070C40 R
0xA0070C80 R
0xA0070CC0 R
0xA0070D00 R
0xA0070D40 R
0xA0070D80 R
0xA0070DC0 R
0xA0070E00 R
0xA0070E40 R
0xA0070E80 R
0xA0070EC0 R
0xA0070F00 R
0xA0070F40 R
0xA0070F80 R
0xA0070FC0 R
0xA0071000 R
0xA0071040 R
0xA0071080 R
0xA00710C0 R
0xA0071100 R
0xA0071140 R
0xA0071180 R
0xA00711C0 R
0xA0071200 R
0xA0071240 R
0xA0071280 R
0xA00712C0 R
0xA0071300 R
0xA0071340 R
0xA0071380 R
0xA00713C0 R
0xA0071400 R
0xA0071440 R
0xA0071480 R
0xA00714C0 R
0xA0071500 R
0xA0071540 R
0xA0071580 R
0xA00715C0 R
0xA0071600 R
0xA0071640 R
0xA0071680 R
0xA00716C0 R
0xA0071700 R
0xA0071740 R
0xA0071780 R
0xA00717C0 R
0xA0071800 R
0xA0071840 R
0xA0071880 R
0xA00718C0 R
0xA0071900 R
0xA0071940 R
0xA0071980 R
0xA00719C0 R
0xA0071A00 R
0xA0071A40 R
0xA0071A80 R
0xA0071AC0 R
0xA0071B00 R
0xA0071B40 R
0xA0071B80 R
0xA0071BC0 R
0xA0071C00 R
0xA0071C40 R
0xA0071C80 R
0xA0071CC0 R
0xA0071D00 R
0xA0071D40 R
0xA0071D80 R
0xA0071DC0 R
0xA0071E00 R
0xA0071E40 R
0xA0071E80 R
0xA0071EC0 R
0xA0071F00 R
0xA0071F40 R
0xA0071F80 R
0xA0071FC0 R
0xA0072000 R
0xA0072040 R
0xA0072080 R
0xA00720C0 R
0xA0072100 R
0xA0072140 R
0xA0072180 R
0xA00721C0 R
0xA0072200 R
0xA0072240 R
0xA0072280 R
0xA00722C0 R
0xA0072300 R
0xA0072340 R
0xA0072380 R
0xA00723C0 R
0xA0072400 R
0xA0072440 R
0xA0072480 R
0xA00724C0 R
0xA0072500 R
0xA0072540 R
0xA0072580 R
0xA00725C0 R
0xA0072600 R
0xA0072640 R
0xA0072680 R
0xA00726C0 R
0xA0072700 R
0xA0072740 R
0xA0072780 R
0xA00727C0 R
0xA0072800 R
0xA0072840 R
0xA0072880 R
0xA00728C0 R
0xA0072900 R
0xA0072940 R
0xA0072980 R
0xA00729C0 R
0xA0072A00 R
0xA0072A40 R
0xA0072A80 R
0xA0072AC0 R
0xA0072B00 R
0xA0072B40 R
0xA0072B80 R
0xA0072BC0 R
0xA0072C00 R
0xA0072C40 R
0xA0072C80 R
0xA0072CC0 R
0xA0072D00 R
0xA0072D40 R
0xA0072D80 R
0xA0072DC0 R
0xA0072E00 R
0xA0072E40 R
0xA0072E80 R
0xA0072EC0 R
0xA0072F00 R
0xA0072F40 R
0xA0072F80 R
0xA0072FC0 R
0xA0073000 R
0xA0073040 R
0xA0073080 R
0xA00730C0 R
0xA0073100 R
0xA0073140 R
0xA0073180 R
0xA00731C0 R
0xA0073200 R
0xA0073240 R
0xA0073280 R
0xA00732C0 R
0xA0073300 R
0xA0073340 R
0xA0073380 R
0xA00733C0 R
0xA0073400 R
0xA0073440 R
0xA0073480 R
0xA00734C0 R
0xA0073500 R
0xA0073540 R
0xA0073580 R
0xA00735C0 R
0xA0073600 R
0xA0073640 R
0xA0073680 R
0xA00736C0 R
0xA0073700 R
0xA0073740 R
0xA0073780 R
0xA00737C0 R
0xA0073800 R
0xA0073840 R
0xA0073880 R
0xA00738C0 R
0xA0073900 R
0xA0073940 R
0xA0073980 R
0xA00739C0 R
0xA0073A00 R
0xA0073A40 R
0xA0073A80 R
0xA0073AC0 R
0xA0073B00 R
0xA0073B40 R
0xA0073B80 R
0xA0073BC0 R
0xA0073C00 R
0xA0073C40 R
0xA0073C80 R
0xA0073CC0 R
0xA0073D00 R
0xA0073D40 R
0xA0073D80 R
0xA0073DC0 R
0xA0073E00 R
0xA0073E40 R
0xA0073E80 R
0xA0073EC0 R
0xA0073F00 R
0xA0073F40 R
0xA0073F80 R
0xA0073FC0 R
0xA0074000 R
0xA0074040 R
0xA0074080 R
0xA00740C0 R
0xA0074100 R
0xA0074140 R
0xA0074180 R
0xA00741C0 R
0xA0074200 R
0xA0074240 R
0xA0074280 R
0xA00742C0 R
0xA0074300 R
0xA0074340 R
0xA0074380 R
0xA00743C0 R
0xA0074400 R
0xA0074440 R
0xA0074480 R
0xA00744C0 R
0xA0074500 R
0xA0074540 R
0xA0074580 R
0xA00745C0 R
0xA0074600 R
0xA0074640 R
0xA0074680 R
0xA00746C0 R
0xA0074700 R
0xA0074740 R
0xA0074780 R
0xA00747C0 R
0xA0074800 R
0xA0074840 R
0xA0074880 R
0xA00748C0 R
0xA0074900 R
0xA0074940 R
0xA0074980 R
0xA00749C0 R
0xA0074A00 R
0xA0074A40 R
0xA0074A80 R
0xA0074AC0 R
0xA0074B00 R
0xA0074B40 R
0xA0074B80 R
0xA0074BC0 R
0xA0074C00 R
0xA0074C40 R
0xA0074C80 R
0xA0074CC0 R
0xA0074D00 R
0xA0074D40 R
0xA0074D80 R
0xA0074DC0 R
0xA0074E00 R
0xA0074E40 R
0xA0074E80 R
0xA0074EC0 R
0xA0074F00 R
0xA0074F40 R
0xA0074F80 R
0xA0074FC0 R
0xA0075000 R
0xA0075040 R
0xA0075080 R
0xA00750C0 R
0xA0075100 R
0xA0075140 R
0xA0075180 R
0xA00751C0 R
0xA0075200 R
0xA0075240 R
0xA0075280 R
0xA00752C0 R
0xA0075300 R
0xA0075340 R
0xA0075380 R
0xA00753C0 R
0xA0075400 R
0xA0075440 R
0xA0075480 R
0xA00754C0 R
0xA0075500 R
0xA0075540 R
0xA0075580 R
0xA00755C0 R
0xA0075600 R
0xA0075640 R
0xA0075680 R
0xA00756C0 R
0xA0075700 R
0xA0075740 R
0xA0075780 R
0xA00757C0 R
0xA0075800 R
0xA0075840 R
0xA0075880 R
0xA00758C0 R
0xA0075900 R
0xA0075940 R
0xA0075980 R
0xA00759C0 R
0xA0075A00 R
0xA0075A40 R
0xA0075A80 R
0xA0075AC0 R
0xA0075B00 R
0xA0075B40 R
0xA0075B80 R
0xA0075BC0 R
0xA0075C00 R
0xA0075C40 R
0xA0075C80 R
0xA0075CC0 R
0xA0075D00 R
0xA0075D40 R
0xA0075D80 R
0xA0075DC0 R
0xA0075E00 R
0xA0075E40 R
0xA0075E80 R
0xA0075EC0 R
0xA0075F00 R
0xA0075F40 R
0xA0075F80 R
0xA0075FC0 R
0xA0076000 R
0xA0076040 R
0xA0076080 R
0xA00760C0 R
0xA0076100 R
0xA0076140 R
0xA0076180 R
0xA00761C0 R
0xA0076200 R
0xA0076240 R
0xA0076280 R
0xA00762C0 R
0xA0076300 R
0xA0076340 R
0xA0076380 R
0xA00763C0 R
0xA0076400 R
0xA0076440 R
0xA0076480 R
0xA00764C0 R
0xA0076500 R
0xA0076540 R
0xA0076580 R
0xA00765C0 R
0xA0076600 R
0xA0076640 R
0xA0076680 R
0xA00766C0 R
0xA0076700 R
0xA0076740 R
0xA0076780 R
0xA00767C0 R
0xA0076800 R
0xA0076840 R
0xA0076880 R
0xA00768C0 R
0xA0076900 R
0xA0076940 R
0xA0076980 R
0xA00769C0 R
0xA0076A00 R
0xA0076A40 R
0xA0076A80 R
0xA0076AC0 R
0xA0076B00 R
0xA0076B40 R
0xA0076B80 R
0xA0076BC0 R
0xA0076C00 R
0xA0076C40 R
0xA0076C80 R
0xA0076CC0 R
0xA0076D00 R
0xA0076D40 R
0xA0076D80 R
0xA0076DC0 R
0xA0076E00 R
0xA0076E40 R
0xA0076E80 R
0xA0076EC0 R
0xA0076F00 R
0xA0076F40 R
0xA0076F80 R
0xA0076FC0 R
0xA0077000 R
0xA0077040 R
0xA0077080 R
0xA00770C0 R
0xA0077100 R
0xA0077140 R
0xA0077180 R
0xA00771C0 R
0xA0077200 R
0xA0077240 R
0xA0077280 R
0xA00772C0 R
0xA0077300 R
0xA0077340 R
0xA0077380 R
0xA00773C0 R
0xA0077400 R
0xA0077440 R
0xA0077480 R
0xA00774C0 R
0xA0077500 R
0xA0077540 R
0xA0077580 R
0xA00775C0 R
0xA0077600 R
0xA0077640 R
0xA0077680 R
0xA00776C0 R
0xA0077700 R
0xA0077740 R
0xA0077780 R
0xA00777C0 R
0xA0077800 R
0xA0077840 R
0xA0077880 R
0xA00778C0 R
0xA0077900 R
0xA0077940 R
0xA0077980 R
0xA00779C0 R
0xA0077A00 R
0xA0077A40 R
0xA0077A80 R
0xA0077AC0 R
0xA0077B00 R
0xA0077B40 R
0xA0077B80 R
0xA0077BC0 R
0xA0077C00 R
0xA0077C40 R
0xA0077C80 R
0xA0077CC0 R
0xA0077D00 R
0xA0077D40 R
0xA0077D80 R
0xA0077DC0 R
0xA0077E00 R
0xA0077E40 R
0xA0077E80 R
0xA0077EC0 R
0xA0077F00 R
0xA0077F40 R
0xA0077F80 R
0xA0077FC0 R
0xA0078000 R
0xA0078040 R
0xA0078080 R
0xA00780C0 R
0xA0078100 R
0xA0078140 R
0xA0078180 R
0xA00781C0 R
0xA0078200 R
0xA0078240 R
0xA0078280 R
0xA00782C0 R
0xA0078300 R
0xA0078340 R
0xA0078380 R
0xA00783C0 R
0xA0078400 R
0xA0078440 R
0xA0078480 R
0xA00784C0 R
0xA0078500 R
0xA0078540 R
0xA0078580 R
0xA00785C0 R
0xA0078600 R
0xA0078640 R
0xA0078680 R
0xA00786C0 R
0xA0078700 R
0xA0078740 R
0xA0078780 R
0xA00787C0 R
0xA0078800 R
0xA0078840 R
0xA0078880 R
0xA00788C0 R
0xA0078900 R
0xA0078940 R
0xA0078980 R
0xA00789C0 R
0xA0078A00 R
0xA0078A40 R
0xA0078A80 R
0xA0078AC0 R
0xA0078B00 R
0xA0078B40 R
0xA0078B80 R
0xA0078BC0 R
0xA0078C00 R
0xA0078C40 R
0xA0078C80 R
0xA0078CC0 R
0xA0078D00 R
0xA0078D40 R
0xA0078D80 R
0xA0078DC0 R
0xA0078E00 R
0xA0078E40 R
0xA0078E80 R
0xA0078EC0 R
0xA0078F00 R
0xA0078F40 R
0xA0078F80 R
0xA0078FC0 R
0xA0079000 R
0xA0079040 R
0xA0079080 R
0xA00790C0 R
0xA0079100 R
0xA0079140 R
0xA0079180 R
0xA00791C0 R
0xA0079200 R
0xA0079240 R
0xA0079280 R
0xA00792C0 R
0xA0079300 R
0xA0079340 R
0xA0079380 R
0xA00793C0 R
0xA0079400 R
0xA0079440 R
0xA0079480 R
0xA00794C0 R
0xA0079500 R
0xA0079540 R
0xA0079580 R
0xA00795C0 R
0xA0079600 R
0xA0079640 R
0xA0079680 R
0xA00796C0 R
0xA0079700 R
0xA0079740 R
0xA0079780 R
0xA00797C0 R
0xA0079800 R
0xA0079840 R
0xA0079880 R
0xA00798C0 R
0xA0079900 R
0xA0079940 R
0xA0079980 R
0xA00799C0 R
0xA0079A00 R
0xA0079A40 R
0xA0079A80 R
0xA0079AC0 R
0xA0079B00 R
0xA0079B40 R
0xA0079B80 R
0xA0079BC0 R
0xA0079C00 R
0xA0079C40 R
0xA0079C80 R
0xA0079CC0 R
0xA0079D00 R
0xA0079D40 R
0xA0079D80 R
0xA0079DC0 R
0xA0079E00 R
0xA0079E40 R
0xA0079E80 R
0xA0079EC0 R
0xA0079F00 R
0xA0079F40 R
0xA0079F80 R
0xA0079FC0 R
0xA007A000 R
0xA007A040 R
0xA007A080 R
0xA007A0C0 R
0xA007A100 R
0xA007A140 R
0xA007A180 R
0xA007A1C0 R
0xA007A200 R
0xA007A240 R
0xA007A280 R
0xA007A2C0 R
0xA007A300 R
0xA007A340 R
0xA007A380 R
0xA007A3C0 R
0xA007A400 R
0xA007A440 R
0xA007A480 R
0xA007A4C0 R
0xA007A500 R
0xA007A540 R
0xA007A580 R
0xA007A5C0 R
0xA007A600 R
0xA007A640 R
0xA007A680 R
0xA007A6C0 R
0xA007A700 R
0xA007A740 R
0xA007A780 R
0xA007A7C0 R
0xA007A800 R
0xA007A840 R
0xA007A880 R
0xA007A8C0 R
0xA007A900 R
0xA007A940 R
0xA007A980 R
0xA007A9C0 R
0xA007AA00 R
0xA007AA40 R
0xA007AA80 R
0xA007AAC0 R
0xA007AB00 R
0xA007AB40 R
0xA007AB80 R
0xA007ABC0 R
0xA007AC00 R
0xA007AC40 R
0xA007AC80 R
0xA007ACC0 R
0xA007AD00 R
0xA007AD40 R
0xA007AD80 R
0xA007ADC0 R
0xA007AE00 R
0xA007AE40 R
0xA007AE80 R
0xA007AEC0 R
0xA007AF00 R
0xA007AF40 R
0xA007AF80 R
0xA007AFC0 R
0xA007B000 R
0xA007B040 R
0xA007B080 R
0xA007B0C0 R
0xA007B100 R
0xA007B140 R
0xA007B180 R
0xA007B1C0 R
0xA007B200 R
0xA007B240 R
0xA007B280 R
0xA007B2C0 R
0xA007B300 R
0xA007B340 R
0xA007B380 R
0xA007B3C0 R
0xA007B400 R
0xA007B440 R
0xA007B480 R
0xA007B4C0 R
0xA007B500 R
0xA007B540 R
0xA007B580 R
0xA007B5C0 R
0xA007B600 R
0xA007B640 R
0xA007B680 R
0xA007B6C0 R
0xA007B700 R
0xA007B740 R
0xA007B780 R
0xA007B7C0 R
0xA007B800 R
0xA007B840 R
0xA007B880 R
0xA007B8C0 R
0xA007B900 R
0xA007B940 R
0xA007B980 R
0xA007B9C0 R
0xA007BA00 R
0xA007BA40 R
0xA007BA80 R
0xA007BAC0 R
0xA007BB00 R
0xA007BB40 R
0xA007BB80 R
0xA007BBC0 R
0xA007BC00 R
0xA007BC40 R
0xA007BC80 R
0xA007BCC0 R
0xA007BD00 R
0xA007BD40 R
0xA007BD80 R
0xA007BDC0 R
0xA007BE00 R
0xA007BE40 R
0xA007BE80 R
0xA007BEC0 R
0xA007BF00 R
0xA007BF40 R
0xA007BF80 R
0xA007BFC0 R
0xA007C000 R
0xA007C040 R
0xA007C080 R
0xA007C0C0 R
0xA007C100 R
0xA007C140 R
0xA007C180 R
0xA007C1C0 R
0xA007C200 R
0xA007C240 R
0xA007C280 R
0xA007C2C0 R
0xA007C300 R
0xA007C340 R
0xA007C380 R
0xA007C3C0 R
0xA007C400 R
0xA007C440 R
0xA007C480 R
0xA007C4C0 R
0xA007C500 R
0xA007C540 R
0xA007C580 R
0xA007C5C0 R
0xA007C600 R
0xA007C640 R
0xA007C680 R
0xA007C6C0 R
0xA007C700 R
0xA007C740 R
0xA007C780 R
0xA007C7C0 R
0xA007C800 R
0xA007C840 R
0xA007C880 R
0xA007C8C0 R
0xA007C900 R
0xA007C940 R
0xA007C980 R
0xA007C9C0 R
0xA007CA00 R
0xA007CA40 R
0xA007CA80 R
0xA007CAC0 R
0xA007CB00 R
0xA007CB40 R
0xA007CB80 R
0xA007CBC0 R
0xA007CC00 R
0xA007CC40 R
0xA007CC80 R
0xA007CCC0 R
0xA007CD00 R
0xA007CD40 R
0xA007CD80 R
0xA007CDC0 R
0xA007CE00 R
0xA007CE40 R
0xA007CE80 R
0xA007CEC0 R
0xA007CF00 R
0xA007CF40 R
0xA007CF80 R
0xA007CFC0 R
0xA007D000 R
0xA007D040 R
0xA007D080 R
0xA007D0C0 R
0xA007D100 R
0xA007D140 R
0xA007D180 R
0xA007D1C0 R
0xA007D200 R
0xA007D240 R
0xA007D280 R
0xA007D2C0 R
0xA007D300 R
0xA007D340 R
0xA007D380 R
0xA007D3C0 R
0xA007D400 R
0xA007D440 R
0xA007D480 R
0xA007D4C0 R
0xA007D500 R
0xA007D540 R
0xA007D580 R
0xA007D5C0 R
0xA007D600 R
0xA007D640 R
0xA007D680 R
0xA007D6C0 R
0xA007D700 R
0xA007D740 R
0xA007D780 R
0xA007D7C0 R
0xA007D800 R
0xA007D840 R
0xA007D880 R
0xA007D8C0 R
0xA007D900 R
0xA007D940 R
0xA007D980 R
0xA007D9C0 R
0xA007DA00 R
0xA007DA40 R
0xA007DA80 R
0xA007DAC0 R
0xA007DB00 R
0xA007DB40 R
0xA007DB80 R
0xA007DBC0 R
0xA007DC00 R
0xA007DC40 R
0xA007DC80 R
0xA007DCC0 R
0xA007DD00 R
0xA007DD40 R
0xA007DD80 R
0xA007DDC0 R
0xA007DE00 R
0xA007DE40 R
0xA007DE80 R
0xA007DEC0 R
0xA007DF00 R
0xA007DF40 R
0xA007DF80 R
0xA007DFC0 R
0xA007E000 R
0xA007E040 R
0xA007E080 R
0xA007E0C0 R
0xA007E100 R
0xA007E140 R
0xA007E180 R
0xA007E1C0 R
0xA007E200 R
0xA007E240 R
0xA007E280 R
0xA007E2C0 R
0xA007E300 R
0xA007E340 R
0xA007E380 R
0xA007E3C0 R
0xA007E400 R
0xA007E440 R
0xA007E480 R
0xA007E4C0 R
0xA007E500 R
0xA007E540 R
0xA007E580 R
0xA007E5C0 R
0xA007E600 R
0xA007E640 R
0xA007E680 R
0xA007E6C0 R
0xA007E700 R
0xA007E740 R
0xA007E780 R
0xA007E7C0 R
0xA007E800 R
0xA007E840 R
0xA007E880 R
0xA007E8C0 R
0xA007E900 R
0xA007E940 R
0xA007E980 R
0xA007E9C0 R
0xA007EA00 R
0xA007EA40 R
0xA007EA80 R
0xA007EAC0 R
0xA007EB00 R
0xA007EB40 R
0xA007EB80 R
0xA007EBC0 R
0xA007EC00 R
0xA007EC40 R
0xA007EC80 R
0xA007ECC0 R
0xA007ED00 R
0xA007ED40 R
0xA007ED80 R
0xA007EDC0 R
0xA007EE00 R
0xA007EE40 R
0xA007EE80 R
0xA007EEC0 R
0xA007EF00 R
0xA007EF40 R
0xA007EF80 R
0xA007EFC0 R
0xA007F000 R
0xA007F040 R
0xA007F080 R
0xA007F0C0 R
0xA007F100 R
0xA007F140 R
0xA007F180 R
0xA007F1C0 R
0xA007F200 R
0xA007F240 R
0xA007F280 R
0xA007F2C0 R
0xA007F300 R
0xA007F340 R
0xA007F380 R
0xA007F3C0 R
0xA007F400 R
0xA007F440 R
0xA007F480 R
0xA007F4C0 R
0xA007F500 R
0xA007F540 R
0xA007F580 R
0xA007F5C0 R
0xA007F600 R
0xA007F640 R
0xA007F680 R
0xA007F6C0 R
0xA007F700 R
0xA007F740 R
0xA007F780 R
0xA007F7C0 R
0xA007F800 R
0xA007F840 R
0xA007F880 R
0xA007F8C0 R
0xA007F900 R
0xA007F940 R
0xA007F980 R
0xA007F9C0 R
0xA007FA00 R
0xA007FA40 R
0xA007FA80 R
0xA007FAC0 R
0xA007FB00 R
0xA007FB40 R
0xA007FB80 R
0xA007FBC0 R
0xA007FC00 R
0xA007FC40 R
0xA007FC80 R
0xA007FCC0 R
0xA007FD00 R
0xA007FD40 R
0xA007FD80 R
0xA007FDC0 R
0xA007FE00 R
0xA007FE40 R
0xA007FE80 R
0xA007FEC0 R
0xA007FF00 R
0xA007FF40 R
0xA007FF80 R
0xA007FFC0 R
0xC0070000 W
0xC0070040 W
0xC0070080 W
0xC00700C0 W
0xC0070100 W
0xC0070140 W
0xC0070180 W
0xC00701C0 W
0xC0070200 W
0xC0070240 W
0xC0070280 W
0xC00702C0 W
0xC0070300 W
0xC0070340 W
0xC0070380 W
0xC00703C0 W
0xC0070400 W
0xC0070440 W
0xC0070480 W
0xC00704C0 W
0xC0070500 W
0xC0070540 W
0xC0070580 W
0xC00705C0 W
0xC0070600 W
0xC0070640 W
0xC0070680 W
0xC00706C0 W
0xC0070700 W
0xC0070740 W
0xC0070780 W
0xC00707C0 W
0xC0070800 W
0xC0070840 W
0xC0070880 W
0xC00708C0 W
0xC0070900 W
0xC0070940 W
0xC0070980 W
0xC00709C0 W
0xC0070A00 W
0xC0070A40 W
0xC0070A80 W
0xC0070AC0 W
0xC0070B00 W
0xC0070B40 W
0xC0070B80 W
0xC0070BC0 W
0xC0070C00 W
0xC0070C40 W
0xC0070C80 W
0xC0070CC0 W
0xC0070D00 W
0xC0070D40 W
0xC0070D80 W
0xC0070DC0 W
0xC0070E00 W
0xC0070E40 W
0xC0070E80 W
0xC0070EC0 W
0xC0070F00 W
0xC0070F40 W
0xC0070F80 W
0xC0070FC0 W
0xC0071000 W
0xC0071040 W
0xC0071080 W
0xC00710C0 W
0xC0071100 W
0xC0071140 W
0xC0071180 W
0xC00711C0 W
0xC0071200 W
0xC0071240 W
0xC0071280 W
0xC00712C0 W
0xC0071300 W
0xC0071340 W
0xC0071380 W
0xC00713C0 W
0xC0071400 W
0xC0071440 W
0xC0071480 W
0xC00714C0 W
0xC0071500 W
0xC0071540 W
0xC0071580 W
0xC00715C0 W
0xC0071600 W
0xC0071640 W
0xC0071680 W
0xC00716C0 W
0xC0071700 W
0xC0071740 W
0xC0071780 W
0xC00717C0 W
0xC0071800 W
0xC0071840 W
0xC0071880 W
0xC00718C0 W
0xC0071900 W
0xC0071940 W
0xC0071980 W
0xC00719C0 W
0xC0071A00 W
0xC0071A40 W
0xC0071A80 W
0xC0071AC0 W
0xC0071B00 W
0xC0071B40 W
0xC0071B80 W
0xC0071BC0 W
0xC0071C00 W
0xC0071C40 W
0xC0071C80 W
0xC0071CC0 W
0xC0071D00 W
0xC0071D40 W
0xC0071D80 W
0xC0071DC0 W
0xC0071E00 W
0xC0071E40 W
0xC0071E80 W
0xC0071EC0 W
0xC0071F00 W
0xC0071F40 W
0xC0071F80 W
0xC0071FC0 W
0xC0072000 W
0xC0072040 W
0xC0072080 W
0xC00720C0 W
0xC0072100 W
0xC0072140 W
0xC0072180 W
0xC00721C0 W
0xC0072200 W
0xC0072240 W
0xC0072280 W
0xC00722C0 W
0xC0072300 W
0xC0072340 W
0xC0072380 W
0xC00723C0 W
0xC0072400 W
0xC0072440 W
0xC0072480 W
0xC00724C0 W
0xC0072500 W
0xC0072540 W
0xC0072580 W
0xC00725C0 W
0xC0072600 W
0xC0072640 W
0xC0072680 W
0xC00726C0 W
0xC0072700 W
0xC0072740 W
0xC0072780 W
0xC00727C0 W
0xC0072800 W
0xC0072840 W
0xC0072880 W
0xC00728C0 W
0xC0072900 W
0xC0072940 W
0xC0072980 W
0xC00729C0 W
0xC0072A00 W
0xC0072A40 W
0xC0072A80 W
0xC0072AC0 W
0xC0072B00 W
0xC0072B40 W
0xC0072B80 W
0xC0072BC0 W
0xC0072C00 W
0xC0072C40 W
0xC0072C80 W
0xC0072CC0 W
0xC0072D00 W
0xC0072D40 W
0xC0072D80 W
0xC0072DC0 W
0xC0072E00 W
0xC0072E40 W
0xC0072E80 W
0xC0072EC0 W
0xC0072F00 W
0xC0072F40 W
0xC0072F80 W
0xC0072FC0 W
0xC0073000 W
0xC0073040 W
0xC0073080 W
0xC00730C0 W
0xC0073100 W
0xC0073140 W
0xC0073180 W
0xC00731C0 W
0xC0073200 W
0xC0073240 W
0xC0073280 W
0xC00732C0 W
0xC0073300 W
0xC0073340 W
0xC0073380 W
0xC00733C0 W
0xC0073400 W
0xC0073440 W
0xC0073480 W
0xC00734C0 W
0xC0073500 W
0xC0073540 W
0xC0073580 W
0xC00735C0 W
0xC0073600 W
0xC0073640 W
0xC0073680 W
0xC00736C0 W
0xC0073700 W
0xC0073740 W
0xC0073780 W
0xC00737C0 W
0xC0073800 W
0xC0073840 W
0xC0073880 W
0xC00738C0 W
0xC0073900 W
0xC0073940 W
0xC0073980 W
0xC00739C0 W
0xC0073A00 W
0xC0073A40 W
0xC0073A80 W
0xC0073AC0 W
0xC0073B00 W
0xC0073B40 W
0xC0073B80 W
0xC0073BC0 W
0xC0073C00 W
0xC0073C40 W
0xC0073C80 W
0xC0073CC0 W
0xC0073D00 W
0xC0073D40 W
0xC0073D80 W
0xC0073DC0 W
0xC0073E00 W
0xC0073E40 W
0xC0073E80 W
0xC0073EC0 W
0xC0073F00 W
0xC0073F40 W
0xC0073F80 W
0xC0073FC0 W
0xC0074000 W
0xC0074040 W
0xC0074080 W
0xC00740C0 W
0xC0074100 W
0xC0074140 W
0xC0074180 W
0xC00741C0 W
0xC0074200 W
0xC0074240 W
0xC0074280 W
0xC00742C0 W
0xC0074300 W
0xC0074340 W
0xC0074380 W
0xC00743C0 W
0xC0074400 W
0xC0074440 W
0xC0074480 W
0xC00744C0 W
0xC0074500 W
0xC0074540 W
0xC0074580 W
0xC00745C0 W
0xC0074600 W
0xC0074640 W
0xC0074680 W
0xC00746C0 W
0xC0074700 W
0xC0074740 W
0xC0074780 W
0xC00747C0 W
0xC0074800 W
0xC0074840 W
0xC0074880 W
0xC00748C0 W
0xC0074900 W
0xC0074940 W
0xC0074980 W
0xC00749C0 W
0xC0074A00 W
0xC0074A40 W
0xC0074A80 W
0xC0074AC0 W
0xC0074B00 W
0xC0074B40 W
0xC0074B80 W
0xC0074BC0 W
0xC0074C00 W
0xC0074C40 W
0xC0074C80 W
0xC0074CC0 W
0xC0074D00 W
0xC0074D40 W
0xC0074D80 W
0xC0074DC0 W
0xC0074E00 W
0xC0074E40 W
0xC0074E80 W
0xC0074EC0 W
0xC0074F00 W
0xC0074F40 W
0xC0074F80 W
0xC0074FC0 W
0xC0075000 W
0xC0075040 W
0xC0075080 W
0xC00750C0 W
0xC0075100 W
0xC0075140 W
0xC0075180 W
0xC00751C0 W
0xC0075200 W
0xC0075240 W
0xC0075280 W
0xC00752C0 W
0xC0075300 W
0xC0075340 W
0xC0075380 W
0xC00753C0 W
0xC0075400 W
0xC0075440 W
0xC0075480 W
0xC00754C0 W
0xC0075500 W
0xC0075540 W
0xC0075580 W
0xC00755C0 W
0xC0075600 W
0xC0075640 W
0xC0075680 W
0xC00756C0 W
0xC0075700 W
0xC0075740 W
0xC0075780 W
0xC00757C0 W
0xC0075800 W
0xC0075840 W
0xC0075880 W
0xC00758C0 W
0xC0075900 W
0xC0075940 W
0xC0075980 W
0xC00759C0 W
0xC0075A00 W
0xC0075A40 W
0xC0075A80 W
0xC0075AC0 W
0xC0075B00 W
0xC0075B40 W
0xC0075B80 W
0xC0075BC0 W
0xC0075C00 W
0xC0075C40 W
0xC0075C80 W
0xC0075CC0 W
0xC0075D00 W
0xC0075D40 W
0xC0075D80 W
0xC0075DC0 W
0xC0075E00 W
0xC0075E40 W
0xC0075E80 W
0xC0075EC0 W
0xC0075F00 W
0xC0075F40 W
0xC0075F80 W
0xC0075FC0 W
0xC0076000 W
0xC0076040 W
0xC0076080 W
0xC00760C0 W
0xC0076100 W
0xC0076140 W
0xC0076180 W
0xC00761C0 W
0xC0076200 W
0xC0076240 W
0xC0076280 W
0xC00762C0 W
0xC0076300 W
0xC0076340 W
0xC0076380 W
0xC00763C0 W
0xC0076400 W
0xC0076440 W
0xC0076480 W
0xC00764C0 W
0xC0076500 W
0xC0076540 W
0xC0076580 W
0xC00765C0 W
0xC0076600 W
0xC0076640 W
0xC0076680 W
0xC00766C0 W
0xC0076700 W
0xC0076740 W
0xC0076780 W
0xC00767C0 W
0xC0076800 W
0xC0076840 W
0xC0076880 W
0xC00768C0 W
0xC0076900 W
0xC0076940 W
0xC0076980 W
0xC00769C0 W
0xC0076A00 W
0xC0076A40 W
0xC0076A80 W
0xC0076AC0 W
0xC0076B00 W
0xC0076B40 W
0xC0076B80 W
0xC0076BC0 W
0xC0076C00 W
0xC0076C40 W
0xC0076C80 W
0xC0076CC0 W
0xC0076D00 W
0xC0076D40 W
0xC0076D80 W
0xC0076DC0 W
0xC0076E00 W
0xC0076E40 W
0xC0076E80 W
0xC0076EC0 W
0xC0076F00 W
0xC0076F40 W
0xC0076F80 W
0xC0076FC0 W
0xC0077000 W
0xC0077040 W
0xC0077080 W
0xC00770C0 W
0xC0077100 W
0xC0077140 W
0xC0077180 W
0xC00771C0 W
0xC0077200 W
0xC0077240 W
0xC0077280 W
0xC00772C0 W
0xC0077300 W
0xC0077340 W
0xC0077380 W
0xC00773C0 W
0xC0077400 W
0xC0077440 W
0xC0077480 W
0xC00774C0 W
0xC0077500 W
0xC0077540 W
0xC0077580 W
0xC00775C0 W
0xC0077600 W
0xC0077640 W
0xC0077680 W
0xC00776C0 W
0xC0077700 W
0xC0077740 W
0xC0077780 W
0xC00777C0 W
0xC0077800 W
0xC0077840 W
0xC0077880 W
0xC00778C0 W
0xC0077900 W
0xC0077940 W
0xC0077980 W
0xC00779C0 W
0xC0077A00 W
0xC0077A40 W
0xC0077A80 W
0xC0077AC0 W
0xC0077B00 W
0xC0077B40 W
0xC0077B80 W
0xC0077BC0 W
0xC0077C00 W
0xC0077C40 W
0xC0077C80 W
0xC0077CC0 W
0xC0077D00 W
0xC0077D40 W
0xC0077D80 W
0xC0077DC0 W
0xC0077E00 W
0xC0077E40 W
0xC0077E80 W
0xC0077EC0 W
0xC0077F00 W
0xC0077F40 W
0xC0077F80 W
0xC0077FC0 W
0xC0078000 W
0xC0078040 W
0xC0078080 W
0xC00780C0 W
0xC0078100 W
0xC0078140 W
0xC0078180 W
0xC00781C0 W
0xC0078200 W
0xC0078240 W
0xC0078280 W
0xC00782C0 W
0xC0078300 W
0xC0078340 W
0xC0078380 W
0xC00783C0 W
0xC0078400 W
0xC0078440 W
0xC0078480 W
0xC00784C0 W
0xC0078500 W
0xC0078540 W
0xC0078580 W
0xC00785C0 W
0xC0078600 W
0xC0078640 W
0xC0078680 W
0xC00786C0 W
0xC0078700 W
0xC0078740 W
0xC0078780 W
0xC00787C0 W
0xC0078800 W
0xC0078840 W
0xC0078880 W
0xC00788C0 W
0xC0078900 W
0xC0078940 W
0xC0078980 W
0xC00789C0 W
0xC0078A00 W
0xC0078A40 W
0xC0078A80 W
0xC0078AC0 W
0xC0078B00 W
0xC0078B40 W
0xC0078B80 W
0xC0078BC0 W
0xC0078C00 W
0xC0078C40 W
0xC0078C80 W
0xC0078CC0 W
0xC0078D00 W
0xC0078D40 W
0xC0078D80 W
0xC0078DC0 W
0xC0078E00 W
0xC0078E40 W
0xC0078E80 W
0xC0078EC0 W
0xC0078F00 W
0xC0078F40 W
0xC0078F80 W
0xC0078FC0 W
0xC0079000 W
0xC0079040 W
0xC0079080 W
0xC00790C0 W
0xC0079100 W
0xC0079140 W
0xC0079180 W
0xC00791C0 W
0xC0079200 W
0xC0079240 W
0xC0079280 W
0xC00792C0 W
0xC0079300 W
0xC0079340 W
0xC0079380 W
0xC00793C0 W
0xC0079400 W
0xC0079440 W
0xC0079480 W
0xC00794C0 W
0xC0079500 W
0xC0079540 W
0xC0079580 W
0xC00795C0 W
0xC0079600 W
0xC0079640 W
0xC0079680 W
0xC00796C0 W
0xC0079700 W
0xC0079740 W
0xC0079780 W
0xC00797C0 W
0xC0079800 W
0xC0079840 W
0xC0079880 W
0xC00798C0 W
0xC0079900 W
0xC0079940 W
0xC0079980 W
0xC00799C0 W
0xC0079A00 W
0xC0079A40 W
0xC0079A80 W
0xC0079AC0 W
0xC0079B00 W
0xC0079B40 W
0xC0079B80 W
0xC0079BC0 W
0xC0079C00 W
0xC0079C40 W
0xC0079C80 W
0xC0079CC0 W
0xC0079D00 W
0xC0079D40 W
0xC0079D80 W
0xC0079DC0 W
0xC0079E00 W
0xC0079E40 W
0xC0079E80 W
0xC0079EC0 W
0xC0079F00 W
0xC0079F40 W
0xC0079F80 W
0xC0079FC0 W
0xC007A000 W
0xC007A040 W
0xC007A080 W
0xC007A0C0 W
0xC007A100 W
0xC007A140 W
0xC007A180 W
0xC007A1C0 W
0xC007A200 W
0xC007A240 W
0xC007A280 W
0xC007A2C0 W
0xC007A300 W
0xC007A340 W
0xC007A380 W
0xC007A3C0 W
0xC007A400 W
0xC007A440 W
0xC007A480 W
0xC007A4C0 W
0xC007A500 W
0xC007A540 W
0xC007A580 W
0xC007A5C0 W
0xC007A600 W
0xC007A640 W
0xC007A680 W
0xC007A6C0 W
0xC007A700 W
0xC007A740 W
0xC007A780 W
0xC007A7C0 W
0xC007A800 W
0xC007A840 W
0xC007A880 W
0xC007A8C0 W
0xC007A900 W
0xC007A940 W
0xC007A980 W
0xC007A9C0 W
0xC007AA00 W
0xC007AA40 W
0xC007AA80 W
0xC007AAC0 W
0xC007AB00 W
0xC007AB40 W
0xC007AB80 W
0xC007ABC0 W
0xC007AC00 W
0xC007AC40 W
0xC007AC80 W
0xC007ACC0 W
0xC007AD00 W
0xC007AD40 W
0xC007AD80 W
0xC007ADC0 W
0xC007AE00 W
0xC007AE40 W
0xC007AE80 W
0xC007AEC0 W
0xC007AF00 W
0xC007AF40 W
0xC007AF80 W
0xC007AFC0 W
0xC007B000 W
0xC007B040 W
0xC007B080 W
0xC007B0C0 W
0xC007B100 W
0xC007B140 W
0xC007B180 W
0xC007B1C0 W
0xC007B200 W
0xC007B240 W
0xC007B280 W
0xC007B2C0 W
0xC007B300 W
0xC007B340 W
0xC007B380 W
0xC007B3C0 W
0xC007B400 W
0xC007B440 W
0xC007B480 W
0xC007B4C0 W
0xC007B500 W
0xC007B540 W
0xC007B580 W
0xC007B5C0 W
0xC007B600 W
0xC007B640 W
0xC007B680 W
0xC007B6C0 W
0xC007B700 W
0xC007B740 W
0xC007B780 W
0xC007B7C0 W
0xC007B800 W
0xC007B840 W
0xC007B880 W
0xC007B8C0 W
0xC007B900 W
0xC007B940 W
0xC007B980 W
0xC007B9C0 W
0xC007BA00 W
0xC007BA40 W
0xC007BA80 W
0xC007BAC0 W
0xC007BB00 W
0xC007BB40 W
0xC007BB80 W
0xC007BBC0 W
0xC007BC00 W
0xC007BC40 W
0xC007BC80 W
0xC007BCC0 W
0xC007BD00 W
0xC007BD40 W
0xC007BD80 W
0xC007BDC0 W
0xC007BE00 W
0xC007BE40 W
0xC007BE80 W
0xC007BEC0 W
0xC007BF00 W
0xC007BF40 W
0xC007BF80 W
0xC007BFC0 W
0xC007C000 W
0xC007C040 W
0xC007C080 W
0xC007C0C0 W
0xC007C100 W
0xC007C140 W
0xC007C180 W
0xC007C1C0 W
0xC007C200 W
0xC007C240 W
0xC007C280 W
0xC007C2C0 W
0xC007C300 W
0xC007C340 W
0xC007C380 W
0xC007C3C0 W
0xC007C400 W
0xC007C440 W
0xC007C480 W
0xC007C4C0 W
0xC007C500 W
0xC007C540 W
0xC007C580 W
0xC007C5C0 W
0xC007C600 W
0xC007C640 W
0xC007C680 W
0xC007C6C0 W
0xC007C700 W
0xC007C740 W
0xC007C780 W
0xC007C7C0 W
0xC007C800 W
0xC007C840 W
0xC007C880 W
0xC007C8C0 W
0xC007C900 W
0xC007C940 W
0xC007C980 W
0xC007C9C0 W
0xC007CA00 W
0xC007CA40 W
0xC007CA80 W
0xC007CAC0 W
0xC007CB00 W
0xC007CB40 W
0xC007CB80 W
0xC007CBC0 W
0xC007CC00 W
0xC007CC40 W
0xC007CC80 W
0xC007CCC0 W
0xC007CD00 W
0xC007CD40 W
0xC007CD80 W
0xC007CDC0 W
0xC007CE00 W
0xC007CE40 W
0xC007CE80 W
0xC007CEC0 W
0xC007CF00 W
0xC007CF40 W
0xC007CF80 W
0xC007CFC0 W
0xC007D000 W
0xC007D040 W
0xC007D080 W
0xC007D0C0 W
0xC007D100 W
0xC007D140 W
0xC007D180 W
0xC007D1C0 W
0xC007D200 W
0xC007D240 W
0xC007D280 W
0xC007D2C0 W
0xC007D300 W
0xC007D340 W
0xC007D380 W
0xC007D3C0 W
0xC007D400 W
0xC007D440 W
0xC007D480 W
0xC007D4C0 W
0xC007D500 W
0xC007D540 W
0xC007D580 W
0xC007D5C0 W
0xC007D600 W
0xC007D640 W
0xC007D680 W
0xC007D6C0 W
0xC007D700 W
0xC007D740 W
0xC007D780 W
0xC007D7C0 W
0xC007D800 W
0xC007D840 W
0xC007D880 W
0xC007D8C0 W
0xC007D900 W
0xC007D940 W
0xC007D980 W
0xC007D9C0 W
0xC007DA00 W
0xC007DA40 W
0xC007DA80 W
0xC007DAC0 W
0xC007DB00 W
0xC007DB40 W
0xC007DB80 W
0xC007DBC0 W
0xC007DC00 W
0xC007DC40 W
0xC007DC80 W
0xC007DCC0 W
0xC007DD00 W
0xC007DD40 W
0xC007DD80 W
0xC007DDC0 W
0xC007DE00 W
0xC007DE40 W
0xC007DE80 W
0xC007DEC0 W
0xC007DF00 W
0xC007DF40 W
0xC007DF80 W
0xC007DFC0 W
0xC007E000 W
0xC007E040 W
0xC007E080 W
0xC007E0C0 W
0xC007E100 W
0xC007E140 W
0xC007E180 W
0xC007E1C0 W
0xC007E200 W
0xC007E240 W
0xC007E280 W
0xC007E2C0 W
0xC007E300 W
0xC007E340 W
0xC007E380 W
0xC007E3C0 W
0xC007E400 W
0xC007E440 W
0xC007E480 W
0xC007E4C0 W
0xC007E500 W
0xC007E540 W
0xC007E580 W
0xC007E5C0 W
0xC007E600 W
0xC007E640 W
0xC007E680 W
0xC007E6C0 W
0xC007E700 W
0xC007E740 W
0xC007E780 W
0xC007E7C0 W
0xC007E800 W
0xC007E840 W
0xC007E880 W
0xC007E8C0 W
0xC007E900 W
0xC007E940 W
0xC007E980 W
0xC007E9C0 W
0xC007EA00 W
0xC007EA40 W
0xC007EA80 W
0xC007EAC0 W
0xC007EB00 W
0xC007EB40 W
0xC007EB80 W
0xC007EBC0 W
0xC007EC00 W
0xC007EC40 W
0xC007EC80 W
0xC007ECC0 W
0xC007ED00 W
0xC007ED40 W
0xC007ED80 W
0xC007EDC0 W
0xC007EE00 W
0xC007EE40 W
0xC007EE80 W
0xC007EEC0 W
0xC007EF00 W
0xC007EF40 W
0xC007EF80 W
0xC007EFC0 W
0xC007F000 W
0xC007F040 W
0xC007F080 W
0xC007F0C0 W
0xC007F100 W
0xC007F140 W
0xC007F180 W
0xC007F1C0 W
0xC007F200 W
0xC007F240 W
0xC007F280 W
0xC007F2C0 W
0xC007F300 W
0xC007F340 W
0xC007F380 W
0xC007F3C0 W
0xC007F400 W
0xC007F440 W
0xC007F480 W
0xC007F4C0 W
0xC007F500 W
0xC007F540 W
0xC007F580 W
0xC007F5C0 W
0xC007F600 W
0xC007F640 W
0xC007F680 W
0xC007F6C0 W
0xC007F700 W
0xC007F740 W
0xC007F780 W
0xC007F7C0 W
0xC007F800 W
0xC007F840 W
0xC007F880 W
0xC007F8C0 W
0xC007F900 W
0xC007F940 W
0xC007F980 W
0xC007F9C0 W
0xC007FA00 W
0xC007FA40 W
0xC007FA80 W
0xC007FAC0 W
0xC007FB00 W
0xC007FB40 W
0xC007FB80 W
0xC007FBC0 W
0xC007FC00 W
0xC007FC40 W
0xC007FC80 W
0xC007FCC0 W
0xC007FD00 W
0xC007FD40 W
0xC007FD80 W
0xC007FDC0 W
0xC007FE00 W
0xC007FE40 W
0xC007FE80 W
0xC007FEC0 W
0xC007FF00 W
0xC007FF40 W
0xC007FF80 W
0xC007FFC0 W
0xC0070000 R
0xC0070040 R
0xC0070080 R
0xC00700C0 R
0xC0070100 R
0xC0070140 R
0xC0070180 R
0xC00701C0 R
0xC0070200 R
0xC0070240 R
0xC0070280 R
0xC00702C0 R
0xC0070300 R
0xC0070340 R
0xC0070380 R
0xC00703C0 R
0xC0070400 R
0xC0070440 R
0xC0070480 R
0xC00704C0 R
0xC0070500 R
0xC0070540 R
0xC0070580 R
0xC00705C0 R
0xC0070600 R
0xC0070640 R
0xC0070680 R
0xC00706C0 R
0xC0070700 R
0xC0070740 R
0xC0070780 R
0xC00707C0 R
0xC0070800 R
0xC0070840 R
0xC0070880 R
0xC00708C0 R
0xC0070900 R
0xC0070940 R
0xC0070980 R
0xC00709C0 R
0xC0070A00 R
0xC0070A40 R
0xC0070A80 R
0xC0070AC0 R
0xC0070B00 R
0xC0070B40 R
0xC0070B80 R
0xC0070BC0 R
0xC0070C00 R
0xC0070C40 R
0xC0070C80 R
0xC0070CC0 R
0xC0070D00 R
0xC0070D40 R
0xC0070D80 R
0xC0070DC0 R
0xC0070E00 R
0xC0070E40 R
0xC0070E80 R
0xC0070EC0 R
0xC0070F00 R
0xC0070F40 R
0xC0070F80 R
0xC0070FC0 R
0xC0071000 R
0xC0071040 R
0xC0071080 R
0xC00710C0 R
0xC0071100 R
0xC0071140 R
0xC0071180 R
0xC00711C0 R
0xC0071200 R
0xC0071240 R
0xC0071280 R
0xC00712C0 R
0xC0071300 R
0xC0071340 R
0xC0071380 R
0xC00713C0 R
0xC0071400 R
0xC0071440 R
0xC0071480 R
0xC00714C0 R
0xC0071500 R
0xC0071540 R
0xC0071580 R
0xC00715C0 R
0xC0071600 R
0xC0071640 R
0xC0071680 R
0xC00716C0 R
0xC0071700 R
0xC0071740 R
0xC0071780 R
0xC00717C0 R
0xC0071800 R
0xC0071840 R
0xC0071880 R
0xC00718C0 R
0xC0071900 R
0xC0071940 R
0xC0071980 R
0xC00719C0 R
0xC0071A00 R
0xC0071A40 R
0xC0071A80 R
0xC0071AC0 R
0xC0071B00 R
0xC0071B40 R
0xC0071B80 R
0xC0071BC0 R
0xC0071C00 R
0xC0071C40 R
0xC0071C80 R
0xC0071CC0 R
0xC0071D00 R
0xC0071D40 R
0xC0071D80 R
0xC0071DC0 R
0xC0071E00 R
0xC0071E40 R
0xC0071E80 R
0xC0071EC0 R
0xC0071F00 R
0xC0071F40 R
0xC0071F80 R
0xC0071FC0 R
0xC0072000 R
0xC0072040 R
0xC0072080 R
0xC00720C0 R
0xC0072100 R
0xC0072140 R
0xC0072180 R
0xC00721C0 R
0xC0072200 R
0xC0072240 R
0xC0072280 R
0xC00722C0 R
0xC0072300 R
0xC0072340 R
0xC0072380 R
0xC00723C0 R
0xC0072400 R
0xC0072440 R
0xC0072480 R
0xC00724C0 R
0xC0072500 R
0xC0072540 R
0xC0072580 R
0xC00725C0 R
0xC0072600 R
0xC0072640 R
0xC0072680 R
0xC00726C0 R
0xC0072700 R
0xC0072740 R
0xC0072780 R
0xC00727C0 R
0xC0072800 R
0xC0072840 R
0xC0072880 R
0xC00728C0 R
0xC0072900 R
0xC0072940 R
0xC0072980 R
0xC00729C0 R
0xC0072A00 R
0xC0072A40 R
0xC0072A80 R
0xC0072AC0 R
0xC0072B00 R
0xC0072B40 R
0xC0072B80 R
0xC0072BC0 R
0xC0072C00 R
0xC0072C40 R
0xC0072C80 R
0xC0072CC0 R
0xC0072D00 R
0xC0072D40 R
0xC0072D80 R
0xC0072DC0 R
0xC0072E00 R
0xC0072E40 R
0xC0072E80 R
0xC0072EC0 R
0xC0072F00 R
0xC0072F40 R
0xC0072F80 R
0xC0072FC0 R
0xC0073000 R
0xC0073040 R
0xC0073080 R
0xC00730C0 R
0xC0073100 R
0xC0073140 R
0xC0073180 R
0xC00731C0 R
0xC0073200 R
0xC0073240 R
0xC0073280 R
0xC00732C0 R
0xC0073300 R
0xC0073340 R
0xC0073380 R
0xC00733C0 R
0xC0073400 R
0xC0073440 R
0xC0073480 R
0xC00734C0 R
0xC0073500 R
0xC0073540 R
0xC0073580 R
0xC00735C0 R
0xC0073600 R
0xC0073640 R
0xC0073680 R
0xC00736C0 R
0xC0073700 R
0xC0073740 R
0xC0073780 R
0xC00737C0 R
0xC0073800 R
0xC0073840 R
0xC0073880 R
0xC00738C0 R
0xC0073900 R
0xC0073940 R
0xC0073980 R
0xC00739C0 R
0xC0073A00 R
0xC0073A40 R
0xC0073A80 R
0xC0073AC0 R
0xC0073B00 R
0xC0073B40 R
0xC0073B80 R
0xC0073BC0 R
0xC0073C00 R
0xC0073C40 R
0xC0073C80 R
0xC0073CC0 R
0xC0073D00 R
0xC0073D40 R
0xC0073D80 R
0xC0073DC0 R
0xC0073E00 R
0xC0073E40 R
0xC0073E80 R
0xC0073EC0 R
0xC0073F00 R
0xC0073F40 R
0xC0073F80 R
0xC0073FC0 R
0xC0074000 R
0xC0074040 R
0xC0074080 R
0xC00740C0 R
0xC0074100 R
0xC0074140 R
0xC0074180 R
0xC00741C0 R
0xC0074200 R
0xC0074240 R
0xC0074280 R
0xC00742C0 R
0xC0074300 R
0xC0074340 R
0xC0074380 R
0xC00743C0 R
0xC0074400 R
0xC0074440 R
0xC0074480 R
0xC00744C0 R
0xC0074500 R
0xC0074540 R
0xC0074580 R
0xC00745C0 R
0xC0074600 R
0xC0074640 R
0xC0074680 R
0xC00746C0 R
0xC0074700 R
0xC0074740 R
0xC0074780 R
0xC00747C0 R
0xC0074800 R
0xC0074840 R
0xC0074880 R
0xC00748C0 R
0xC0074900 R
0xC0074940 R
0xC0074980 R
0xC00749C0 R
0xC0074A00 R
0xC0074A40 R
0xC0074A80 R
0xC0074AC0 R
0xC0074B00 R
0xC0074B40 R
0xC0074B80 R
0xC0074BC0 R
0xC0074C00 R
0xC0074C40 R
0xC0074C80 R
0xC0074CC0 R
0xC0074D00 R
0xC0074D40 R
0xC0074D80 R
0xC0074DC0 R
0xC0074E00 R
0xC0074E40 R
0xC0074E80 R
0xC0074EC0 R
0xC0074F00 R
0xC0074F40 R
0xC0074F80 R
0xC0074FC0 R
0xC0075000 R
0xC0075040 R
0xC0075080 R
0xC00750C0 R
0xC0075100 R
0xC0075140 R
0xC0075180 R
0xC00751C0 R
0xC0075200 R
0xC0075240 R
0xC0075280 R
0xC00752C0 R
0xC0075300 R
0xC0075340 R
0xC0075380 R
0xC00753C0 R
0xC0075400 R
0xC0075440 R
0xC0075480 R
0xC00754C0 R
0xC0075500 R
0xC0075540 R
0xC0075580 R
0xC00755C0 R
0xC0075600 R
0xC0075640 R
0xC0075680 R
0xC00756C0 R
0xC0075700 R
0xC0075740 R
0xC0075780 R
0xC00757C0 R
0xC0075800 R
0xC0075840 R
0xC0075880 R
0xC00758C0 R
0xC0075900 R
0xC0075940 R
0xC0075980 R
0xC00759C0 R
0xC0075A00 R
0xC0075A40 R
0xC0075A80 R
0xC0075AC0 R
0xC0075B00 R
0xC0075B40 R
0xC0075B80 R
0xC0075BC0 R
0xC0075C00 R
0xC0075C40 R
0xC0075C80 R
0xC0075CC0 R
0xC0075D00 R
0xC0075D40 R
0xC0075D80 R
0xC0075DC0 R
0xC0075E00 R
0xC0075E40 R
0xC0075E80 R
0xC0075EC0 R
0xC0075F00 R
0xC0075F40 R
0xC0075F80 R
0xC0075FC0 R
0xC0076000 R
0xC0076040 R
0xC0076080 R
0xC00760C0 R
0xC0076100 R
0xC0076140 R
0xC0076180 R
0xC00761C0 R
0xC0076200 R
0xC0076240 R
0xC0076280 R
0xC00762C0 R
0xC0076300 R
0xC0076340 R
0xC0076380 R
0xC00763C0 R
0xC0076400 R
0xC0076440 R
0xC0076480 R
0xC00764C0 R
0xC0076500 R
0xC0076540 R
0xC0076580 R
0xC00765C0 R
0xC0076600 R
0xC0076640 R
0xC0076680 R
0xC00766C0 R
0xC0076700 R
0xC0076740 R
0xC0076780 R
0xC00767C0 R
0xC0076800 R
0xC0076840 R
0xC0076880 R
0xC00768C0 R
0xC0076900 R
0xC0076940 R
0xC0076980 R
0xC00769C0 R
0xC0076A00 R
0xC0076A40 R
0xC0076A80 R
0xC0076AC0 R
0xC0076B00 R
0xC0076B40 R
0xC0076B80 R
0xC0076BC0 R
0xC0076C00 R
0xC0076C40 R
0xC0076C80 R
0xC0076CC0 R
0xC0076D00 R
0xC0076D40 R
0xC0076D80 R
0xC0076DC0 R
0xC0076E00 R
0xC0076E40 R
0xC0076E80 R
0xC0076EC0 R
0xC0076F00 R
0xC0076F40 R
0xC0076F80 R
0xC0076FC0 R
0xC0077000 R
0xC0077040 R
0xC0077080 R
0xC00770C0 R
0xC0077100 R
0xC0077140 R
0xC0077180 R
0xC00771C0 R
0xC0077200 R
0xC0077240 R
0xC0077280 R
0xC00772C0 R
0xC0077300 R
0xC0077340 R
0xC0077380 R
0xC00773C0 R
0xC0077400 R
0xC0077440 R
0xC0077480 R
0xC00774C0 R
0xC0077500 R
0xC0077540 R
0xC0077580 R
0xC00775C0 R
0xC0077600 R
0xC0077640 R
0xC0077680 R
0xC00776C0 R
0xC0077700 R
0xC0077740 R
0xC0077780 R
0xC00777C0 R
0xC0077800 R
0xC0077840 R
0xC0077880 R
0xC00778C0 R
0xC0077900 R
0xC0077940 R
0xC0077980 R
0xC00779C0 R
0xC0077A00 R
0xC0077A40 R
0xC0077A80 R
0xC0077AC0 R
0xC0077B00 R
0xC0077B40 R
0xC0077B80 R
0xC0077BC0 R
0xC0077C00 R
0xC0077C40 R
0xC0077C80 R
0xC0077CC0 R
0xC0077D00 R
0xC0077D40 R
0xC0077D80 R
0xC0077DC0 R
0xC0077E00 R
0xC0077E40 R
0xC0077E80 R
0xC0077EC0 R
0xC0077F00 R
0xC0077F40 R
0xC0077F80 R
0xC0077FC0 R
0xC0078000 R
0xC0078040 R
0xC0078080 R
0xC00780C0 R
0xC0078100 R
0xC0078140 R
0xC0078180 R
0xC00781C0 R
0xC0078200 R
0xC0078240 R
0xC0078280 R
0xC00782C0 R
0xC0078300 R
0xC0078340 R
0xC0078380 R
0xC00783C0 R
0xC0078400 R
0xC0078440 R
0xC0078480 R
0xC00784C0 R
0xC0078500 R
0xC0078540 R
0xC0078580 R
0xC00785C0 R
0xC0078600 R
0xC0078640 R
0xC0078680 R
0xC00786C0 R
0xC0078700 R
0xC0078740 R
0xC0078780 R
0xC00787C0 R
0xC0078800 R
0xC0078840 R
0xC0078880 R
0xC00788C0 R
0xC0078900 R
0xC0078940 R
0xC0078980 R
0xC00789C0 R
0xC0078A00 R
0xC0078A40 R
0xC0078A80 R
0xC0078AC0 R
0xC0078B00 R
0xC0078B40 R
0xC0078B80 R
0xC0078BC0 R
0xC0078C00 R
0xC0078C40 R
0xC0078C80 R
0xC0078CC0 R
0xC0078D00 R
0xC0078D40 R
0xC0078D80 R
0xC0078DC0 R
0xC0078E00 R
0xC0078E40 R
0xC0078E80 R
0xC0078EC0 R
0xC0078F00 R
0xC0078F40 R
0xC0078F80 R
0xC0078FC0 R
0xC0079000 R
0xC0079040 R
0xC0079080 R
0xC00790C0 R
0xC0079100 R
0xC0079140 R
0xC0079180 R
0xC00791C0 R
0xC0079200 R
0xC0079240 R
0xC0079280 R
0xC00792C0 R
0xC0079300 R
0xC0079340 R
0xC0079380 R
0xC00793C0 R
0xC0079400 R
0xC0079440 R
0xC0079480 R
0xC00794C0 R
0xC0079500 R
0xC0079540 R
0xC0079580 R
0xC00795C0 R
0xC0079600 R
0xC0079640 R
0xC0079680 R
0xC00796C0 R
0xC0079700 R
0xC0079740 R
0xC0079780 R
0xC00797C0 R
0xC0079800 R
0xC0079840 R
0xC0079880 R
0xC00798C0 R
0xC0079900 R
0xC0079940 R
0xC0079980 R
0xC00799C0 R
0xC0079A00 R
0xC0079A40 R
0xC0079A80 R
0xC0079AC0 R
0xC0079B00 R
0xC0079B40 R
0xC0079B80 R
0xC0079BC0 R
0xC0079C00 R
0xC0079C40 R
0xC0079C80 R
0xC0079CC0 R
0xC0079D00 R
0xC0079D40 R
0xC0079D80 R
0xC0079DC0 R
0xC0079E00 R
0xC0079E40 R
0xC0079E80 R
0xC0079EC0 R
0xC0079F00 R
0xC0079F40 R
0xC0079F80 R
0xC0079FC0 R
0xC007A000 R
0xC007A040 R
0xC007A080 R
0xC007A0C0 R
0xC007A100 R
0xC007A140 R
0xC007A180 R
0xC007A1C0 R
0xC007A200 R
0xC007A240 R
0xC007A280 R
0xC007A2C0 R
0xC007A300 R
0xC007A340 R
0xC007A380 R
0xC007A3C0 R
0xC007A400 R
0xC007A440 R
0xC007A480 R
0xC007A4C0 R
0xC007A500 R
0xC007A540 R
0xC007A580 R
0xC007A5C0 R
0xC007A600 R
0xC007A640 R
0xC007A680 R
0xC007A6C0 R
0xC007A700 R
0xC007A740 R
0xC007A780 R
0xC007A7C0 R
0xC007A800 R
0xC007A840 R
0xC007A880 R
0xC007A8C0 R
0xC007A900 R
0xC007A940 R
0xC007A980 R
0xC007A9C0 R
0xC007AA00 R
0xC007AA40 R
0xC007AA80 R
0xC007AAC0 R
0xC007AB00 R
0xC007AB40 R
0xC007AB80 R
0xC007ABC0 R
0xC007AC00 R
0xC007AC40 R
0xC007AC80 R
0xC007ACC0 R
0xC007AD00 R
0xC007AD40 R
0xC007AD80 R
0xC007ADC0 R
0xC007AE00 R
0xC007AE40 R
0xC007AE80 R
0xC007AEC0 R
0xC007AF00 R
0xC007AF40 R
0xC007AF80 R
0xC007AFC0 R
0xC007B000 R
0xC007B040 R
0xC007B080 R
0xC007B0C0 R
0xC007B100 R
0xC007B140 R
0xC007B180 R
0xC007B1C0 R
0xC007B200 R
0xC007B240 R
0xC007B280 R
0xC007B2C0 R
0xC007B300 R
0xC007B340 R
0xC007B380 R
0xC007B3C0 R
0xC007B400 R
0xC007B440 R
0xC007B480 R
0xC007B4C0 R
0xC007B500 R
0xC007B540 R
0xC007B580 R
0xC007B5C0 R
0xC007B600 R
0xC007B640 R
0xC007B680 R
0xC007B6C0 R
0xC007B700 R
0xC007B740 R
0xC007B780 R
0xC007B7C0 R
0xC007B800 R
0xC007B840 R
0xC007B880 R
0xC007B8C0 R
0xC007B900 R
0xC007B940 R
0xC007B980 R
0xC007B9C0 R
0xC007BA00 R
0xC007BA40 R
0xC007BA80 R
0xC007BAC0 R
0xC007BB00 R
0xC007BB40 R
0xC007BB80 R
0xC007BBC0 R
0xC007BC00 R
0xC007BC40 R
0xC007BC80 R
0xC007BCC0 R
0xC007BD00 R
0xC007BD40 R
0xC007BD80 R
0xC007BDC0 R
0xC007BE00 R
0xC007BE40 R
0xC007BE80 R
0xC007BEC0 R
0xC007BF00 R
0xC007BF40 R
0xC007BF80 R
0xC007BFC0 R
0xC007C000 R
0xC007C040 R
0xC007C080 R
0xC007C0C0 R
0xC007C100 R
0xC007C140 R
0xC007C180 R
0xC007C1C0 R
0xC007C200 R
0xC007C240 R
0xC007C280 R
0xC007C2C0 R
0xC007C300 R
0xC007C340 R
0xC007C380 R
0xC007C3C0 R
0xC007C400 R
0xC007C440 R
0xC007C480 R
0xC007C4C0 R
0xC007C500 R
0xC007C540 R
0xC007C580 R
0xC007C5C0 R
0xC007C600 R
0xC007C640 R
0xC007C680 R
0xC007C6C0 R
0xC007C700 R
0xC007C740 R
0xC007C780 R
0xC007C7C0 R
0xC007C800 R
0xC007C840 R
0xC007C880 R
0xC007C8C0 R
0xC007C900 R
0xC007C940 R
0xC007C980 R
0xC007C9C0 R
0xC007CA00 R
0xC007CA40 R
0xC007CA80 R
0xC007CAC0 R
0xC007CB00 R
0xC007CB40 R
0xC007CB80 R
0xC007CBC0 R
0xC007CC00 R
0xC007CC40 R
0xC007CC80 R
0xC007CCC0 R
0xC007CD00 R
0xC007CD40 R
0xC007CD80 R
0xC007CDC0 R
0xC007CE00 R
0xC007CE40 R
0xC007CE80 R
0xC007CEC0 R
0xC007CF00 R
0xC007CF40 R
0xC007CF80 R
0xC007CFC0 R
0xC007D000 R
0xC007D040 R
0xC007D080 R
0xC007D0C0 R
0xC007D100 R
0xC007D140 R
0xC007D180 R
0xC007D1C0 R
0xC007D200 R
0xC007D240 R
0xC007D280 R
0xC007D2C0 R
0xC007D300 R
0xC007D340 R
0xC007D380 R
0xC007D3C0 R
0xC007D400 R
0xC007D440 R
0xC007D480 R
0xC007D4C0 R
0xC007D500 R
0xC007D540 R
0xC007D580 R
0xC007D5C0 R
0xC007D600 R
0xC007D640 R
0xC007D680 R
0xC007D6C0 R
0xC007D700 R
0xC007D740 R
0xC007D780 R
0xC007D7C0 R
0xC007D800 R
0xC007D840 R
0xC007D880 R
0xC007D8C0 R
0xC007D900 R
0xC007D940 R
0xC007D980 R
0xC007D9C0 R
0xC007DA00 R
0xC007DA40 R
0xC007DA80 R
0xC007DAC0 R
0xC007DB00 R
0xC007DB40 R
0xC007DB80 R
0xC007DBC0 R
0xC007DC00 R
0xC007DC40 R
0xC007DC80 R
0xC007DCC0 R
0xC007DD00 R
0xC007DD40 R
0xC007DD80 R
0xC007DDC0 R
0xC007DE00 R
0xC007DE40 R
0xC007DE80 R
0xC007DEC0 R
0xC007DF00 R
0xC007DF40 R
0xC007DF80 R
0xC007DFC0 R
0xC007E000 R
0xC007E040 R
0xC007E080 R
0xC007E0C0 R
0xC007E100 R
0xC007E140 R
0xC007E180 R
0xC007E1C0 R
0xC007E200 R
0xC007E240 R
0xC007E280 R
0xC007E2C0 R
0xC007E300 R
0xC007E340 R
0xC007E380 R
0xC007E3C0 R
0xC007E400 R
0xC007E440 R
0xC007E480 R
0xC007E4C0 R
0xC007E500 R
0xC007E540 R
0xC007E580 R
0xC007E5C0 R
0xC007E600 R
0xC007E640 R
0xC007E680 R
0xC007E6C0 R
0xC007E700 R
0xC007E740 R
0xC007E780 R
0xC007E7C0 R
0xC007E800 R
0xC007E840 R
0xC007E880 R
0xC007E8C0 R
0xC007E900 R
0xC007E940 R
0xC007E980 R
0xC007E9C0 R
0xC007EA00 R
0xC007EA40 R
0xC007EA80 R
0xC007EAC0 R
0xC007EB00 R
0xC007EB40 R
0xC007EB80 R
0xC007EBC0 R
0xC007EC00 R
0xC007EC40 R
0xC007EC80 R
0xC007ECC0 R
0xC007ED00 R
0xC007ED40 R
0xC007ED80 R
0xC007EDC0 R
0xC007EE00 R
0xC007EE40 R
0xC007EE80 R
0xC007EEC0 R
0xC007EF00 R
0xC007EF40 R
0xC007EF80 R
0xC007EFC0 R
0xC007F000 R
0xC007F040 R
0xC007F080 R
0xC007F0C0 R
0xC007F100 R
0xC007F140 R
0xC007F180 R
0xC007F1C0 R
0xC007F200 R
0xC007F240 R
0xC007F280 R
0xC007F2C0 R
0xC007F300 R
0xC007F340 R
0xC007F380 R
0xC007F3C0 R
0xC007F400 R
0xC007F440 R
0xC007F480 R
0xC007F4C0 R
0xC007F500 R
0xC007F540 R
0xC007F580 R
0xC007F5C0 R
0xC007F600 R
0xC007F640 R
0xC007F680 R
0xC007F6C0 R
0xC007F700 R
0xC007F740 R
0xC007F780 R
0xC007F7C0 R
0xC007F800 R
0xC007F840 R
0xC007F880 R
0xC007F8C0 R
0xC007F900 R
0xC007F940 R
0xC007F980 R
0xC007F9C0 R
0xC007FA00 R
0xC007FA40 R
0xC007FA80 R
0xC007FAC0 R
0xC007FB00 R
0xC007FB40 R
0xC007FB80 R
0xC007FBC0 R
0xC007FC00 R
0xC007FC40 R
0xC007FC80 R
0xC007FCC0 R
0xC007FD00 R
0xC007FD40 R
0xC007FD80 R
0xC007FDC0 R
0xC007FE00 R
0xC007FE40 R
0xC007FE80 R
0xC007FEC0 R
0xC007FF00 R
0xC007FF40 R
0xC007FF80 R
0xC007FFC0 R
0xA0080000 R
0xA0080040 R
0xA0080080 R
0xA00800C0 R
0xA0080100 R
0xA0080140 R
0xA0080180 R
0xA00801C0 R
0xA0080200 R
0xA0080240 R
0xA0080280 R
0xA00802C0 R
0xA0080300 R
0xA0080340 R
0xA0080380 R
0xA00803C0 R
0xA0080400 R
0xA0080440 R
0xA0080480 R
0xA00804C0 R
0xA0080500 R
0xA0080540 R
0xA0080580 R
0xA00805C0 R
0xA0080600 R
0xA0080640 R
0xA0080680 R
0xA00806C0 R
0xA0080700 R
0xA0080740 R
0xA0080780 R
0xA00807C0 R
0xA0080800 R
0xA0080840 R
0xA0080880 R
0xA00808C0 R
0xA0080900 R
0xA0080940 R
0xA0080980 R
0xA00809C0 R
0xA0080A00 R
0xA0080A40 R
0xA0080A80 R
0xA0080AC0 R
0xA0080B00 R
0xA0080B40 R
0xA0080B80 R
0xA0080BC0 R
0xA0080C00 R
0xA0080C40 R
0xA0080C80 R
0xA0080CC0 R
0xA0080D00 R
0xA0080D40 R
0xA0080D80 R
0xA0080DC0 R
0xA0080E00 R
0xA0080E40 R
0xA0080E80 R
0xA0080EC0 R
0xA0080F00 R
0xA0080F40 R
0xA0080F80 R
0xA0080FC0 R
0xA0081000 R
0xA0081040 R
0xA0081080 R
0xA00810C0 R
0xA0081100 R
0xA0081140 R
0xA0081180 R
0xA00811C0 R
0xA0081200 R
0xA0081240 R
0xA0081280 R
0xA00812C0 R
0xA0081300 R
0xA0081340 R
0xA0081380 R
0xA00813C0 R
0xA0081400 R
0xA0081440 R
0xA0081480 R
0xA00814C0 R
0xA0081500 R
0xA0081540 R
0xA0081580 R
0xA00815C0 R
0xA0081600 R
0xA0081640 R
0xA0081680 R
0xA00816C0 R
0xA0081700 R
0xA0081740 R
0xA0081780 R
0xA00817C0 R
0xA0081800 R
0xA0081840 R
0xA0081880 R
0xA00818C0 R
0xA0081900 R
0xA0081940 R
0xA0081980 R
0xA00819C0 R
0xA0081A00 R
0xA0081A40 R
0xA0081A80 R
0xA0081AC0 R
0xA0081B00 R
0xA0081B40 R
0xA0081B80 R
0xA0081BC0 R
0xA0081C00 R
0xA0081C40 R
0xA0081C80 R
0xA0081CC0 R
0xA0081D00 R
0xA0081D40 R
0xA0081D80 R
0xA0081DC0 R
0xA0081E00 R
0xA0081E40 R
0xA0081E80 R
0xA0081EC0 R
0xA0081F00 R
0xA0081F40 R
0xA0081F80 R
0xA0081FC0 R
0xA0082000 R
0xA0082040 R
0xA0082080 R
0xA00820C0 R
0xA0082100 R
0xA0082140 R
0xA0082180 R
0xA00821C0 R
0xA0082200 R
0xA0082240 R
0xA0082280 R
0xA00822C0 R
0xA0082300 R
0xA0082340 R
0xA0082380 R
0xA00823C0 R
0xA0082400 R
0xA0082440 R
0xA0082480 R
0xA00824C0 R
0xA0082500 R
0xA0082540 R
0xA0082580 R
0xA00825C0 R
0xA0082600 R
0xA0082640 R
0xA0082680 R
0xA00826C0 R
0xA0082700 R
0xA0082740 R
0xA0082780 R
0xA00827C0 R
0xA0082800 R
0xA0082840 R
0xA0082880 R
0xA00828C0 R
0xA0082900 R
0xA0082940 R
0xA0082980 R
0xA00829C0 R
0xA0082A00 R
0xA0082A40 R
0xA0082A80 R
0xA0082AC0 R
0xA0082B00 R
0xA0082B40 R
0xA0082B80 R
0xA0082BC0 R
0xA0082C00 R
0xA0082C40 R
0xA0082C80 R
0xA0082CC0 R
0xA0082D00 R
0xA0082D40 R
0xA0082D80 R
0xA0082DC0 R
0xA0082E00 R
0xA0082E40 R
0xA0082E80 R
0xA0082EC0 R
0xA0082F00 R
0xA0082F40 R
0xA0082F80 R
0xA0082FC0 R
0xA0083000 R
0xA0083040 R
0xA0083080 R
0xA00830C0 R
0xA0083100 R
0xA0083140 R
0xA0083180 R
0xA00831C0 R
0xA0083200 R
0xA0083240 R
0xA0083280 R
0xA00832C0 R
0xA0083300 R
0xA0083340 R
0xA0083380 R
0xA00833C0 R
0xA0083400 R
0xA0083440 R
0xA0083480 R
0xA00834C0 R
0xA0083500 R
0xA0083540 R
0xA0083580 R
0xA00835C0 R
0xA0083600 R
0xA0083640 R
0xA0083680 R
0xA00836C0 R
0xA0083700 R
0xA0083740 R
0xA0083780 R
0xA00837C0 R
0xA0083800 R
0xA0083840 R
0xA0083880 R
0xA00838C0 R
0xA0083900 R
0xA0083940 R
0xA0083980 R
0xA00839C0 R
0xA0083A00 R
0xA0083A40 R
0xA0083A80 R
0xA0083AC0 R
0xA0083B00 R
0xA0083B40 R
0xA0083B80 R
0xA0083BC0 R
0xA0083C00 R
0xA0083C40 R
0xA0083C80 R
0xA0083CC0 R
0xA0083D00 R
0xA0083D40 R
0xA0083D80 R
0xA0083DC0 R
0xA0083E00 R
0xA0083E40 R
0xA0083E80 R
0xA0083EC0 R
0xA0083F00 R
0xA0083F40 R
0xA0083F80 R
0xA0083FC0 R
0xA0084000 R
0xA0084040 R
0xA0084080 R
0xA00840C0 R
0xA0084100 R
0xA0084140 R
0xA0084180 R
0xA00841C0 R
0xA0084200 R
0xA0084240 R
0xA0084280 R
0xA00842C0 R
0xA0084300 R
0xA0084340 R
0xA0084380 R
0xA00843C0 R
0xA0084400 R
0xA0084440 R
0xA0084480 R
0xA00844C0 R
0xA0084500 R
0xA0084540 R
0xA0084580 R
0xA00845C0 R
0xA0084600 R
0xA0084640 R
0xA0084680 R
0xA00846C0 R
0xA0084700 R
0xA0084740 R
0xA0084780 R
0xA00847C0 R
0xA0084800 R
0xA0084840 R
0xA0084880 R
0xA00848C0 R
0xA0084900 R
0xA0084940 R
0xA0084980 R
0xA00849C0 R
0xA0084A00 R
0xA0084A40 R
0xA0084A80 R
0xA0084AC0 R
0xA0084B00 R
0xA0084B40 R
0xA0084B80 R
0xA0084BC0 R
0xA0084C00 R
0xA0084C40 R
0xA0084C80 R
0xA0084CC0 R
0xA0084D00 R
0xA0084D40 R
0xA0084D80 R
0xA0084DC0 R
0xA0084E00 R
0xA0084E40 R
0xA0084E80 R
0xA0084EC0 R
0xA0084F00 R
0xA0084F40 R
0xA0084F80 R
0xA0084FC0 R
0xA0085000 R
0xA0085040 R
0xA0085080 R
0xA00850C0 R
0xA0085100 R
0xA0085140 R
0xA0085180 R
0xA00851C0 R
0xA0085200 R
0xA0085240 R
0xA0085280 R
0xA00852C0 R
0xA0085300 R
0xA0085340 R
0xA0085380 R
0xA00853C0 R
0xA0085400 R
0xA0085440 R
0xA0085480 R
0xA00854C0 R
0xA0085500 R
0xA0085540 R
0xA0085580 R
0xA00855C0 R
0xA0085600 R
0xA0085640 R
0xA0085680 R
0xA00856C0 R
0xA0085700 R
0xA0085740 R
0xA0085780 R
0xA00857C0 R
0xA0085800 R
0xA0085840 R
0xA0085880 R
0xA00858C0 R
0xA0085900 R
0xA0085940 R
0xA0085980 R
0xA00859C0 R
0xA0085A00 R
0xA0085A40 R
0xA0085A80 R
0xA0085AC0 R
0xA0085B00 R
0xA0085B40 R
0xA0085B80 R
0xA0085BC0 R
0xA0085C00 R
0xA0085C40 R
0xA0085C80 R
0xA0085CC0 R
0xA0085D00 R
0xA0085D40 R
0xA0085D80 R
0xA0085DC0 R
0xA0085E00 R
0xA0085E40 R
0xA0085E80 R
0xA0085EC0 R
0xA0085F00 R
0xA0085F40 R
0xA0085F80 R
0xA0085FC0 R
0xA0086000 R
0xA0086040 R
0xA0086080 R
0xA00860C0 R
0xA0086100 R
0xA0086140 R
0xA0086180 R
0xA00861C0 R
0xA0086200 R
0xA0086240 R
0xA0086280 R
0xA00862C0 R
0xA0086300 R
0xA0086340 R
0xA0086380 R
0xA00863C0 R
0xA0086400 R
0xA0086440 R
0xA0086480 R
0xA00864C0 R
0xA0086500 R
0xA0086540 R
0xA0086580 R
0xA00865C0 R
0xA0086600 R
0xA0086640 R
0xA0086680 R
0xA00866C0 R
0xA0086700 R
0xA0086740 R
0xA0086780 R
0xA00867C0 R
0xA0086800 R
0xA0086840 R
0xA0086880 R
0xA00868C0 R
0xA0086900 R
0xA0086940 R
0xA0086980 R
0xA00869C0 R
0xA0086A00 R
0xA0086A40 R
0xA0086A80 R
0xA0086AC0 R
0xA0086B00 R
0xA0086B40 R
0xA0086B80 R
0xA0086BC0 R
0xA0086C00 R
0xA0086C40 R
0xA0086C80 R
0xA0086CC0 R
0xA0086D00 R
0xA0086D40 R
0xA0086D80 R
0xA0086DC0 R
0xA0086E00 R
0xA0086E40 R
0xA0086E80 R
0xA0086EC0 R
0xA0086F00 R
0xA0086F40 R
0xA0086F80 R
0xA0086FC0 R
0xA0087000 R
0xA0087040 R
0xA0087080 R
0xA00870C0 R
0xA0087100 R
0xA0087140 R
0xA0087180 R
0xA00871C0 R
0xA0087200 R
0xA0087240 R
0xA0087280 R
0xA00872C0 R
0xA0087300 R
0xA0087340 R
0xA0087380 R
0xA00873C0 R
0xA0087400 R
0xA0087440 R
0xA0087480 R
0xA00874C0 R
0xA0087500 R
0xA0087540 R
0xA0087580 R
0xA00875C0 R
0xA0087600 R
0xA0087640 R
0xA0087680 R
0xA00876C0 R
0xA0087700 R
0xA0087740 R
0xA0087780 R
0xA00877C0 R
0xA0087800 R
0xA0087840 R
0xA0087880 R
0xA00878C0 R
0xA0087900 R
0xA0087940 R
0xA0087980 R
0xA00879C0 R
0xA0087A00 R
0xA0087A40 R
0xA0087A80 R
0xA0087AC0 R
0xA0087B00 R
0xA0087B40 R
0xA0087B80 R
0xA0087BC0 R
0xA0087C00 R
0xA0087C40 R
0xA0087C80 R
0xA0087CC0 R
0xA0087D00 R
0xA0087D40 R
0xA0087D80 R
0xA0087DC0 R
0xA0087E00 R
0xA0087E40 R
0xA0087E80 R
0xA0087EC0 R
0xA0087F00 R
0xA0087F40 R
0xA0087F80 R
0xA0087FC0 R
0xA0088000 R
0xA0088040 R
0xA0088080 R
0xA00880C0 R
0xA0088100 R
0xA0088140 R
0xA0088180 R
0xA00881C0 R
0xA0088200 R
0xA0088240 R
0xA0088280 R
0xA00882C0 R
0xA0088300 R
0xA0088340 R
0xA0088380 R
0xA00883C0 R
0xA0088400 R
0xA0088440 R
0xA0088480 R
0xA00884C0 R
0xA0088500 R
0xA0088540 R
0xA0088580 R
0xA00885C0 R
0xA0088600 R
0xA0088640 R
0xA0088680 R
0xA00886C0 R
0xA0088700 R
0xA0088740 R
0xA0088780 R
0xA00887C0 R
0xA0088800 R
0xA0088840 R
0xA0088880 R
0xA00888C0 R
0xA0088900 R
0xA0088940 R
0xA0088980 R
0xA00889C0 R
0xA0088A00 R
0xA0088A40 R
0xA0088A80 R
0xA0088AC0 R
0xA0088B00 R
0xA0088B40 R
0xA0088B80 R
0xA0088BC0 R
0xA0088C00 R
0xA0088C40 R
0xA0088C80 R
0xA0088CC0 R
0xA0088D00 R
0xA0088D40 R
0xA0088D80 R
0xA0088DC0 R
0xA0088E00 R
0xA0088E40 R
0xA0088E80 R
0xA0088EC0 R
0xA0088F00 R
0xA0088F40 R
0xA0088F80 R
0xA0088FC0 R
0xA0089000 R
0xA0089040 R
0xA0089080 R
0xA00890C0 R
0xA0089100 R
0xA0089140 R
0xA0089180 R
0xA00891C0 R
0xA0089200 R
0xA0089240 R
0xA0089280 R
0xA00892C0 R
0xA0089300 R
0xA0089340 R
0xA0089380 R
0xA00893C0 R
0xA0089400 R
0xA0089440 R
0xA0089480 R
0xA00894C0 R
0xA0089500 R
0xA0089540 R
0xA0089580 R
0xA00895C0 R
0xA0089600 R
0xA0089640 R
0xA0089680 R
0xA00896C0 R
0xA0089700 R
0xA0089740 R
0xA0089780 R
0xA00897C0 R
0xA0089800 R
0xA0089840 R
0xA0089880 R
0xA00898C0 R
0xA0089900 R
0xA0089940 R
0xA0089980 R
0xA00899C0 R
0xA0089A00 R
0xA0089A40 R
0xA0089A80 R
0xA0089AC0 R
0xA0089B00 R
0xA0089B40 R
0xA0089B80 R
0xA0089BC0 R
0xA0089C00 R
0xA0089C40 R
0xA0089C80 R
0xA0089CC0 R
0xA0089D00 R
0xA0089D40 R
0xA0089D80 R
0xA0089DC0 R
0xA0089E00 R
0xA0089E40 R
0xA0089E80 R
0xA0089EC0 R
0xA0089F00 R
0xA0089F40 R
0xA0089F80 R
0xA0089FC0 R
0xA008A000 R
0xA008A040 R
0xA008A080 R
0xA008A0C0 R
0xA008A100 R
0xA008A140 R
0xA008A180 R
0xA008A1C0 R
0xA008A200 R
0xA008A240 R
0xA008A280 R
0xA008A2C0 R
0xA008A300 R
0xA008A340 R
0xA008A380 R
0xA008A3C0 R
0xA008A400 R
0xA008A440 R
0xA008A480 R
0xA008A4C0 R
0xA008A500 R
0xA008A540 R
0xA008A580 R
0xA008A5C0 R
0xA008A600 R
0xA008A640 R
0xA008A680 R
0xA008A6C0 R
0xA008A700 R
0xA008A740 R
0xA008A780 R
0xA008A7C0 R
0xA008A800 R
0xA008A840 R
0xA008A880 R
0xA008A8C0 R
0xA008A900 R
0xA008A940 R
0xA008A980 R
0xA008A9C0 R
0xA008AA00 R
0xA008AA40 R
0xA008AA80 R
0xA008AAC0 R
0xA008AB00 R
0xA008AB40 R
0xA008AB80 R
0xA008ABC0 R
0xA008AC00 R
0xA008AC40 R
0xA008AC80 R
0xA008ACC0 R
0xA008AD00 R
0xA008AD40 R
0xA008AD80 R
0xA008ADC0 R
0xA008AE00 R
0xA008AE40 R
0xA008AE80 R
0xA008AEC0 R
0xA008AF00 R
0xA008AF40 R
0xA008AF80 R
0xA008AFC0 R
0xA008B000 R
0xA008B040 R
0xA008B080 R
0xA008B0C0 R
0xA008B100 R
0xA008B140 R
0xA008B180 R
0xA008B1C0 R
0xA008B200 R
0xA008B240 R
0xA008B280 R
0xA008B2C0 R
0xA008B300 R
0xA008B340 R
0xA008B380 R
0xA008B3C0 R
0xA008B400 R
0xA008B440 R
0xA008B480 R
0xA008B4C0 R
0xA008B500 R
0xA008B540 R
0xA008B580 R
0xA008B5C0 R
0xA008B600 R
0xA008B640 R
0xA008B680 R
0xA008B6C0 R
0xA008B700 R
0xA008B740 R
0xA008B780 R
0xA008B7C0 R
0xA008B800 R
0xA008B840 R
0xA008B880 R
0xA008B8C0 R
0xA008B900 R
0xA008B940 R
0xA008B980 R
0xA008B9C0 R
0xA008BA00 R
0xA008BA40 R
0xA008BA80 R
0xA008BAC0 R
0xA008BB00 R
0xA008BB40 R
0xA008BB80 R
0xA008BBC0 R
0xA008BC00 R
0xA008BC40 R
0xA008BC80 R
0xA008BCC0 R
0xA008BD00 R
0xA008BD40 R
0xA008BD80 R
0xA008BDC0 R
0xA008BE00 R
0xA008BE40 R
0xA008BE80 R
0xA008BEC0 R
0xA008BF00 R
0xA008BF40 R
0xA008BF80 R
0xA008BFC0 R
0xA008C000 R
0xA008C040 R
0xA008C080 R
0xA008C0C0 R
0xA008C100 R
0xA008C140 R
0xA008C180 R
0xA008C1C0 R
0xA008C200 R
0xA008C240 R
0xA008C280 R
0xA008C2C0 R
0xA008C300 R
0xA008C340 R
0xA008C380 R
0xA008C3C0 R
0xA008C400 R
0xA008C440 R
0xA008C480 R
0xA008C4C0 R
0xA008C500 R
0xA008C540 R
0xA008C580 R
0xA008C5C0 R
0xA008C600 R
0xA008C640 R
0xA008C680 R
0xA008C6C0 R
0xA008C700 R
0xA008C740 R
0xA008C780 R
0xA008C7C0 R
0xA008C800 R
0xA008C840 R
0xA008C880 R
0xA008C8C0 R
0xA008C900 R
0xA008C940 R
0xA008C980 R
0xA008C9C0 R
0xA008CA00 R
0xA008CA40 R
0xA008CA80 R
0xA008CAC0 R
0xA008CB00 R
0xA008CB40 R
0xA008CB80 R
0xA008CBC0 R
0xA008CC00 R
0xA008CC40 R
0xA008CC80 R
0xA008CCC0 R
0xA008CD00 R
0xA008CD40 R
0xA008CD80 R
0xA008CDC0 R
0xA008CE00 R
0xA008CE40 R
0xA008CE80 R
0xA008CEC0 R
0xA008CF00 R
0xA008CF40 R
0xA008CF80 R
0xA008CFC0 R
0xA008D000 R
0xA008D040 R
0xA008D080 R
0xA008D0C0 R
0xA008D100 R
0xA008D140 R
0xA008D180 R
0xA008D1C0 R
0xA008D200 R
0xA008D240 R
0xA008D280 R
0xA008D2C0 R
0xA008D300 R
0xA008D340 R
0xA008D380 R
0xA008D3C0 R
0xA008D400 R
0xA008D440 R
0xA008D480 R
0xA008D4C0 R
0xA008D500 R
0xA008D540 R
0xA008D580 R
0xA008D5C0 R
0xA008D600 R
0xA008D640 R
0xA008D680 R
0xA008D6C0 R
0xA008D700 R
0xA008D740 R
0xA008D780 R
0xA008D7C0 R
0xA008D800 R
0xA008D840 R
0xA008D880 R
0xA008D8C0 R
0xA008D900 R
0xA008D940 R
0xA008D980 R
0xA008D9C0 R
0xA008DA00 R
0xA008DA40 R
0xA008DA80 R
0xA008DAC0 R
0xA008DB00 R
0xA008DB40 R
0xA008DB80 R
0xA008DBC0 R
0xA008DC00 R
0xA008DC40 R
0xA008DC80 R
0xA008DCC0 R
0xA008DD00 R
0xA008DD40 R
0xA008DD80 R
0xA008DDC0 R
0xA008DE00 R
0xA008DE40 R
0xA008DE80 R
0xA008DEC0 R
0xA008DF00 R
0xA008DF40 R
0xA008DF80 R
0xA008DFC0 R
0xA008E000 R
0xA008E040 R
0xA008E080 R
0xA008E0C0 R
0xA008E100 R
0xA008E140 R
0xA008E180 R
0xA008E1C0 R
0xA008E200 R
0xA008E240 R
0xA008E280 R
0xA008E2C0 R
0xA008E300 R
0xA008E340 R
0xA008E380 R
0xA008E3C0 R
0xA008E400 R
0xA008E440 R
0xA008E480 R
0xA008E4C0 R
0xA008E500 R
0xA008E540 R
0xA008E580 R
0xA008E5C0 R
0xA008E600 R
0xA008E640 R
0xA008E680 R
0xA008E6C0 R
0xA008E700 R
0xA008E740 R
0xA008E780 R
0xA008E7C0 R
0xA008E800 R
0xA008E840 R
0xA008E880 R
0xA008E8C0 R
0xA008E900 R
0xA008E940 R
0xA008E980 R
0xA008E9C0 R
0xA008EA00 R
0xA008EA40 R
0xA008EA80 R
0xA008EAC0 R
0xA008EB00 R
0xA008EB40 R
0xA008EB80 R
0xA008EBC0 R
0xA008EC00 R
0xA008EC40 R
0xA008EC80 R
0xA008ECC0 R
0xA008ED00 R
0xA008ED40 R
0xA008ED80 R
0xA008EDC0 R
0xA008EE00 R
0xA008EE40 R
0xA008EE80 R
0xA008EEC0 R
0xA008EF00 R
0xA008EF40 R
0xA008EF80 R
0xA008EFC0 R
0xA008F000 R
0xA008F040 R
0xA008F080 R
0xA008F0C0 R
0xA008F100 R
0xA008F140 R
0xA008F180 R
0xA008F1C0 R
0xA008F200 R
0xA008F240 R
0xA008F280 R
0xA008F2C0 R
0xA008F300 R
0xA008F340 R
0xA008F380 R
0xA008F3C0 R
0xA008F400 R
0xA008F440 R
0xA008F480 R
0xA008F4C0 R
0xA008F500 R
0xA008F540 R
0xA008F580 R
0xA008F5C0 R
0xA008F600 R
0xA008F640 R
0xA008F680 R
0xA008F6C0 R
0xA008F700 R
0xA008F740 R
0xA008F780 R
0xA008F7C0 R
0xA008F800 R
0xA008F840 R
0xA008F880 R
0xA008F8C0 R
0xA008F900 R
0xA008F940 R
0xA008F980 R
0xA008F9C0 R
0xA008FA00 R
0xA008FA40 R
0xA008FA80 R
0xA008FAC0 R
0xA008FB00 R
0xA008FB40 R
0xA008FB80 R
0xA008FBC0 R
0xA008FC00 R
0xA008FC40 R
0xA008FC80 R
0xA008FCC0 R
0xA008FD00 R
0xA008FD40 R
0xA008FD80 R
0xA008FDC0 R
0xA008FE00 R
0xA008FE40 R
0xA008FE80 R
0xA008FEC0 R
0xA008FF00 R
0xA008FF40 R
0xA008FF80 R
0xA008FFC0 R
0xC0080000 W
0xC0080040 W
0xC0080080 W
0xC00800C0 W
0xC0080100 W
0xC0080140 W
0xC0080180 W
0xC00801C0 W
0xC0080200 W
0xC0080240 W
0xC0080280 W
0xC00802C0 W
0xC0080300 W
0xC0080340 W
0xC0080380 W
0xC00803C0 W
0xC0080400 W
0xC0080440 W
0xC0080480 W
0xC00804C0 W
0xC0080500 W
0xC0080540 W
0xC0080580 W
0xC00805C0 W
0xC0080600 W
0xC0080640 W
0xC0080680 W
0xC00806C0 W
0xC0080700 W
0xC0080740 W
0xC0080780 W
0xC00807C0 W
0xC0080800 W
0xC0080840 W
0xC0080880 W
0xC00808C0 W
0xC0080900 W
0xC0080940 W
0xC0080980 W
0xC00809C0 W
0xC0080A00 W
0xC0080A40 W
0xC0080A80 W
0xC0080AC0 W
0xC0080B00 W
0xC0080B40 W
0xC0080B80 W
0xC0080BC0 W
0xC0080C00 W
0xC0080C40 W
0xC0080C80 W
0xC0080CC0 W
0xC0080D00 W
0xC0080D40 W
0xC0080D80 W
0xC0080DC0 W
0xC0080E00 W
0xC0080E40 W
0xC0080E80 W
0xC0080EC0 W
0xC0080F00 W
0xC0080F40 W
0xC0080F80 W
0xC0080FC0 W
0xC0081000 W
0xC0081040 W
0xC0081080 W
0xC00810C0 W
0xC0081100 W
0xC0081140 W
0xC0081180 W
0xC00811C0 W
0xC0081200 W
0xC0081240 W
0xC0081280 W
0xC00812C0 W
0xC0081300 W
0xC0081340 W
0xC0081380 W
0xC00813C0 W
0xC0081400 W
0xC0081440 W
0xC0081480 W
0xC00814C0 W
0xC0081500 W
0xC0081540 W
0xC0081580 W
0xC00815C0 W
0xC0081600 W
0xC0081640 W
0xC0081680 W
0xC00816C0 W
0xC0081700 W
0xC0081740 W
0xC0081780 W
0xC00817C0 W
0xC0081800 W
0xC0081840 W
0xC0081880 W
0xC00818C0 W
0xC0081900 W
0xC0081940 W
0xC0081980 W
0xC00819C0 W
0xC0081A00 W
0xC0081A40 W
0xC0081A80 W
0xC0081AC0 W
0xC0081B00 W
0xC0081B40 W
0xC0081B80 W
0xC0081BC0 W
0xC0081C00 W
0xC0081C40 W
0xC0081C80 W
0xC0081CC0 W
0xC0081D00 W
0xC0081D40 W
0xC0081D80 W
0xC0081DC0 W
0xC0081E00 W
0xC0081E40 W
0xC0081E80 W
0xC0081EC0 W
0xC0081F00 W
0xC0081F40 W
0xC0081F80 W
0xC0081FC0 W
0xC0082000 W
0xC0082040 W
0xC0082080 W
0xC00820C0 W
0xC0082100 W
0xC0082140 W
0xC0082180 W
0xC00821C0 W
0xC0082200 W
0xC0082240 W
0xC0082280 W
0xC00822C0 W
0xC0082300 W
0xC0082340 W
0xC0082380 W
0xC00823C0 W
0xC0082400 W
0xC0082440 W
0xC0082480 W
0xC00824C0 W
0xC0082500 W
0xC0082540 W
0xC0082580 W
0xC00825C0 W
0xC0082600 W
0xC0082640 W
0xC0082680 W
0xC00826C0 W
0xC0082700 W
0xC0082740 W
0xC0082780 W
0xC00827C0 W
0xC0082800 W
0xC0082840 W
0xC0082880 W
0xC00828C0 W
0xC0082900 W
0xC0082940 W
0xC0082980 W
0xC00829C0 W
0xC0082A00 W
0xC0082A40 W
0xC0082A80 W
0xC0082AC0 W
0xC0082B00 W
0xC0082B40 W
0xC0082B80 W
0xC0082BC0 W
0xC0082C00 W
0xC0082C40 W
0xC0082C80 W
0xC0082CC0 W
0xC0082D00 W
0xC0082D40 W
0xC0082D80 W
0xC0082DC0 W
0xC0082E00 W
0xC0082E40 W
0xC0082E80 W
0xC0082EC0 W
0xC0082F00 W
0xC0082F40 W
0xC0082F80 W
0xC0082FC0 W
0xC0083000 W
0xC0083040 W
0xC0083080 W
0xC00830C0 W
0xC0083100 W
0xC0083140 W
0xC0083180 W
0xC00831C0 W
0xC0083200 W
0xC0083240 W
0xC0083280 W
0xC00832C0 W
0xC0083300 W
0xC0083340 W
0xC0083380 W
0xC00833C0 W
0xC0083400 W
0xC0083440 W
0xC0083480 W
0xC00834C0 W
0xC0083500 W
0xC0083540 W
0xC0083580 W
0xC00835C0 W
0xC0083600 W
0xC0083640 W
0xC0083680 W
0xC00836C0 W
0xC0083700 W
0xC0083740 W
0xC0083780 W
0xC00837C0 W
0xC0083800 W
0xC0083840 W
0xC0083880 W
0xC00838C0 W
0xC0083900 W
0xC0083940 W
0xC0083980 W
0xC00839C0 W
0xC0083A00 W
0xC0083A40 W
0xC0083A80 W
0xC0083AC0 W
0xC0083B00 W
0xC0083B40 W
0xC0083B80 W
0xC0083BC0 W
0xC0083C00 W
0xC0083C40 W
0xC0083C80 W
0xC0083CC0 W
0xC0083D00 W
0xC0083D40 W
0xC0083D80 W
0xC0083DC0 W
0xC0083E00 W
0xC0083E40 W
0xC0083E80 W
0xC0083EC0 W
0xC0083F00 W
0xC0083F40 W
0xC0083F80 W
0xC0083FC0 W
0xC0084000 W
0xC0084040 W
0xC0084080 W
0xC00840C0 W
0xC0084100 W
0xC0084140 W
0xC0084180 W
0xC00841C0 W
0xC0084200 W
0xC0084240 W
0xC0084280 W
0xC00842C0 W
0xC0084300 W
0xC0084340 W
0xC0084380 W
0xC00843C0 W
0xC0084400 W
0xC0084440 W
0xC0084480 W
0xC00844C0 W
0xC0084500 W
0xC0084540 W
0xC0084580 W
0xC00845C0 W
0xC0084600 W
0xC0084640 W
0xC0084680 W
0xC00846C0 W
0xC0084700 W
0xC0084740 W
0xC0084780 W
0xC00847C0 W
0xC0084800 W
0xC0084840 W
0xC0084880 W
0xC00848C0 W
0xC0084900 W
0xC0084940 W
0xC0084980 W
0xC00849C0 W
0xC0084A00 W
0xC0084A40 W
0xC0084A80 W
0xC0084AC0 W
0xC0084B00 W
0xC0084B40 W
0xC0084B80 W
0xC0084BC0 W
0xC0084C00 W
0xC0084C40 W
0xC0084C80 W
0xC0084CC0 W
0xC0084D00 W
0xC0084D40 W
0xC0084D80 W
0xC0084DC0 W
0xC0084E00 W
0xC0084E40 W
0xC0084E80 W
0xC0084EC0 W
0xC0084F00 W
0xC0084F40 W
0xC0084F80 W
0xC0084FC0 W
0xC0085000 W
0xC0085040 W
0xC0085080 W
0xC00850C0 W
0xC0085100 W
0xC0085140 W
0xC0085180 W
0xC00851C0 W
0xC0085200 W
0xC0085240 W
0xC0085280 W
0xC00852C0 W
0xC0085300 W
0xC0085340 W
0xC0085380 W
0xC00853C0 W
0xC0085400 W
0xC0085440 W
0xC0085480 W
0xC00854C0 W
0xC0085500 W
0xC0085540 W
0xC0085580 W
0xC00855C0 W
0xC0085600 W
0xC0085640 W
0xC0085680 W
0xC00856C0 W
0xC0085700 W
0xC0085740 W
0xC0085780 W
0xC00857C0 W
0xC0085800 W
0xC0085840 W
0xC0085880 W
0xC00858C0 W
0xC0085900 W
0xC0085940 W
0xC0085980 W
0xC00859C0 W
0xC0085A00 W
0xC0085A40 W
0xC0085A80 W
0xC0085AC0 W
0xC0085B00 W
0xC0085B40 W
0xC0085B80 W
0xC0085BC0 W
0xC0085C00 W
0xC0085C40 W
0xC0085C80 W
0xC0085CC0 W
0xC0085D00 W
0xC0085D40 W
0xC0085D80 W
0xC0085DC0 W
0xC0085E00 W
0xC0085E40 W
0xC0085E80 W
0xC0085EC0 W
0xC0085F00 W
0xC0085F40 W
0xC0085F80 W
0xC0085FC0 W
0xC0086000 W
0xC0086040 W
0xC0086080 W
0xC00860C0 W
0xC0086100 W
0xC0086140 W
0xC0086180 W
0xC00861C0 W
0xC0086200 W
0xC0086240 W
0xC0086280 W
0xC00862C0 W
0xC0086300 W
0xC0086340 W
0xC0086380 W
0xC00863C0 W
0xC0086400 W
0xC0086440 W
0xC0086480 W
0xC00864C0 W
0xC0086500 W
0xC0086540 W
0xC0086580 W
0xC00865C0 W
0xC0086600 W
0xC0086640 W
0xC0086680 W
0xC00866C0 W
0xC0086700 W
0xC0086740 W
0xC0086780 W
0xC00867C0 W
0xC0086800 W
0xC0086840 W
0xC0086880 W
0xC00868C0 W
0xC0086900 W
0xC0086940 W
0xC0086980 W
0xC00869C0 W
0xC0086A00 W
0xC0086A40 W
0xC0086A80 W
0xC0086AC0 W
0xC0086B00 W
0xC0086B40 W
0xC0086B80 W
0xC0086BC0 W
0xC0086C00 W
0xC0086C40 W
0xC0086C80 W
0xC0086CC0 W
0xC0086D00 W
0xC0086D40 W
0xC0086D80 W
0xC0086DC0 W
0xC0086E00 W
0xC0086E40 W
0xC0086E80 W
0xC0086EC0 W
0xC0086F00 W
0xC0086F40 W
0xC0086F80 W
0xC0086FC0 W
0xC0087000 W
0xC0087040 W
0xC0087080 W
0xC00870C0 W
0xC0087100 W
0xC0087140 W
0xC0087180 W
0xC00871C0 W
0xC0087200 W
0xC0087240 W
0xC0087280 W
0xC00872C0 W
0xC0087300 W
0xC0087340 W
0xC0087380 W
0xC00873C0 W
0xC0087400 W
0xC0087440 W
0xC0087480 W
0xC00874C0 W
0xC0087500 W
0xC0087540 W
0xC0087580 W
0xC00875C0 W
0xC0087600 W
0xC0087640 W
0xC0087680 W
0xC00876C0 W
0xC0087700 W
0xC0087740 W
0xC0087780 W
0xC00877C0 W
0xC0087800 W
0xC0087840 W
0xC0087880 W
0xC00878C0 W
0xC0087900 W
0xC0087940 W
0xC0087980 W
0xC00879C0 W
0xC0087A00 W
0xC0087A40 W
0xC0087A80 W
0xC0087AC0 W
0xC0087B00 W
0xC0087B40 W
0xC0087B80 W
0xC0087BC0 W
0xC0087C00 W
0xC0087C40 W
0xC0087C80 W
0xC0087CC0 W
0xC0087D00 W
0xC0087D40 W
0xC0087D80 W
0xC0087DC0 W
0xC0087E00 W
0xC0087E40 W
0xC0087E80 W
0xC0087EC0 W
0xC0087F00 W
0xC0087F40 W
0xC0087F80 W
0xC0087FC0 W
0xC0088000 W
0xC0088040 W
0xC0088080 W
0xC00880C0 W
0xC0088100 W
0xC0088140 W
0xC0088180 W
0xC00881C0 W
0xC0088200 W
0xC0088240 W
0xC0088280 W
0xC00882C0 W
0xC0088300 W
0xC0088340 W
0xC0088380 W
0xC00883C0 W
0xC0088400 W
0xC0088440 W
0xC0088480 W
0xC00884C0 W
0xC0088500 W
0xC0088540 W
0xC0088580 W
0xC00885C0 W
0xC0088600 W
0xC0088640 W
0xC0088680 W
0xC00886C0 W
0xC0088700 W
0xC0088740 W
0xC0088780 W
0xC00887C0 W
0xC0088800 W
0xC0088840 W
0xC0088880 W
0xC00888C0 W
0xC0088900 W
0xC0088940 W
0xC0088980 W
0xC00889C0 W
0xC0088A00 W
0xC0088A40 W
0xC0088A80 W
0xC0088AC0 W
0xC0088B00 W
0xC0088B40 W
0xC0088B80 W
0xC0088BC0 W
0xC0088C00 W
0xC0088C40 W
0xC0088C80 W
0xC0088CC0 W
0xC0088D00 W
0xC0088D40 W
0xC0088D80 W
0xC0088DC0 W
0xC0088E00 W
0xC0088E40 W
0xC0088E80 W
0xC0088EC0 W
0xC0088F00 W
0xC0088F40 W
0xC0088F80 W
0xC0088FC0 W
0xC0089000 W
0xC0089040 W
0xC0089080 W
0xC00890C0 W
0xC0089100 W
0xC0089140 W
0xC0089180 W
0xC00891C0 W
0xC0089200 W
0xC0089240 W
0xC0089280 W
0xC00892C0 W
0xC0089300 W
0xC0089340 W
0xC0089380 W
0xC00893C0 W
0xC0089400 W
0xC0089440 W
0xC0089480 W
0xC00894C0 W
0xC0089500 W
0xC0089540 W
0xC0089580 W
0xC00895C0 W
0xC0089600 W
0xC0089640 W
0xC0089680 W
0xC00896C0 W
0xC0089700 W
0xC0089740 W
0xC0089780 W
0xC00897C0 W
0xC0089800 W
0xC0089840 W
0xC0089880 W
0xC00898C0 W
0xC0089900 W
0xC0089940 W
0xC0089980 W
0xC00899C0 W
0xC0089A00 W
0xC0089A40 W
0xC0089A80 W
0xC0089AC0 W
0xC0089B00 W
0xC0089B40 W
0xC0089B80 W
0xC0089BC0 W
0xC0089C00 W
0xC0089C40 W
0xC0089C80 W
0xC0089CC0 W
0xC0089D00 W
0xC0089D40 W
0xC0089D80 W
0xC0089DC0 W
0xC0089E00 W
0xC0089E40 W
0xC0089E80 W
0xC0089EC0 W
0xC0089F00 W
0xC0089F40 W
0xC0089F80 W
0xC0089FC0 W
0xC008A000 W
0xC008A040 W
0xC008A080 W
0xC008A0C0 W
0xC008A100 W
0xC008A140 W
0xC008A180 W
0xC008A1C0 W
0xC008A200 W
0xC008A240 W
0xC008A280 W
0xC008A2C0 W
0xC008A300 W
0xC008A340 W
0xC008A380 W
0xC008A3C0 W
0xC008A400 W
0xC008A440 W
0xC008A480 W
0xC008A4C0 W
0xC008A500 W
0xC008A540 W
0xC008A580 W
0xC008A5C0 W
0xC008A600 W
0xC008A640 W
0xC008A680 W
0xC008A6C0 W
0xC008A700 W
0xC008A740 W
0xC008A780 W
0xC008A7C0 W
0xC008A800 W
0xC008A840 W
0xC008A880 W
0xC008A8C0 W
0xC008A900 W
0xC008A940 W
0xC008A980 W
0xC008A9C0 W
0xC008AA00 W
0xC008AA40 W
0xC008AA80 W
0xC008AAC0 W
0xC008AB00 W
0xC008AB40 W
0xC008AB80 W
0xC008ABC0 W
0xC008AC00 W
0xC008AC40 W
0xC008AC80 W
0xC008ACC0 W
0xC008AD00 W
0xC008AD40 W
0xC008AD80 W
0xC008ADC0 W
0xC008AE00 W
0xC008AE40 W
0xC008AE80 W
0xC008AEC0 W
0xC008AF00 W
0xC008AF40 W
0xC008AF80 W
0xC008AFC0 W
0xC008B000 W
0xC008B040 W
0xC008B080 W
0xC008B0C0 W
0xC008B100 W
0xC008B140 W
0xC008B180 W
0xC008B1C0 W
0xC008B200 W
0xC008B240 W
0xC008B280 W
0xC008B2C0 W
0xC008B300 W
0xC008B340 W
0xC008B380 W
0xC008B3C0 W
0xC008B400 W
0xC008B440 W
0xC008B480 W
0xC008B4C0 W
0xC008B500 W
0xC008B540 W
0xC008B580 W
0xC008B5C0 W
0xC008B600 W
0xC008B640 W
0xC008B680 W
0xC008B6C0 W
0xC008B700 W
0xC008B740 W
0xC008B780 W
0xC008B7C0 W
0xC008B800 W
0xC008B840 W
0xC008B880 W
0xC008B8C0 W
0xC008B900 W
0xC008B940 W
0xC008B980 W
0xC008B9C0 W
0xC008BA00 W
0xC008BA40 W
0xC008BA80 W
0xC008BAC0 W
0xC008BB00 W
0xC008BB40 W
0xC008BB80 W
0xC008BBC0 W
0xC008BC00 W
0xC008BC40 W
0xC008BC80 W
0xC008BCC0 W
0xC008BD00 W
0xC008BD40 W
0xC008BD80 W
0xC008BDC0 W
0xC008BE00 W
0xC008BE40 W
0xC008BE80 W
0xC008BEC0 W
0xC008BF00 W
0xC008BF40 W
0xC008BF80 W
0xC008BFC0 W
0xC008C000 W
0xC008C040 W
0xC008C080 W
0xC008C0C0 W
0xC008C100 W
0xC008C140 W
0xC008C180 W
0xC008C1C0 W
0xC008C200 W
0xC008C240 W
0xC008C280 W
0xC008C2C0 W
0xC008C300 W
0xC008C340 W
0xC008C380 W
0xC008C3C0 W
0xC008C400 W
0xC008C440 W
0xC008C480 W
0xC008C4C0 W
0xC008C500 W
0xC008C540 W
0xC008C580 W
0xC008C5C0 W
0xC008C600 W
0xC008C640 W
0xC008C680 W
0xC008C6C0 W
0xC008C700 W
0xC008C740 W
0xC008C780 W
0xC008C7C0 W
0xC008C800 W
0xC008C840 W
0xC008C880 W
0xC008C8C0 W
0xC008C900 W
0xC008C940 W
0xC008C980 W
0xC008C9C0 W
0xC008CA00 W
0xC008CA40 W
0xC008CA80 W
0xC008CAC0 W
0xC008CB00 W
0xC008CB40 W
0xC008CB80 W
0xC008CBC0 W
0xC008CC00 W
0xC008CC40 W
0xC008CC80 W
0xC008CCC0 W
0xC008CD00 W
0xC008CD40 W
0xC008CD80 W
0xC008CDC0 W
0xC008CE00 W
0xC008CE40 W
0xC008CE80 W
0xC008CEC0 W
0xC008CF00 W
0xC008CF40 W
0xC008CF80 W
0xC008CFC0 W
0xC008D000 W
0xC008D040 W
0xC008D080 W
0xC008D0C0 W
0xC008D100 W
0xC008D140 W
0xC008D180 W
0xC008D1C0 W
0xC008D200 W
0xC008D240 W
0xC008D280 W
0xC008D2C0 W
0xC008D300 W
0xC008D340 W
0xC008D380 W
0xC008D3C0 W
0xC008D400 W
0xC008D440 W
0xC008D480 W
0xC008D4C0 W
0xC008D500 W
0xC008D540 W
0xC008D580 W
0xC008D5C0 W
0xC008D600 W
0xC008D640 W
0xC008D680 W
0xC008D6C0 W
0xC008D700 W
0xC008D740 W
0xC008D780 W
0xC008D7C0 W
0xC008D800 W
0xC008D840 W
0xC008D880 W
0xC008D8C0 W
0xC008D900 W
0xC008D940 W
0xC008D980 W
0xC008D9C0 W
0xC008DA00 W
0xC008DA40 W
0xC008DA80 W
0xC008DAC0 W
0xC008DB00 W
0xC008DB40 W
0xC008DB80 W
0xC008DBC0 W
0xC008DC00 W
0xC008DC40 W
0xC008DC80 W
0xC008DCC0 W
0xC008DD00 W
0xC008DD40 W
0xC008DD80 W
0xC008DDC0 W
0xC008DE00 W
0xC008DE40 W
0xC008DE80 W
0xC008DEC0 W
0xC008DF00 W
0xC008DF40 W
0xC008DF80 W
0xC008DFC0 W
0xC008E000 W
0xC008E040 W
0xC008E080 W
0xC008E0C0 W
0xC008E100 W
0xC008E140 W
0xC008E180 W
0xC008E1C0 W
0xC008E200 W
0xC008E240 W
0xC008E280 W
0xC008E2C0 W
0xC008E300 W
0xC008E340 W
0xC008E380 W
0xC008E3C0 W
0xC008E400 W
0xC008E440 W
0xC008E480 W
0xC008E4C0 W
0xC008E500 W
0xC008E540 W
0xC008E580 W
0xC008E5C0 W
0xC008E600 W
0xC008E640 W
0xC008E680 W
0xC008E6C0 W
0xC008E700 W
0xC008E740 W
0xC008E780 W
0xC008E7C0 W
0xC008E800 W
0xC008E840 W
0xC008E880 W
0xC008E8C0 W
0xC008E900 W
0xC008E940 W
0xC008E980 W
0xC008E9C0 W
0xC008EA00 W
0xC008EA40 W
0xC008EA80 W
0xC008EAC0 W
0xC008EB00 W
0xC008EB40 W
0xC008EB80 W
0xC008EBC0 W
0xC008EC00 W
0xC008EC40 W
0xC008EC80 W
0xC008ECC0 W
0xC008ED00 W
0xC008ED40 W
0xC008ED80 W
0xC008EDC0 W
0xC008EE00 W
0xC008EE40 W
0xC008EE80 W
0xC008EEC0 W
0xC008EF00 W
0xC008EF40 W
0xC008EF80 W
0xC008EFC0 W
0xC008F000 W
0xC008F040 W
0xC008F080 W
0xC008F0C0 W
0xC008F100 W
0xC008F140 W
0xC008F180 W
0xC008F1C0 W
0xC008F200 W
0xC008F240 W
0xC008F280 W
0xC008F2C0 W
0xC008F300 W
0xC008F340 W
0xC008F380 W
0xC008F3C0 W
0xC008F400 W
0xC008F440 W
0xC008F480 W
0xC008F4C0 W
0xC008F500 W
0xC008F540 W
0xC008F580 W
0xC008F5C0 W
0xC008F600 W
0xC008F640 W
0xC008F680 W
0xC008F6C0 W
0xC008F700 W
0xC008F740 W
0xC008F780 W
0xC008F7C0 W
0xC008F800 W
0xC008F840 W
0xC008F880 W
0xC008F8C0 W
0xC008F900 W
0xC008F940 W
0xC008F980 W
0xC008F9C0 W
0xC008FA00 W
0xC008FA40 W
0xC008FA80 W
0xC008FAC0 W
0xC008FB00 W
0xC008FB40 W
0xC008FB80 W
0xC008FBC0 W
0xC008FC00 W
0xC008FC40 W
0xC008FC80 W
0xC008FCC0 W
0xC008FD00 W
0xC008FD40 W
0xC008FD80 W
0xC008FDC0 W
0xC008FE00 W
0xC008FE40 W
0xC008FE80 W
0xC008FEC0 W
0xC008FF00 W
0xC008FF40 W
0xC008FF80 W
0xC008FFC0 W
0xC0080000 R
0xC0080040 R
0xC0080080 R
0xC00800C0 R
0xC0080100 R
0xC0080140 R
0xC0080180 R
0xC00801C0 R
0xC0080200 R
0xC0080240 R
0xC0080280 R
0xC00802C0 R
0xC0080300 R
0xC0080340 R
0xC0080380 R
0xC00803C0 R
0xC0080400 R
0xC0080440 R
0xC0080480 R
0xC00804C0 R
0xC0080500 R
0xC0080540 R
0xC0080580 R
0xC00805C0 R
0xC0080600 R
0xC0080640 R
0xC0080680 R
0xC00806C0 R
0xC0080700 R
0xC0080740 R
0xC0080780 R
0xC00807C0 R
0xC0080800 R
0xC0080840 R
0xC0080880 R
0xC00808C0 R
0xC0080900 R
0xC0080940 R
0xC0080980 R
0xC00809C0 R
0xC0080A00 R
0xC0080A40 R
0xC0080A80 R
0xC0080AC0 R
0xC0080B00 R
0xC0080B40 R
0xC0080B80 R
0xC0080BC0 R
0xC0080C00 R
0xC0080C40 R
0xC0080C80 R
0xC0080CC0 R
0xC0080D00 R
0xC0080D40 R
0xC0080D80 R
0xC0080DC0 R
0xC0080E00 R
0xC0080E40 R
0xC0080E80 R
0xC0080EC0 R
0xC0080F00 R
0xC0080F40 R
0xC0080F80 R
0xC0080FC0 R
0xC0081000 R
0xC0081040 R
0xC0081080 R
0xC00810C0 R
0xC0081100 R
0xC0081140 R
0xC0081180 R
0xC00811C0 R
0xC0081200 R
0xC0081240 R
0xC0081280 R
0xC00812C0 R
0xC0081300 R
0xC0081340 R
0xC0081380 R
0xC00813C0 R
0xC0081400 R
0xC0081440 R
0xC0081480 R
0xC00814C0 R
0xC0081500 R
0xC0081540 R
0xC0081580 R
0xC00815C0 R
0xC0081600 R
0xC0081640 R
0xC0081680 R
0xC00816C0 R
0xC0081700 R
0xC0081740 R
0xC0081780 R
0xC00817C0 R
0xC0081800 R
0xC0081840 R
0xC0081880 R
0xC00818C0 R
0xC0081900 R
0xC0081940 R
0xC0081980 R
0xC00819C0 R
0xC0081A00 R
0xC0081A40 R
0xC0081A80 R
0xC0081AC0 R
0xC0081B00 R
0xC0081B40 R
0xC0081B80 R
0xC0081BC0 R
0xC0081C00 R
0xC0081C40 R
0xC0081C80 R
0xC0081CC0 R
0xC0081D00 R
0xC0081D40 R
0xC0081D80 R
0xC0081DC0 R
0xC0081E00 R
0xC0081E40 R
0xC0081E80 R
0xC0081EC0 R
0xC0081F00 R
0xC0081F40 R
0xC0081F80 R
0xC0081FC0 R
0xC0082000 R
0xC0082040 R
0xC0082080 R
0xC00820C0 R
0xC0082100 R
0xC0082140 R
0xC0082180 R
0xC00821C0 R
0xC0082200 R
0xC0082240 R
0xC0082280 R
0xC00822C0 R
0xC0082300 R
0xC0082340 R
0xC0082380 R
0xC00823C0 R
0xC0082400 R
0xC0082440 R
0xC0082480 R
0xC00824C0 R
0xC0082500 R
0xC0082540 R
0xC0082580 R
0xC00825C0 R
0xC0082600 R
0xC0082640 R
0xC0082680 R
0xC00826C0 R
0xC0082700 R
0xC0082740 R
0xC0082780 R
0xC00827C0 R
0xC0082800 R
0xC0082840 R
0xC0082880 R
0xC00828C0 R
0xC0082900 R
0xC0082940 R
0xC0082980 R
0xC00829C0 R
0xC0082A00 R
0xC0082A40 R
0xC0082A80 R
0xC0082AC0 R
0xC0082B00 R
0xC0082B40 R
0xC0082B80 R
0xC0082BC0 R
0xC0082C00 R
0xC0082C40 R
0xC0082C80 R
0xC0082CC0 R
0xC0082D00 R
0xC0082D40 R
0xC0082D80 R
0xC0082DC0 R
0xC0082E00 R
0xC0082E40 R
0xC0082E80 R
0xC0082EC0 R
0xC0082F00 R
0xC0082F40 R
0xC0082F80 R
0xC0082FC0 R
0xC0083000 R
0xC0083040 R
0xC0083080 R
0xC00830C0 R
0xC0083100 R
0xC0083140 R
0xC0083180 R
0xC00831C0 R
0xC0083200 R
0xC0083240 R
0xC0083280 R
0xC00832C0 R
0xC0083300 R
0xC0083340 R
0xC0083380 R
0xC00833C0 R
0xC0083400 R
0xC0083440 R
0xC0083480 R
0xC00834C0 R
0xC0083500 R
0xC0083540 R
0xC0083580 R
0xC00835C0 R
0xC0083600 R
0xC0083640 R
0xC0083680 R
0xC00836C0 R
0xC0083700 R
0xC0083740 R
0xC0083780 R
0xC00837C0 R
0xC0083800 R
0xC0083840 R
0xC0083880 R
0xC00838C0 R
0xC0083900 R
0xC0083940 R
0xC0083980 R
0xC00839C0 R
0xC0083A00 R
0xC0083A40 R
0xC0083A80 R
0xC0083AC0 R
0xC0083B00 R
0xC0083B40 R
0xC0083B80 R
0xC0083BC0 R
0xC0083C00 R
0xC0083C40 R
0xC0083C80 R
0xC0083CC0 R
0xC0083D00 R
0xC0083D40 R
0xC0083D80 R
0xC0083DC0 R
0xC0083E00 R
0xC0083E40 R
0xC0083E80 R
0xC0083EC0 R
0xC0083F00 R
0xC0083F40 R
0xC0083F80 R
0xC0083FC0 R
0xC0084000 R
0xC0084040 R
0xC0084080 R
0xC00840C0 R
0xC0084100 R
0xC0084140 R
0xC0084180 R
0xC00841C0 R
0xC0084200 R
0xC0084240 R
0xC0084280 R
0xC00842C0 R
0xC0084300 R
0xC0084340 R
0xC0084380 R
0xC00843C0 R
0xC0084400 R
0xC0084440 R
0xC0084480 R
0xC00844C0 R
0xC0084500 R
0xC0084540 R
0xC0084580 R
0xC00845C0 R
0xC0084600 R
0xC0084640 R
0xC0084680 R
0xC00846C0 R
0xC0084700 R
0xC0084740 R
0xC0084780 R
0xC00847C0 R
0xC0084800 R
0xC0084840 R
0xC0084880 R
0xC00848C0 R
0xC0084900 R
0xC0084940 R
0xC0084980 R
0xC00849C0 R
0xC0084A00 R
0xC0084A40 R
0xC0084A80 R
0xC0084AC0 R
0xC0084B00 R
0xC0084B40 R
0xC0084B80 R
0xC0084BC0 R
0xC0084C00 R
0xC0084C40 R
0xC0084C80 R
0xC0084CC0 R
0xC0084D00 R
0xC0084D40 R
0xC0084D80 R
0xC0084DC0 R
0xC0084E00 R
0xC0084E40 R
0xC0084E80 R
0xC0084EC0 R
0xC0084F00 R
0xC0084F40 R
0xC0084F80 R
0xC0084FC0 R
0xC0085000 R
0xC0085040 R
0xC0085080 R
0xC00850C0 R
0xC0085100 R
0xC0085140 R
0xC0085180 R
0xC00851C0 R
0xC0085200 R
0xC0085240 R
0xC0085280 R
0xC00852C0 R
0xC0085300 R
0xC0085340 R
0xC0085380 R
0xC00853C0 R
0xC0085400 R
0xC0085440 R
0xC0085480 R
0xC00854C0 R
0xC0085500 R
0xC0085540 R
0xC0085580 R
0xC00855C0 R
0xC0085600 R
0xC0085640 R
0xC0085680 R
0xC00856C0 R
0xC0085700 R
0xC0085740 R
0xC0085780 R
0xC00857C0 R
0xC0085800 R
0xC0085840 R
0xC0085880 R
0xC00858C0 R
0xC0085900 R
0xC0085940 R
0xC0085980 R
0xC00859C0 R
0xC0085A00 R
0xC0085A40 R
0xC0085A80 R
0xC0085AC0 R
0xC0085B00 R
0xC0085B40 R
0xC0085B80 R
0xC0085BC0 R
0xC0085C00 R
0xC0085C40 R
0xC0085C80 R
0xC0085CC0 R
0xC0085D00 R
0xC0085D40 R
0xC0085D80 R
0xC0085DC0 R
0xC0085E00 R
0xC0085E40 R
0xC0085E80 R
0xC0085EC0 R
0xC0085F00 R
0xC0085F40 R
0xC0085F80 R
0xC0085FC0 R
0xC0086000 R
0xC0086040 R
0xC0086080 R
0xC00860C0 R
0xC0086100 R
0xC0086140 R
0xC0086180 R
0xC00861C0 R
0xC0086200 R
0xC0086240 R
0xC0086280 R
0xC00862C0 R
0xC0086300 R
0xC0086340 R
0xC0086380 R
0xC00863C0 R
0xC0086400 R
0xC0086440 R
0xC0086480 R
0xC00864C0 R
0xC0086500 R
0xC0086540 R
0xC0086580 R
0xC00865C0 R
0xC0086600 R
0xC0086640 R
0xC0086680 R
0xC00866C0 R
0xC0086700 R
0xC0086740 R
0xC0086780 R
0xC00867C0 R
0xC0086800 R
0xC0086840 R
0xC0086880 R
0xC00868C0 R
0xC0086900 R
0xC0086940 R
0xC0086980 R
0xC00869C0 R
0xC0086A00 R
0xC0086A40 R
0xC0086A80 R
0xC0086AC0 R
0xC0086B00 R
0xC0086B40 R
0xC0086B80 R
0xC0086BC0 R
0xC0086C00 R
0xC0086C40 R
0xC0086C80 R
0xC0086CC0 R
0xC0086D00 R
0xC0086D40 R
0xC0086D80 R
0xC0086DC0 R
0xC0086E00 R
0xC0086E40 R
0xC0086E80 R
0xC0086EC0 R
0xC0086F00 R
0xC0086F40 R
0xC0086F80 R
0xC0086FC0 R
0xC0087000 R
0xC0087040 R
0xC0087080 R
0xC00870C0 R
0xC0087100 R
0xC0087140 R
0xC0087180 R
0xC00871C0 R
0xC0087200 R
0xC0087240 R
0xC0087280 R
0xC00872C0 R
0xC0087300 R
0xC0087340 R
0xC0087380 R
0xC00873C0 R
0xC0087400 R
0xC0087440 R
0xC0087480 R
0xC00874C0 R
0xC0087500 R
0xC0087540 R
0xC0087580 R
0xC00875C0 R
0xC0087600 R
0xC0087640 R
0xC0087680 R
0xC00876C0 R
0xC0087700 R
0xC0087740 R
0xC0087780 R
0xC00877C0 R
0xC0087800 R
0xC0087840 R
0xC0087880 R
0xC00878C0 R
0xC0087900 R
0xC0087940 R
0xC0087980 R
0xC00879C0 R
0xC0087A00 R
0xC0087A40 R
0xC0087A80 R
0xC0087AC0 R
0xC0087B00 R
0xC0087B40 R
0xC0087B80 R
0xC0087BC0 R
0xC0087C00 R
0xC0087C40 R
0xC0087C80 R
0xC0087CC0 R
0xC0087D00 R
0xC0087D40 R
0xC0087D80 R
0xC0087DC0 R
0xC0087E00 R
0xC0087E40 R
0xC0087E80 R
0xC0087EC0 R
0xC0087F00 R
0xC0087F40 R
0xC0087F80 R
0xC0087FC0 R
0xC0088000 R
0xC0088040 R
0xC0088080 R
0xC00880C0 R
0xC0088100 R
0xC0088140 R
0xC0088180 R
0xC00881C0 R
0xC0088200 R
0xC0088240 R
0xC0088280 R
0xC00882C0 R
0xC0088300 R
0xC0088340 R
0xC0088380 R
0xC00883C0 R
0xC0088400 R
0xC0088440 R
0xC0088480 R
0xC00884C0 R
0xC0088500 R
0xC0088540 R
0xC0088580 R
0xC00885C0 R
0xC0088600 R
0xC0088640 R
0xC0088680 R
0xC00886C0 R
0xC0088700 R
0xC0088740 R
0xC0088780 R
0xC00887C0 R
0xC0088800 R
0xC0088840 R
0xC0088880 R
0xC00888C0 R
0xC0088900 R
0xC0088940 R
0xC0088980 R
0xC00889C0 R
0xC0088A00 R
0xC0088A40 R
0xC0088A80 R
0xC0088AC0 R
0xC0088B00 R
0xC0088B40 R
0xC0088B80 R
0xC0088BC0 R
0xC0088C00 R
0xC0088C40 R
0xC0088C80 R
0xC0088CC0 R
0xC0088D00 R
0xC0088D40 R
0xC0088D80 R
0xC0088DC0 R
0xC0088E00 R
0xC0088E40 R
0xC0088E80 R
0xC0088EC0 R
0xC0088F00 R
0xC0088F40 R
0xC0088F80 R
0xC0088FC0 R
0xC0089000 R
0xC0089040 R
0xC0089080 R
0xC00890C0 R
0xC0089100 R
0xC0089140 R
0xC0089180 R
0xC00891C0 R
0xC0089200 R
0xC0089240 R
0xC0089280 R
0xC00892C0 R
0xC0089300 R
0xC0089340 R
0xC0089380 R
0xC00893C0 R
0xC0089400 R
0xC0089440 R
0xC0089480 R
0xC00894C0 R
0xC0089500 R
0xC0089540 R
0xC0089580 R
0xC00895C0 R
0xC0089600 R
0xC0089640 R
0xC0089680 R
0xC00896C0 R
0xC0089700 R
0xC0089740 R
0xC0089780 R
0xC00897C0 R
0xC0089800 R
0xC0089840 R
0xC0089880 R
0xC00898C0 R
0xC0089900 R
0xC0089940 R
0xC0089980 R
0xC00899C0 R
0xC0089A00 R
0xC0089A40 R
0xC0089A80 R
0xC0089AC0 R
0xC0089B00 R
0xC0089B40 R
0xC0089B80 R
0xC0089BC0 R
0xC0089C00 R
0xC0089C40 R
0xC0089C80 R
0xC0089CC0 R
0xC0089D00 R
0xC0089D40 R
0xC0089D80 R
0xC0089DC0 R
0xC0089E00 R
0xC0089E40 R
0xC0089E80 R
0xC0089EC0 R
0xC0089F00 R
0xC0089F40 R
0xC0089F80 R
0xC0089FC0 R
0xC008A000 R
0xC008A040 R
0xC008A080 R
0xC008A0C0 R
0xC008A100 R
0xC008A140 R
0xC008A180 R
0xC008A1C0 R
0xC008A200 R
0xC008A240 R
0xC008A280 R
0xC008A2C0 R
0xC008A300 R
0xC008A340 R
0xC008A380 R
0xC008A3C0 R
0xC008A400 R
0xC008A440 R
0xC008A480 R
0xC008A4C0 R
0xC008A500 R
0xC008A540 R
0xC008A580 R
0xC008A5C0 R
0xC008A600 R
0xC008A640 R
0xC008A680 R
0xC008A6C0 R
0xC008A700 R
0xC008A740 R
0xC008A780 R
0xC008A7C0 R
0xC008A800 R
0xC008A840 R
0xC008A880 R
0xC008A8C0 R
0xC008A900 R
0xC008A940 R
0xC008A980 R
0xC008A9C0 R
0xC008AA00 R
0xC008AA40 R
0xC008AA80 R
0xC008AAC0 R
0xC008AB00 R
0xC008AB40 R
0xC008AB80 R
0xC008ABC0 R
0xC008AC00 R
0xC008AC40 R
0xC008AC80 R
0xC008ACC0 R
0xC008AD00 R
0xC008AD40 R
0xC008AD80 R
0xC008ADC0 R
0xC008AE00 R
0xC008AE40 R
0xC008AE80 R
0xC008AEC0 R
0xC008AF00 R
0xC008AF40 R
0xC008AF80 R
0xC008AFC0 R
0xC008B000 R
0xC008B040 R
0xC008B080 R
0xC008B0C0 R
0xC008B100 R
0xC008B140 R
0xC008B180 R
0xC008B1C0 R
0xC008B200 R
0xC008B240 R
0xC008B280 R
0xC008B2C0 R
0xC008B300 R
0xC008B340 R
0xC008B380 R
0xC008B3C0 R
0xC008B400 R
0xC008B440 R
0xC008B480 R
0xC008B4C0 R
0xC008B500 R
0xC008B540 R
0xC008B580 R
0xC008B5C0 R
0xC008B600 R
0xC008B640 R
0xC008B680 R
0xC008B6C0 R
0xC008B700 R
0xC008B740 R
0xC008B780 R
0xC008B7C0 R
0xC008B800 R
0xC008B840 R
0xC008B880 R
0xC008B8C0 R
0xC008B900 R
0xC008B940 R
0xC008B980 R
0xC008B9C0 R
0xC008BA00 R
0xC008BA40 R
0xC008BA80 R
0xC008BAC0 R
0xC008BB00 R
0xC008BB40 R
0xC008BB80 R
0xC008BBC0 R
0xC008BC00 R
0xC008BC40 R
0xC008BC80 R
0xC008BCC0 R
0xC008BD00 R
0xC008BD40 R
0xC008BD80 R
0xC008BDC0 R
0xC008BE00 R
0xC008BE40 R
0xC008BE80 R
0xC008BEC0 R
0xC008BF00 R
0xC008BF40 R
0xC008BF80 R
0xC008BFC0 R
0xC008C000 R
0xC008C040 R
0xC008C080 R
0xC008C0C0 R
0xC008C100 R
0xC008C140 R
0xC008C180 R
0xC008C1C0 R
0xC008C200 R
0xC008C240 R
0xC008C280 R
0xC008C2C0 R
0xC008C300 R
0xC008C340 R
0xC008C380 R
0xC008C3C0 R
0xC008C400 R
0xC008C440 R
0xC008C480 R
0xC008C4C0 R
0xC008C500 R
0xC008C540 R
0xC008C580 R
0xC008C5C0 R
0xC008C600 R
0xC008C640 R
0xC008C680 R
0xC008C6C0 R
0xC008C700 R
0xC008C740 R
0xC008C780 R
0xC008C7C0 R
0xC008C800 R
0xC008C840 R
0xC008C880 R
0xC008C8C0 R
0xC008C900 R
0xC008C940 R
0xC008C980 R
0xC008C9C0 R
0xC008CA00 R
0xC008CA40 R
0xC008CA80 R
0xC008CAC0 R
0xC008CB00 R
0xC008CB40 R
0xC008CB80 R
0xC008CBC0 R
0xC008CC00 R
0xC008CC40 R
0xC008CC80 R
0xC008CCC0 R
0xC008CD00 R
0xC008CD40 R
0xC008CD80 R
0xC008CDC0 R
0xC008CE00 R
0xC008CE40 R
0xC008CE80 R
0xC008CEC0 R
0xC008CF00 R
0xC008CF40 R
0xC008CF80 R
0xC008CFC0 R
0xC008D000 R
0xC008D040 R
0xC008D080 R
0xC008D0C0 R
0xC008D100 R
0xC008D140 R
0xC008D180 R
0xC008D1C0 R
0xC008D200 R
0xC008D240 R
0xC008D280 R
0xC008D2C0 R
0xC008D300 R
0xC008D340 R
0xC008D380 R
0xC008D3C0 R
0xC008D400 R
0xC008D440 R
0xC008D480 R
0xC008D4C0 R
0xC008D500 R
0xC008D540 R
0xC008D580 R
0xC008D5C0 R
0xC008D600 R
0xC008D640 R
0xC008D680 R
0xC008D6C0 R
0xC008D700 R
0xC008D740 R
0xC008D780 R
0xC008D7C0 R
0xC008D800 R
0xC008D840 R
0xC008D880 R
0xC008D8C0 R
0xC008D900 R
0xC008D940 R
0xC008D980 R
0xC008D9C0 R
0xC008DA00 R
0xC008DA40 R
0xC008DA80 R
0xC008DAC0 R
0xC008DB00 R
0xC008DB40 R
0xC008DB80 R
0xC008DBC0 R
0xC008DC00 R
0xC008DC40 R
0xC008DC80 R
0xC008DCC0 R
0xC008DD00 R
0xC008DD40 R
0xC008DD80 R
0xC008DDC0 R
0xC008DE00 R
0xC008DE40 R
0xC008DE80 R
0xC008DEC0 R
0xC008DF00 R
0xC008DF40 R
0xC008DF80 R
0xC008DFC0 R
0xC008E000 R
0xC008E040 R
0xC008E080 R
0xC008E0C0 R
0xC008E100 R
0xC008E140 R
0xC008E180 R
0xC008E1C0 R
0xC008E200 R
0xC008E240 R
0xC008E280 R
0xC008E2C0 R
0xC008E300 R
0xC008E340 R
0xC008E380 R
0xC008E3C0 R
0xC008E400 R
0xC008E440 R
0xC008E480 R
0xC008E4C0 R
0xC008E500 R
0xC008E540 R
0xC008E580 R
0xC008E5C0 R
0xC008E600 R
0xC008E640 R
0xC008E680 R
0xC008E6C0 R
0xC008E700 R
0xC008E740 R
0xC008E780 R
0xC008E7C0 R
0xC008E800 R
0xC008E840 R
0xC008E880 R
0xC008E8C0 R
0xC008E900 R
0xC008E940 R
0xC008E980 R
0xC008E9C0 R
0xC008EA00 R
0xC008EA40 R
0xC008EA80 R
0xC008EAC0 R
0xC008EB00 R
0xC008EB40 R
0xC008EB80 R
0xC008EBC0 R
0xC008EC00 R
0xC008EC40 R
0xC008EC80 R
0xC008ECC0 R
0xC008ED00 R
0xC008ED40 R
0xC008ED80 R
0xC008EDC0 R
0xC008EE00 R
0xC008EE40 R
0xC008EE80 R
0xC008EEC0 R
0xC008EF00 R
0xC008EF40 R
0xC008EF80 R
0xC008EFC0 R
0xC008F000 R
0xC008F040 R
0xC008F080 R
0xC008F0C0 R
0xC008F100 R
0xC008F140 R
0xC008F180 R
0xC008F1C0 R
0xC008F200 R
0xC008F240 R
0xC008F280 R
0xC008F2C0 R
0xC008F300 R
0xC008F340 R
0xC008F380 R
0xC008F3C0 R
0xC008F400 R
0xC008F440 R
0xC008F480 R
0xC008F4C0 R
0xC008F500 R
0xC008F540 R
0xC008F580 R
0xC008F5C0 R
0xC008F600 R
0xC008F640 R
0xC008F680 R
0xC008F6C0 R
0xC008F700 R
0xC008F740 R
0xC008F780 R
0xC008F7C0 R
0xC008F800 R
0xC008F840 R
0xC008F880 R
0xC008F8C0 R
0xC008F900 R
0xC008F940 R
0xC008F980 R
0xC008F9C0 R
0xC008FA00 R
0xC008FA40 R
0xC008FA80 R
0xC008FAC0 R
0xC008FB00 R
0xC008FB40 R
0xC008FB80 R
0xC008FBC0 R
0xC008FC00 R
0xC008FC40 R
0xC008FC80 R
0xC008FCC0 R
0xC008FD00 R
0xC008FD40 R
0xC008FD80 R
0xC008FDC0 R
0xC008FE00 R
0xC008FE40 R
0xC008FE80 R
0xC008FEC0 R
0xC008FF00 R
0xC008FF40 R
0xC008FF80 R
0xC008FFC0 R
0xA0090000 R
0xA0090040 R
0xA0090080 R
0xA00900C0 R
0xA0090100 R
0xA0090140 R
0xA0090180 R
0xA00901C0 R
0xA0090200 R
0xA0090240 R
0xA0090280 R
0xA00902C0 R
0xA0090300 R
0xA0090340 R
0xA0090380 R
0xA00903C0 R
0xA0090400 R
0xA0090440 R
0xA0090480 R
0xA00904C0 R
0xA0090500 R
0xA0090540 R
0xA0090580 R
0xA00905C0 R
0xA0090600 R
0xA0090640 R
0xA0090680 R
0xA00906C0 R
0xA0090700 R
0xA0090740 R
0xA0090780 R
0xA00907C0 R
0xA0090800 R
0xA0090840 R
0xA0090880 R
0xA00908C0 R
0xA0090900 R
0xA0090940 R
0xA0090980 R
0xA00909C0 R
0xA0090A00 R
0xA0090A40 R
0xA0090A80 R
0xA0090AC0 R
0xA0090B00 R
0xA0090B40 R
0xA0090B80 R
0xA0090BC0 R
0xA0090C00 R
0xA0090C40 R
0xA0090C80 R
0xA0090CC0 R
0xA0090D00 R
0xA0090D40 R
0xA0090D80 R
0xA0090DC0 R
0xA0090E00 R
0xA0090E40 R
0xA0090E80 R
0xA0090EC0 R
0xA0090F00 R
0xA0090F40 R
0xA0090F80 R
0xA0090FC0 R
0xA0091000 R
0xA0091040 R
0xA0091080 R
0xA00910C0 R
0xA0091100 R
0xA0091140 R
0xA0091180 R
0xA00911C0 R
0xA0091200 R
0xA0091240 R
0xA0091280 R
0xA00912C0 R
0xA0091300 R
0xA0091340 R
0xA0091380 R
0xA00913C0 R
0xA0091400 R
0xA0091440 R
0xA0091480 R
0xA00914C0 R
0xA0091500 R
0xA0091540 R
0xA0091580 R
0xA00915C0 R
0xA0091600 R
0xA0091640 R
0xA0091680 R
0xA00916C0 R
0xA0091700 R
0xA0091740 R
0xA0091780 R
0xA00917C0 R
0xA0091800 R
0xA0091840 R
0xA0091880 R
0xA00918C0 R
0xA0091900 R
0xA0091940 R
0xA0091980 R
0xA00919C0 R
0xA0091A00 R
0xA0091A40 R
0xA0091A80 R
0xA0091AC0 R
0xA0091B00 R
0xA0091B40 R
0xA0091B80 R
0xA0091BC0 R
0xA0091C00 R
0xA0091C40 R
0xA0091C80 R
0xA0091CC0 R
0xA0091D00 R
0xA0091D40 R
0xA0091D80 R
0xA0091DC0 R
0xA0091E00 R
0xA0091E40 R
0xA0091E80 R
0xA0091EC0 R
0xA0091F00 R
0xA0091F40 R
0xA0091F80 R
0xA0091FC0 R
0xA0092000 R
0xA0092040 R
0xA0092080 R
0xA00920C0 R
0xA0092100 R
0xA0092140 R
0xA0092180 R
0xA00921C0 R
0xA0092200 R
0xA0092240 R
0xA0092280 R
0xA00922C0 R
0xA0092300 R
0xA0092340 R
0xA0092380 R
0xA00923C0 R
0xA0092400 R
0xA0092440 R
0xA0092480 R
0xA00924C0 R
0xA0092500 R
0xA0092540 R
0xA0092580 R
0xA00925C0 R
0xA0092600 R
0xA0092640 R
0xA0092680 R
0xA00926C0 R
0xA0092700 R
0xA0092740 R
0xA0092780 R
0xA00927C0 R
0xA0092800 R
0xA0092840 R
0xA0092880 R
0xA00928C0 R
0xA0092900 R
0xA0092940 R
0xA0092980 R
0xA00929C0 R
0xA0092A00 R
0xA0092A40 R
0xA0092A80 R
0xA0092AC0 R
0xA0092B00 R
0xA0092B40 R
0xA0092B80 R
0xA0092BC0 R
0xA0092C00 R
0xA0092C40 R
0xA0092C80 R
0xA0092CC0 R
0xA0092D00 R
0xA0092D40 R
0xA0092D80 R
0xA0092DC0 R
0xA0092E00 R
0xA0092E40 R
0xA0092E80 R
0xA0092EC0 R
0xA0092F00 R
0xA0092F40 R
0xA0092F80 R
0xA0092FC0 R
0xA0093000 R
0xA0093040 R
0xA0093080 R
0xA00930C0 R
0xA0093100 R
0xA0093140 R
0xA0093180 R
0xA00931C0 R
0xA0093200 R
0xA0093240 R
0xA0093280 R
0xA00932C0 R
0xA0093300 R
0xA0093340 R
0xA0093380 R
0xA00933C0 R
0xA0093400 R
0xA0093440 R
0xA0093480 R
0xA00934C0 R
0xA0093500 R
0xA0093540 R
0xA0093580 R
0xA00935C0 R
0xA0093600 R
0xA0093640 R
0xA0093680 R
0xA00936C0 R
0xA0093700 R
0xA0093740 R
0xA0093780 R
0xA00937C0 R
0xA0093800 R
0xA0093840 R
0xA0093880 R
0xA00938C0 R
0xA0093900 R
0xA0093940 R
0xA0093980 R
0xA00939C0 R
0xA0093A00 R
0xA0093A40 R
0xA0093A80 R
0xA0093AC0 R
0xA0093B00 R
0xA0093B40 R
0xA0093B80 R
0xA0093BC0 R
0xA0093C00 R
0xA0093C40 R
0xA0093C80 R
0xA0093CC0 R
0xA0093D00 R
0xA0093D40 R
0xA0093D80 R
0xA0093DC0 R
0xA0093E00 R
0xA0093E40 R
0xA0093E80 R
0xA0093EC0 R
0xA0093F00 R
0xA0093F40 R
0xA0093F80 R
0xA0093FC0 R
0xA0094000 R
0xA0094040 R
0xA0094080 R
0xA00940C0 R
0xA0094100 R
0xA0094140 R
0xA0094180 R
0xA00941C0 R
0xA0094200 R
0xA0094240 R
0xA0094280 R
0xA00942C0 R
0xA0094300 R
0xA0094340 R
0xA0094380 R
0xA00943C0 R
0xA0094400 R
0xA0094440 R
0xA0094480 R
0xA00944C0 R
0xA0094500 R
0xA0094540 R
0xA0094580 R
0xA00945C0 R
0xA0094600 R
0xA0094640 R
0xA0094680 R
0xA00946C0 R
0xA0094700 R
0xA0094740 R
0xA0094780 R
0xA00947C0 R
0xA0094800 R
0xA0094840 R
0xA0094880 R
0xA00948C0 R
0xA0094900 R
0xA0094940 R
0xA0094980 R
0xA00949C0 R
0xA0094A00 R
0xA0094A40 R
0xA0094A80 R
0xA0094AC0 R
0xA0094B00 R
0xA0094B40 R
0xA0094B80 R
0xA0094BC0 R
0xA0094C00 R
0xA0094C40 R
0xA0094C80 R
0xA0094CC0 R
0xA0094D00 R
0xA0094D40 R
0xA0094D80 R
0xA0094DC0 R
0xA0094E00 R
0xA0094E40 R
0xA0094E80 R
0xA0094EC0 R
0xA0094F00 R
0xA0094F40 R
0xA0094F80 R
0xA0094FC0 R
0xA0095000 R
0xA0095040 R
0xA0095080 R
0xA00950C0 R
0xA0095100 R
0xA0095140 R
0xA0095180 R
0xA00951C0 R
0xA0095200 R
0xA0095240 R
0xA0095280 R
0xA00952C0 R
0xA0095300 R
0xA0095340 R
0xA0095380 R
0xA00953C0 R
0xA0095400 R
0xA0095440 R
0xA0095480 R
0xA00954C0 R
0xA0095500 R
0xA0095540 R
0xA0095580 R
0xA00955C0 R
0xA0095600 R
0xA0095640 R
0xA0095680 R
0xA00956C0 R
0xA0095700 R
0xA0095740 R
0xA0095780 R
0xA00957C0 R
0xA0095800 R
0xA0095840 R
0xA0095880 R
0xA00958C0 R
0xA0095900 R
0xA0095940 R
0xA0095980 R
0xA00959C0 R
0xA0095A00 R
0xA0095A40 R
0xA0095A80 R
0xA0095AC0 R
0xA0095B00 R
0xA0095B40 R
0xA0095B80 R
0xA0095BC0 R
0xA0095C00 R
0xA0095C40 R
0xA0095C80 R
0xA0095CC0 R
0xA0095D00 R
0xA0095D40 R
0xA0095D80 R
0xA0095DC0 R
0xA0095E00 R
0xA0095E40 R
0xA0095E80 R
0xA0095EC0 R
0xA0095F00 R
0xA0095F40 R
0xA0095F80 R
0xA0095FC0 R
0xA0096000 R
0xA0096040 R
0xA0096080 R
0xA00960C0 R
0xA0096100 R
0xA0096140 R
0xA0096180 R
0xA00961C0 R
0xA0096200 R
0xA0096240 R
0xA0096280 R
0xA00962C0 R
0xA0096300 R
0xA0096340 R
0xA0096380 R
0xA00963C0 R
0xA0096400 R
0xA0096440 R
0xA0096480 R
0xA00964C0 R
0xA0096500 R
0xA0096540 R
0xA0096580 R
0xA00965C0 R
0xA0096600 R
0xA0096640 R
0xA0096680 R
0xA00966C0 R
0xA0096700 R
0xA0096740 R
0xA0096780 R
0xA00967C0 R
0xA0096800 R
0xA0096840 R
0xA0096880 R
0xA00968C0 R
0xA0096900 R
0xA0096940 R
0xA0096980 R
0xA00969C0 R
0xA0096A00 R
0xA0096A40 R
0xA0096A80 R
0xA0096AC0 R
0xA0096B00 R
0xA0096B40 R
0xA0096B80 R
0xA0096BC0 R
0xA0096C00 R
0xA0096C40 R
0xA0096C80 R
0xA0096CC0 R
0xA0096D00 R
0xA0096D40 R
0xA0096D80 R
0xA0096DC0 R
0xA0096E00 R
0xA0096E40 R
0xA0096E80 R
0xA0096EC0 R
0xA0096F00 R
0xA0096F40 R
0xA0096F80 R
0xA0096FC0 R
0xA0097000 R
0xA0097040 R
0xA0097080 R
0xA00970C0 R
0xA0097100 R
0xA0097140 R
0xA0097180 R
0xA00971C0 R
0xA0097200 R
0xA0097240 R
0xA0097280 R
0xA00972C0 R
0xA0097300 R
0xA0097340 R
0xA0097380 R
0xA00973C0 R
0xA0097400 R
0xA0097440 R
0xA0097480 R
0xA00974C0 R
0xA0097500 R
0xA0097540 R
0xA0097580 R
0xA00975C0 R
0xA0097600 R
0xA0097640 R
0xA0097680 R
0xA00976C0 R
0xA0097700 R
0xA0097740 R
0xA0097780 R
0xA00977C0 R
0xA0097800 R
0xA0097840 R
0xA0097880 R
0xA00978C0 R
0xA0097900 R
0xA0097940 R
0xA0097980 R
0xA00979C0 R
0xA0097A00 R
0xA0097A40 R
0xA0097A80 R
0xA0097AC0 R
0xA0097B00 R
0xA0097B40 R
0xA0097B80 R
0xA0097BC0 R
0xA0097C00 R
0xA0097C40 R
0xA0097C80 R
0xA0097CC0 R
0xA0097D00 R
0xA0097D40 R
0xA0097D80 R
0xA0097DC0 R
0xA0097E00 R
0xA0097E40 R
0xA0097E80 R
0xA0097EC0 R
0xA0097F00 R
0xA0097F40 R
0xA0097F80 R
0xA0097FC0 R
0xA0098000 R
0xA0098040 R
0xA0098080 R
0xA00980C0 R
0xA0098100 R
0xA0098140 R
0xA0098180 R
0xA00981C0 R
0xA0098200 R
0xA0098240 R
0xA0098280 R
0xA00982C0 R
0xA0098300 R
0xA0098340 R
0xA0098380 R
0xA00983C0 R
0xA0098400 R
0xA0098440 R
0xA0098480 R
0xA00984C0 R
0xA0098500 R
0xA0098540 R
0xA0098580 R
0xA00985C0 R
0xA0098600 R
0xA0098640 R
0xA0098680 R
0xA00986C0 R
0xA0098700 R
0xA0098740 R
0xA0098780 R
0xA00987C0 R
0xA0098800 R
0xA0098840 R
0xA0098880 R
0xA00988C0 R
0xA0098900 R
0xA0098940 R
0xA0098980 R
0xA00989C0 R
0xA0098A00 R
0xA0098A40 R
0xA0098A80 R
0xA0098AC0 R
0xA0098B00 R
0xA0098B40 R
0xA0098B80 R
0xA0098BC0 R
0xA0098C00 R
0xA0098C40 R
0xA0098C80 R
0xA0098CC0 R
0xA0098D00 R
0xA0098D40 R
0xA0098D80 R
0xA0098DC0 R
0xA0098E00 R
0xA0098E40 R
0xA0098E80 R
0xA0098EC0 R
0xA0098F00 R
0xA0098F40 R
0xA0098F80 R
0xA0098FC0 R
0xA0099000 R
0xA0099040 R
0xA0099080 R
0xA00990C0 R
0xA0099100 R
0xA0099140 R
0xA0099180 R
0xA00991C0 R
0xA0099200 R
0xA0099240 R
0xA0099280 R
0xA00992C0 R
0xA0099300 R
0xA0099340 R
0xA0099380 R
0xA00993C0 R
0xA0099400 R
0xA0099440 R
0xA0099480 R
0xA00994C0 R
0xA0099500 R
0xA0099540 R
0xA0099580 R
0xA00995C0 R
0xA0099600 R
0xA0099640 R
0xA0099680 R
0xA00996C0 R
0xA0099700 R
0xA0099740 R
0xA0099780 R
0xA00997C0 R
0xA0099800 R
0xA0099840 R
0xA0099880 R
0xA00998C0 R
0xA0099900 R
0xA0099940 R
0xA0099980 R
0xA00999C0 R
0xA0099A00 R
0xA0099A40 R
0xA0099A80 R
0xA0099AC0 R
0xA0099B00 R
0xA0099B40 R
0xA0099B80 R
0xA0099BC0 R
0xA0099C00 R
0xA0099C40 R
0xA0099C80 R
0xA0099CC0 R
0xA0099D00 R
0xA0099D40 R
0xA0099D80 R
0xA0099DC0 R
0xA0099E00 R
0xA0099E40 R
0xA0099E80 R
0xA0099EC0 R
0xA0099F00 R
0xA0099F40 R
0xA0099F80 R
0xA0099FC0 R
0xA009A000 R
0xA009A040 R
0xA009A080 R
0xA009A0C0 R
0xA009A100 R
0xA009A140 R
0xA009A180 R
0xA009A1C0 R
0xA009A200 R
0xA009A240 R
0xA009A280 R
0xA009A2C0 R
0xA009A300 R
0xA009A340 R
0xA009A380 R
0xA009A3C0 R
0xA009A400 R
0xA009A440 R
0xA009A480 R
0xA009A4C0 R
0xA009A500 R
0xA009A540 R
0xA009A580 R
0xA009A5C0 R
0xA009A600 R
0xA009A640 R
0xA009A680 R
0xA009A6C0 R
0xA009A700 R
0xA009A740 R
0xA009A780 R
0xA009A7C0 R
0xA009A800 R
0xA009A840 R
0xA009A880 R
0xA009A8C0 R
0xA009A900 R
0xA009A940 R
0xA009A980 R
0xA009A9C0 R
0xA009AA00 R
0xA009AA40 R
0xA009AA80 R
0xA009AAC0 R
0xA009AB00 R
0xA009AB40 R
0xA009AB80 R
0xA009ABC0 R
0xA009AC00 R
0xA009AC40 R
0xA009AC80 R
0xA009ACC0 R
0xA009AD00 R
0xA009AD40 R
0xA009AD80 R
0xA009ADC0 R
0xA009AE00 R
0xA009AE40 R
0xA009AE80 R
0xA009AEC0 R
0xA009AF00 R
0xA009AF40 R
0xA009AF80 R
0xA009AFC0 R
0xA009B000 R
0xA009B040 R
0xA009B080 R
0xA009B0C0 R
0xA009B100 R
0xA009B140 R
0xA009B180 R
0xA009B1C0 R
0xA009B200 R
0xA009B240 R
0xA009B280 R
0xA009B2C0 R
0xA009B300 R
0xA009B340 R
0xA009B380 R
0xA009B3C0 R
0xA009B400 R
0xA009B440 R
0xA009B480 R
0xA009B4C0 R
0xA009B500 R
0xA009B540 R
0xA009B580 R
0xA009B5C0 R
0xA009B600 R
0xA009B640 R
0xA009B680 R
0xA009B6C0 R
0xA009B700 R
0xA009B740 R
0xA009B780 R
0xA009B7C0 R
0xA009B800 R
0xA009B840 R
0xA009B880 R
0xA009B8C0 R
0xA009B900 R
0xA009B940 R
0xA009B980 R
0xA009B9C0 R
0xA009BA00 R
0xA009BA40 R
0xA009BA80 R
0xA009BAC0 R
0xA009BB00 R
0xA009BB40 R
0xA009BB80 R
0xA009BBC0 R
0xA009BC00 R
0xA009BC40 R
0xA009BC80 R
0xA009BCC0 R
0xA009BD00 R
0xA009BD40 R
0xA009BD80 R
0xA009BDC0 R
0xA009BE00 R
0xA009BE40 R
0xA009BE80 R
0xA009BEC0 R
0xA009BF00 R
0xA009BF40 R
0xA009BF80 R
0xA009BFC0 R
0xA009C000 R
0xA009C040 R
0xA009C080 R
0xA009C0C0 R
0xA009C100 R
0xA009C140 R
0xA009C180 R
0xA009C1C0 R
0xA009C200 R
0xA009C240 R
0xA009C280 R
0xA009C2C0 R
0xA009C300 R
0xA009C340 R
0xA009C380 R
0xA009C3C0 R
0xA009C400 R
0xA009C440 R
0xA009C480 R
0xA009C4C0 R
0xA009C500 R
0xA009C540 R
0xA009C580 R
0xA009C5C0 R
0xA009C600 R
0xA009C640 R
0xA009C680 R
0xA009C6C0 R
0xA009C700 R
0xA009C740 R
0xA009C780 R
0xA009C7C0 R
0xA009C800 R
0xA009C840 R
0xA009C880 R
0xA009C8C0 R
0xA009C900 R
0xA009C940 R
0xA009C980 R
0xA009C9C0 R
0xA009CA00 R
0xA009CA40 R
0xA009CA80 R
0xA009CAC0 R
0xA009CB00 R
0xA009CB40 R
0xA009CB80 R
0xA009CBC0 R
0xA009CC00 R
0xA009CC40 R
0xA009CC80 R
0xA009CCC0 R
0xA009CD00 R
0xA009CD40 R
0xA009CD80 R
0xA009CDC0 R
0xA009CE00 R
0xA009CE40 R
0xA009CE80 R
0xA009CEC0 R
0xA009CF00 R
0xA009CF40 R
0xA009CF80 R
0xA009CFC0 R
0xA009D000 R
0xA009D040 R
0xA009D080 R
0xA009D0C0 R
0xA009D100 R
0xA009D140 R
0xA009D180 R
0xA009D1C0 R
0xA009D200 R
0xA009D240 R
0xA009D280 R
0xA009D2C0 R
0xA009D300 R
0xA009D340 R
0xA009D380 R
0xA009D3C0 R
0xA009D400 R
0xA009D440 R
0xA009D480 R
0xA009D4C0 R
0xA009D500 R
0xA009D540 R
0xA009D580 R
0xA009D5C0 R
0xA009D600 R
0xA009D640 R
0xA009D680 R
0xA009D6C0 R
0xA009D700 R
0xA009D740 R
0xA009D780 R
0xA009D7C0 R
0xA009D800 R
0xA009D840 R
0xA009D880 R
0xA009D8C0 R
0xA009D900 R
0xA009D940 R
0xA009D980 R
0xA009D9C0 R
0xA009DA00 R
0xA009DA40 R
0xA009DA80 R
0xA009DAC0 R
0xA009DB00 R
0xA009DB40 R
0xA009DB80 R
0xA009DBC0 R
0xA009DC00 R
0xA009DC40 R
0xA009DC80 R
0xA009DCC0 R
0xA009DD00 R
0xA009DD40 R
0xA009DD80 R
0xA009DDC0 R
0xA009DE00 R
0xA009DE40 R
0xA009DE80 R
0xA009DEC0 R
0xA009DF00 R
0xA009DF40 R
0xA009DF80 R
0xA009DFC0 R
0xA009E000 R
0xA009E040 R
0xA009E080 R
0xA009E0C0 R
0xA009E100 R
0xA009E140 R
0xA009E180 R
0xA009E1C0 R
0xA009E200 R
0xA009E240 R
0xA009E280 R
0xA009E2C0 R
0xA009E300 R
0xA009E340 R
0xA009E380 R
0xA009E3C0 R
0xA009E400 R
0xA009E440 R
0xA009E480 R
0xA009E4C0 R
0xA009E500 R
0xA009E540 R
0xA009E580 R
0xA009E5C0 R
0xA009E600 R
0xA009E640 R
0xA009E680 R
0xA009E6C0 R
0xA009E700 R
0xA009E740 R
0xA009E780 R
0xA009E7C0 R
0xA009E800 R
0xA009E840 R
0xA009E880 R
0xA009E8C0 R
0xA009E900 R
0xA009E940 R
0xA009E980 R
0xA009E9C0 R
0xA009EA00 R
0xA009EA40 R
0xA009EA80 R
0xA009EAC0 R
0xA009EB00 R
0xA009EB40 R
0xA009EB80 R
0xA009EBC0 R
0xA009EC00 R
0xA009EC40 R
0xA009EC80 R
0xA009ECC0 R
0xA009ED00 R
0xA009ED40 R
0xA009ED80 R
0xA009EDC0 R
0xA009EE00 R
0xA009EE40 R
0xA009EE80 R
0xA009EEC0 R
0xA009EF00 R
0xA009EF40 R
0xA009EF80 R
0xA009EFC0 R
0xA009F000 R
0xA009F040 R
0xA009F080 R
0xA009F0C0 R
0xA009F100 R
0xA009F140 R
0xA009F180 R
0xA009F1C0 R
0xA009F200 R
0xA009F240 R
0xA009F280 R
0xA009F2C0 R
0xA009F300 R
0xA009F340 R
0xA009F380 R
0xA009F3C0 R
0xA009F400 R
0xA009F440 R
0xA009F480 R
0xA009F4C0 R
0xA009F500 R
0xA009F540 R
0xA009F580 R
0xA009F5C0 R
0xA009F600 R
0xA009F640 R
0xA009F680 R
0xA009F6C0 R
0xA009F700 R
0xA009F740 R
0xA009F780 R
0xA009F7C0 R
0xA009F800 R
0xA009F840 R
0xA009F880 R
0xA009F8C0 R
0xA009F900 R
0xA009F940 R
0xA009F980 R
0xA009F9C0 R
0xA009FA00 R
0xA009FA40 R
0xA009FA80 R
0xA009FAC0 R
0xA009FB00 R
0xA009FB40 R
0xA009FB80 R
0xA009FBC0 R
0xA009FC00 R
0xA009FC40 R
0xA009FC80 R
0xA009FCC0 R
0xA009FD00 R
0xA009FD40 R
0xA009FD80 R
0xA009FDC0 R
0xA009FE00 R
0xA009FE40 R
0xA009FE80 R
0xA009FEC0 R
0xA009FF00 R
0xA009FF40 R
0xA009FF80 R
0xA009FFC0 R
0xC0090000 W
0xC0090040 W
0xC0090080 W
0xC00900C0 W
0xC0090100 W
0xC0090140 W
0xC0090180 W
0xC00901C0 W
0xC0090200 W
0xC0090240 W
0xC0090280 W
0xC00902C0 W
0xC0090300 W
0xC0090340 W
0xC0090380 W
0xC00903C0 W
0xC0090400 W
0xC0090440 W
0xC0090480 W
0xC00904C0 W
0xC0090500 W
0xC0090540 W
0xC0090580 W
0xC00905C0 W
0xC0090600 W
0xC0090640 W
0xC0090680 W
0xC00906C0 W
0xC0090700 W
0xC0090740 W
0xC0090780 W
0xC00907C0 W
0xC0090800 W
0xC0090840 W
0xC0090880 W
0xC00908C0 W
0xC0090900 W
0xC0090940 W
0xC0090980 W
0xC00909C0 W
0xC0090A00 W
0xC0090A40 W
0xC0090A80 W
0xC0090AC0 W
0xC0090B00 W
0xC0090B40 W
0xC0090B80 W
0xC0090BC0 W
0xC0090C00 W
0xC0090C40 W
0xC0090C80 W
0xC0090CC0 W
0xC0090D00 W
0xC0090D40 W
0xC0090D80 W
0xC0090DC0 W
0xC0090E00 W
0xC0090E40 W
0xC0090E80 W
0xC0090EC0 W
0xC0090F00 W
0xC0090F40 W
0xC0090F80 W
0xC0090FC0 W
0xC0091000 W
0xC0091040 W
0xC0091080 W
0xC00910C0 W
0xC0091100 W
0xC0091140 W
0xC0091180 W
0xC00911C0 W
0xC0091200 W
0xC0091240 W
0xC0091280 W
0xC00912C0 W
0xC0091300 W
0xC0091340 W
0xC0091380 W
0xC00913C0 W
0xC0091400 W
0xC0091440 W
0xC0091480 W
0xC00914C0 W
0xC0091500 W
0xC0091540 W
0xC0091580 W
0xC00915C0 W
0xC0091600 W
0xC0091640 W
0xC0091680 W
0xC00916C0 W
0xC0091700 W
0xC0091740 W
0xC0091780 W
0xC00917C0 W
0xC0091800 W
0xC0091840 W
0xC0091880 W
0xC00918C0 W
0xC0091900 W
0xC0091940 W
0xC0091980 W
0xC00919C0 W
0xC0091A00 W
0xC0091A40 W
0xC0091A80 W
0xC0091AC0 W
0xC0091B00 W
0xC0091B40 W
0xC0091B80 W
0xC0091BC0 W
0xC0091C00 W
0xC0091C40 W
0xC0091C80 W
0xC0091CC0 W
0xC0091D00 W
0xC0091D40 W
0xC0091D80 W
0xC0091DC0 W
0xC0091E00 W
0xC0091E40 W
0xC0091E80 W
0xC0091EC0 W
0xC0091F00 W
0xC0091F40 W
0xC0091F80 W
0xC0091FC0 W
0xC0092000 W
0xC0092040 W
0xC0092080 W
0xC00920C0 W
0xC0092100 W
0xC0092140 W
0xC0092180 W
0xC00921C0 W
0xC0092200 W
0xC0092240 W
0xC0092280 W
0xC00922C0 W
0xC0092300 W
0xC0092340 W
0xC0092380 W
0xC00923C0 W
0xC0092400 W
0xC0092440 W
0xC0092480 W
0xC00924C0 W
0xC0092500 W
0xC0092540 W
0xC0092580 W
0xC00925C0 W
0xC0092600 W
0xC0092640 W
0xC0092680 W
0xC00926C0 W
0xC0092700 W
0xC0092740 W
0xC0092780 W
0xC00927C0 W
0xC0092800 W
0xC0092840 W
0xC0092880 W
0xC00928C0 W
0xC0092900 W
0xC0092940 W
0xC0092980 W
0xC00929C0 W
0xC0092A00 W
0xC0092A40 W
0xC0092A80 W
0xC0092AC0 W
0xC0092B00 W
0xC0092B40 W
0xC0092B80 W
0xC0092BC0 W
0xC0092C00 W
0xC0092C40 W
0xC0092C80 W
0xC0092CC0 W
0xC0092D00 W
0xC0092D40 W
0xC0092D80 W
0xC0092DC0 W
0xC0092E00 W
0xC0092E40 W
0xC0092E80 W
0xC0092EC0 W
0xC0092F00 W
0xC0092F40 W
0xC0092F80 W
0xC0092FC0 W
0xC0093000 W
0xC0093040 W
0xC0093080 W
0xC00930C0 W
0xC0093100 W
0xC0093140 W
0xC0093180 W
0xC00931C0 W
0xC0093200 W
0xC0093240 W
0xC0093280 W
0xC00932C0 W
0xC0093300 W
0xC0093340 W
0xC0093380 W
0xC00933C0 W
0xC0093400 W
0xC0093440 W
0xC0093480 W
0xC00934C0 W
0xC0093500 W
0xC0093540 W
0xC0093580 W
0xC00935C0 W
0xC0093600 W
0xC0093640 W
0xC0093680 W
0xC00936C0 W
0xC0093700 W
0xC0093740 W
0xC0093780 W
0xC00937C0 W
0xC0093800 W
0xC0093840 W
0xC0093880 W
0xC00938C0 W
0xC0093900 W
0xC0093940 W
0xC0093980 W
0xC00939C0 W
0xC0093A00 W
0xC0093A40 W
0xC0093A80 W
0xC0093AC0 W
0xC0093B00 W
0xC0093B40 W
0xC0093B80 W
0xC0093BC0 W
0xC0093C00 W
0xC0093C40 W
0xC0093C80 W
0xC0093CC0 W
0xC0093D00 W
0xC0093D40 W
0xC0093D80 W
0xC0093DC0 W
0xC0093E00 W
0xC0093E40 W
0xC0093E80 W
0xC0093EC0 W
0xC0093F00 W
0xC0093F40 W
0xC0093F80 W
0xC0093FC0 W
0xC0094000 W
0xC0094040 W
0xC0094080 W
0xC00940C0 W
0xC0094100 W
0xC0094140 W
0xC0094180 W
0xC00941C0 W
0xC0094200 W
0xC0094240 W
0xC0094280 W
0xC00942C0 W
0xC0094300 W
0xC0094340 W
0xC0094380 W
0xC00943C0 W
0xC0094400 W
0xC0094440 W
0xC0094480 W
0xC00944C0 W
0xC0094500 W
0xC0094540 W
0xC0094580 W
0xC00945C0 W
0xC0094600 W
0xC0094640 W
0xC0094680 W
0xC00946C0 W
0xC0094700 W
0xC0094740 W
0xC0094780 W
0xC00947C0 W
0xC0094800 W
0xC0094840 W
0xC0094880 W
0xC00948C0 W
0xC0094900 W
0xC0094940 W
0xC0094980 W
0xC00949C0 W
0xC0094A00 W
0xC0094A40 W
0xC0094A80 W
0xC0094AC0 W
0xC0094B00 W
0xC0094B40 W
0xC0094B80 W
0xC0094BC0 W
0xC0094C00 W
0xC0094C40 W
0xC0094C80 W
0xC0094CC0 W
0xC0094D00 W
0xC0094D40 W
0xC0094D80 W
0xC0094DC0 W
0xC0094E00 W
0xC0094E40 W
0xC0094E80 W
0xC0094EC0 W
0xC0094F00 W
0xC0094F40 W
0xC0094F80 W
0xC0094FC0 W
0xC0095000 W
0xC0095040 W
0xC0095080 W
0xC00950C0 W
0xC0095100 W
0xC0095140 W
0xC0095180 W
0xC00951C0 W
0xC0095200 W
0xC0095240 W
0xC0095280 W
0xC00952C0 W
0xC0095300 W
0xC0095340 W
0xC0095380 W
0xC00953C0 W
0xC0095400 W
0xC0095440 W
0xC0095480 W
0xC00954C0 W
0xC0095500 W
0xC0095540 W
0xC0095580 W
0xC00955C0 W
0xC0095600 W
0xC0095640 W
0xC0095680 W
0xC00956C0 W
0xC0095700 W
0xC0095740 W
0xC0095780 W
0xC00957C0 W
0xC0095800 W
0xC0095840 W
0xC0095880 W
0xC00958C0 W
0xC0095900 W
0xC0095940 W
0xC0095980 W
0xC00959C0 W
0xC0095A00 W
0xC0095A40 W
0xC0095A80 W
0xC0095AC0 W
0xC0095B00 W
0xC0095B40 W
0xC0095B80 W
0xC0095BC0 W
0xC0095C00 W
0xC0095C40 W
0xC0095C80 W
0xC0095CC0 W
0xC0095D00 W
0xC0095D40 W
0xC0095D80 W
0xC0095DC0 W
0xC0095E00 W
0xC0095E40 W
0xC0095E80 W
0xC0095EC0 W
0xC0095F00 W
0xC0095F40 W
0xC0095F80 W
0xC0095FC0 W
0xC0096000 W
0xC0096040 W
0xC0096080 W
0xC00960C0 W
0xC0096100 W
0xC0096140 W
0xC0096180 W
0xC00961C0 W
0xC0096200 W
0xC0096240 W
0xC0096280 W
0xC00962C0 W
0xC0096300 W
0xC0096340 W
0xC0096380 W
0xC00963C0 W
0xC0096400 W
0xC0096440 W
0xC0096480 W
0xC00964C0 W
0xC0096500 W
0xC0096540 W
0xC0096580 W
0xC00965C0 W
0xC0096600 W
0xC0096640 W
0xC0096680 W
0xC00966C0 W
0xC0096700 W
0xC0096740 W
0xC0096780 W
0xC00967C0 W
0xC0096800 W
0xC0096840 W
0xC0096880 W
0xC00968C0 W
0xC0096900 W
0xC0096940 W
0xC0096980 W
0xC00969C0 W
0xC0096A00 W
0xC0096A40 W
0xC0096A80 W
0xC0096AC0 W
0xC0096B00 W
0xC0096B40 W
0xC0096B80 W
0xC0096BC0 W
0xC0096C00 W
0xC0096C40 W
0xC0096C80 W
0xC0096CC0 W
0xC0096D00 W
0xC0096D40 W
0xC0096D80 W
0xC0096DC0 W
0xC0096E00 W
0xC0096E40 W
0xC0096E80 W
0xC0096EC0 W
0xC0096F00 W
0xC0096F40 W
0xC0096F80 W
0xC0096FC0 W
0xC0097000 W
0xC0097040 W
0xC0097080 W
0xC00970C0 W
0xC0097100 W
0xC0097140 W
0xC0097180 W
0xC00971C0 W
0xC0097200 W
0xC0097240 W
0xC0097280 W
0xC00972C0 W
0xC0097300 W
0xC0097340 W
0xC0097380 W
0xC00973C0 W
0xC0097400 W
0xC0097440 W
0xC0097480 W
0xC00974C0 W
0xC0097500 W
0xC0097540 W
0xC0097580 W
0xC00975C0 W
0xC0097600 W
0xC0097640 W
0xC0097680 W
0xC00976C0 W
0xC0097700 W
0xC0097740 W
0xC0097780 W
0xC00977C0 W
0xC0097800 W
0xC0097840 W
0xC0097880 W
0xC00978C0 W
0xC0097900 W
0xC0097940 W
0xC0097980 W
0xC00979C0 W
0xC0097A00 W
0xC0097A40 W
0xC0097A80 W
0xC0097AC0 W
0xC0097B00 W
0xC0097B40 W
0xC0097B80 W
0xC0097BC0 W
0xC0097C00 W
0xC0097C40 W
0xC0097C80 W
0xC0097CC0 W
0xC0097D00 W
0xC0097D40 W
0xC0097D80 W
0xC0097DC0 W
0xC0097E00 W
0xC0097E40 W
0xC0097E80 W
0xC0097EC0 W
0xC0097F00 W
0xC0097F40 W
0xC0097F80 W
0xC0097FC0 W
0xC0098000 W
0xC0098040 W
0xC0098080 W
0xC00980C0 W
0xC0098100 W
0xC0098140 W
0xC0098180 W
0xC00981C0 W
0xC0098200 W
0xC0098240 W
0xC0098280 W
0xC00982C0 W
0xC0098300 W
0xC0098340 W
0xC0098380 W
0xC00983C0 W
0xC0098400 W
0xC0098440 W
0xC0098480 W
0xC00984C0 W
0xC0098500 W
0xC0098540 W
0xC0098580 W
0xC00985C0 W
0xC0098600 W
0xC0098640 W
0xC0098680 W
0xC00986C0 W
0xC0098700 W
0xC0098740 W
0xC0098780 W
0xC00987C0 W
0xC0098800 W
0xC0098840 W
0xC0098880 W
0xC00988C0 W
0xC0098900 W
0xC0098940 W
0xC0098980 W
0xC00989C0 W
0xC0098A00 W
0xC0098A40 W
0xC0098A80 W
0xC0098AC0 W
0xC0098B00 W
0xC0098B40 W
0xC0098B80 W
0xC0098BC0 W
0xC0098C00 W
0xC0098C40 W
0xC0098C80 W
0xC0098CC0 W
0xC0098D00 W
0xC0098D40 W
0xC0098D80 W
0xC0098DC0 W
0xC0098E00 W
0xC0098E40 W
0xC0098E80 W
0xC0098EC0 W
0xC0098F00 W
0xC0098F40 W
0xC0098F80 W
0xC0098FC0 W
0xC0099000 W
0xC0099040 W
0xC0099080 W
0xC00990C0 W
0xC0099100 W
0xC0099140 W
0xC0099180 W
0xC00991C0 W
0xC0099200 W
0xC0099240 W
0xC0099280 W
0xC00992C0 W
0xC0099300 W
0xC0099340 W
0xC0099380 W
0xC00993C0 W
0xC0099400 W
0xC0099440 W
0xC0099480 W
0xC00994C0 W
0xC0099500 W
0xC0099540 W
0xC0099580 W
0xC00995C0 W
0xC0099600 W
0xC0099640 W
0xC0099680 W
0xC00996C0 W
0xC0099700 W
0xC0099740 W
0xC0099780 W
0xC00997C0 W
0xC0099800 W
0xC0099840 W
0xC0099880 W
0xC00998C0 W
0xC0099900 W
0xC0099940 W
0xC0099980 W
0xC00999C0 W
0xC0099A00 W
0xC0099A40 W
0xC0099A80 W
0xC0099AC0 W
0xC0099B00 W
0xC0099B40 W
0xC0099B80 W
0xC0099BC0 W
0xC0099C00 W
0xC0099C40 W
0xC0099C80 W
0xC0099CC0 W
0xC0099D00 W
0xC0099D40 W
0xC0099D80 W
0xC0099DC0 W
0xC0099E00 W
0xC0099E40 W
0xC0099E80 W
0xC0099EC0 W
0xC0099F00 W
0xC0099F40 W
0xC0099F80 W
0xC0099FC0 W
0xC009A000 W
0xC009A040 W
0xC009A080 W
0xC009A0C0 W
0xC009A100 W
0xC009A140 W
0xC009A180 W
0xC009A1C0 W
0xC009A200 W
0xC009A240 W
0xC009A280 W
0xC009A2C0 W
0xC009A300 W
0xC009A340 W
0xC009A380 W
0xC009A3C0 W
0xC009A400 W
0xC009A440 W
0xC009A480 W
0xC009A4C0 W
0xC009A500 W
0xC009A540 W
0xC009A580 W
0xC009A5C0 W
0xC009A600 W
0xC009A640 W
0xC009A680 W
0xC009A6C0 W
0xC009A700 W
0xC009A740 W
0xC009A780 W
0xC009A7C0 W
0xC009A800 W
0xC009A840 W
0xC009A880 W
0xC009A8C0 W
0xC009A900 W
0xC009A940 W
0xC009A980 W
0xC009A9C0 W
0xC009AA00 W
0xC009AA40 W
0xC009AA80 W
0xC009AAC0 W
0xC009AB00 W
0xC009AB40 W
0xC009AB80 W
0xC009ABC0 W
0xC009AC00 W
0xC009AC40 W
0xC009AC80 W
0xC009ACC0 W
0xC009AD00 W
0xC009AD40 W
0xC009AD80 W
0xC009ADC0 W
0xC009AE00 W
0xC009AE40 W
0xC009AE80 W
0xC009AEC0 W
0xC009AF00 W
0xC009AF40 W
0xC009AF80 W
0xC009AFC0 W
0xC009B000 W
0xC009B040 W
0xC009B080 W
0xC009B0C0 W
0xC009B100 W
0xC009B140 W
0xC009B180 W
0xC009B1C0 W
0xC009B200 W
0xC009B240 W
0xC009B280 W
0xC009B2C0 W
0xC009B300 W
0xC009B340 W
0xC009B380 W
0xC009B3C0 W
0xC009B400 W
0xC009B440 W
0xC009B480 W
0xC009B4C0 W
0xC009B500 W
0xC009B540 W
0xC009B580 W
0xC009B5C0 W
0xC009B600 W
0xC009B640 W
0xC009B680 W
0xC009B6C0 W
0xC009B700 W
0xC009B740 W
0xC009B780 W
0xC009B7C0 W
0xC009B800 W
0xC009B840 W
0xC009B880 W
0xC009B8C0 W
0xC009B900 W
0xC009B940 W
0xC009B980 W
0xC009B9C0 W
0xC009BA00 W
0xC009BA40 W
0xC009BA80 W
0xC009BAC0 W
0xC009BB00 W
0xC009BB40 W
0xC009BB80 W
0xC009BBC0 W
0xC009BC00 W
0xC009BC40 W
0xC009BC80 W
0xC009BCC0 W
0xC009BD00 W
0xC009BD40 W
0xC009BD80 W
0xC009BDC0 W
0xC009BE00 W
0xC009BE40 W
0xC009BE80 W
0xC009BEC0 W
0xC009BF00 W
0xC009BF40 W
0xC009BF80 W
0xC009BFC0 W
0xC009C000 W
0xC009C040 W
0xC009C080 W
0xC009C0C0 W
0xC009C100 W
0xC009C140 W
0xC009C180 W
0xC009C1C0 W
0xC009C200 W
0xC009C240 W
0xC009C280 W
0xC009C2C0 W
0xC009C300 W
0xC009C340 W
0xC009C380 W
0xC009C3C0 W
0xC009C400 W
0xC009C440 W
0xC009C480 W
0xC009C4C0 W
0xC009C500 W
0xC009C540 W
0xC009C580 W
0xC009C5C0 W
0xC009C600 W
0xC009C640 W
0xC009C680 W
0xC009C6C0 W
0xC009C700 W
0xC009C740 W
0xC009C780 W
0xC009C7C0 W
0xC009C800 W
0xC009C840 W
0xC009C880 W
0xC009C8C0 W
0xC009C900 W
0xC009C940 W
0xC009C980 W
0xC009C9C0 W
0xC009CA00 W
0xC009CA40 W
0xC009CA80 W
0xC009CAC0 W
0xC009CB00 W
0xC009CB40 W
0xC009CB80 W
0xC009CBC0 W
0xC009CC00 W
0xC009CC40 W
0xC009CC80 W
0xC009CCC0 W
0xC009CD00 W
0xC009CD40 W
0xC009CD80 W
0xC009CDC0 W
0xC009CE00 W
0xC009CE40 W
0xC009CE80 W
0xC009CEC0 W
0xC009CF00 W
0xC009CF40 W
0xC009CF80 W
0xC009CFC0 W
0xC009D000 W
0xC009D040 W
0xC009D080 W
0xC009D0C0 W
0xC009D100 W
0xC009D140 W
0xC009D180 W
0xC009D1C0 W
0xC009D200 W
0xC009D240 W
0xC009D280 W
0xC009D2C0 W
0xC009D300 W
0xC009D340 W
0xC009D380 W
0xC009D3C0 W
0xC009D400 W
0xC009D440 W
0xC009D480 W
0xC009D4C0 W
0xC009D500 W
0xC009D540 W
0xC009D580 W
0xC009D5C0 W
0xC009D600 W
0xC009D640 W
0xC009D680 W
0xC009D6C0 W
0xC009D700 W
0xC009D740 W
0xC009D780 W
0xC009D7C0 W
0xC009D800 W
0xC009D840 W
0xC009D880 W
0xC009D8C0 W
0xC009D900 W
0xC009D940 W
0xC009D980 W
0xC009D9C0 W
0xC009DA00 W
0xC009DA40 W
0xC009DA80 W
0xC009DAC0 W
0xC009DB00 W
0xC009DB40 W
0xC009DB80 W
0xC009DBC0 W
0xC009DC00 W
0xC009DC40 W
0xC009DC80 W
0xC009DCC0 W
0xC009DD00 W
0xC009DD40 W
0xC009DD80 W
0xC009DDC0 W
0xC009DE00 W
0xC009DE40 W
0xC009DE80 W
0xC009DEC0 W
0xC009DF00 W
0xC009DF40 W
0xC009DF80 W
0xC009DFC0 W
0xC009E000 W
0xC009E040 W
0xC009E080 W
0xC009E0C0 W
0xC009E100 W
0xC009E140 W
0xC009E180 W
0xC009E1C0 W
0xC009E200 W
0xC009E240 W
0xC009E280 W
0xC009E2C0 W
0xC009E300 W
0xC009E340 W
0xC009E380 W
0xC009E3C0 W
0xC009E400 W
0xC009E440 W
0xC009E480 W
0xC009E4C0 W
0xC009E500 W
0xC009E540 W
0xC009E580 W
0xC009E5C0 W
0xC009E600 W
0xC009E640 W
0xC009E680 W
0xC009E6C0 W
0xC009E700 W
0xC009E740 W
0xC009E780 W
0xC009E7C0 W
0xC009E800 W
0xC009E840 W
0xC009E880 W
0xC009E8C0 W
0xC009E900 W
0xC009E940 W
0xC009E980 W
0xC009E9C0 W
0xC009EA00 W
0xC009EA40 W
0xC009EA80 W
0xC009EAC0 W
0xC009EB00 W
0xC009EB40 W
0xC009EB80 W
0xC009EBC0 W
0xC009EC00 W
0xC009EC40 W
0xC009EC80 W
0xC009ECC0 W
0xC009ED00 W
0xC009ED40 W
0xC009ED80 W
0xC009EDC0 W
0xC009EE00 W
0xC009EE40 W
0xC009EE80 W
0xC009EEC0 W
0xC009EF00 W
0xC009EF40 W
0xC009EF80 W
0xC009EFC0 W
0xC009F000 W
0xC009F040 W
0xC009F080 W
0xC009F0C0 W
0xC009F100 W
0xC009F140 W
0xC009F180 W
0xC009F1C0 W
0xC009F200 W
0xC009F240 W
0xC009F280 W
0xC009F2C0 W
0xC009F300 W
0xC009F340 W
0xC009F380 W
0xC009F3C0 W
0xC009F400 W
0xC009F440 W
0xC009F480 W
0xC009F4C0 W
0xC009F500 W
0xC009F540 W
0xC009F580 W
0xC009F5C0 W
0xC009F600 W
0xC009F640 W
0xC009F680 W
0xC009F6C0 W
0xC009F700 W
0xC009F740 W
0xC009F780 W
0xC009F7C0 W
0xC009F800 W
0xC009F840 W
0xC009F880 W
0xC009F8C0 W
0xC009F900 W
0xC009F940 W
0xC009F980 W
0xC009F9C0 W
0xC009FA00 W
0xC009FA40 W
0xC009FA80 W
0xC009FAC0 W
0xC009FB00 W
0xC009FB40 W
0xC009FB80 W
0xC009FBC0 W
0xC009FC00 W
0xC009FC40 W
0xC009FC80 W
0xC009FCC0 W
0xC009FD00 W
0xC009FD40 W
0xC009FD80 W
0xC009FDC0 W
0xC009FE00 W
0xC009FE40 W
0xC009FE80 W
0xC009FEC0 W
0xC009FF00 W
0xC009FF40 W
0xC009FF80 W
0xC009FFC0 W
0xC0090000 R
0xC0090040 R
0xC0090080 R
0xC00900C0 R
0xC0090100 R
0xC0090140 R
0xC0090180 R
0xC00901C0 R
0xC0090200 R
0xC0090240 R
0xC0090280 R
0xC00902C0 R
0xC0090300 R
0xC0090340 R
0xC0090380 R
0xC00903C0 R
0xC0090400 R
0xC0090440 R
0xC0090480 R
0xC00904C0 R
0xC0090500 R
0xC0090540 R
0xC0090580 R
0xC00905C0 R
0xC0090600 R
0xC0090640 R
0xC0090680 R
0xC00906C0 R
0xC0090700 R
0xC0090740 R
0xC0090780 R
0xC00907C0 R
0xC0090800 R
0xC0090840 R
0xC0090880 R
0xC00908C0 R
0xC0090900 R
0xC0090940 R
0xC0090980 R
0xC00909C0 R
0xC0090A00 R
0xC0090A40 R
0xC0090A80 R
0xC0090AC0 R
0xC0090B00 R
0xC0090B40 R
0xC0090B80 R
0xC0090BC0 R
0xC0090C00 R
0xC0090C40 R
0xC0090C80 R
0xC0090CC0 R
0xC0090D00 R
0xC0090D40 R
0xC0090D80 R
0xC0090DC0 R
0xC0090E00 R
0xC0090E40 R
0xC0090E80 R
0xC0090EC0 R
0xC0090F00 R
0xC0090F40 R
0xC0090F80 R
0xC0090FC0 R
0xC0091000 R
0xC0091040 R
0xC0091080 R
0xC00910C0 R
0xC0091100 R
0xC0091140 R
0xC0091180 R
0xC00911C0 R
0xC0091200 R
0xC0091240 R
0xC0091280 R
0xC00912C0 R
0xC0091300 R
0xC0091340 R
0xC0091380 R
0xC00913C0 R
0xC0091400 R
0xC0091440 R
0xC0091480 R
0xC00914C0 R
0xC0091500 R
0xC0091540 R
0xC0091580 R
0xC00915C0 R
0xC0091600 R
0xC0091640 R
0xC0091680 R
0xC00916C0 R
0xC0091700 R
0xC0091740 R
0xC0091780 R
0xC00917C0 R
0xC0091800 R
0xC0091840 R
0xC0091880 R
0xC00918C0 R
0xC0091900 R
0xC0091940 R
0xC0091980 R
0xC00919C0 R
0xC0091A00 R
0xC0091A40 R
0xC0091A80 R
0xC0091AC0 R
0xC0091B00 R
0xC0091B40 R
0xC0091B80 R
0xC0091BC0 R
0xC0091C00 R
0xC0091C40 R
0xC0091C80 R
0xC0091CC0 R
0xC0091D00 R
0xC0091D40 R
0xC0091D80 R
0xC0091DC0 R
0xC0091E00 R
0xC0091E40 R
0xC0091E80 R
0xC0091EC0 R
0xC0091F00 R
0xC0091F40 R
0xC0091F80 R
0xC0091FC0 R
0xC0092000 R
0xC0092040 R
0xC0092080 R
0xC00920C0 R
0xC0092100 R
0xC0092140 R
0xC0092180 R
0xC00921C0 R
0xC0092200 R
0xC0092240 R
0xC0092280 R
0xC00922C0 R
0xC0092300 R
0xC0092340 R
0xC0092380 R
0xC00923C0 R
0xC0092400 R
0xC0092440 R
0xC0092480 R
0xC00924C0 R
0xC0092500 R
0xC0092540 R
0xC0092580 R
0xC00925C0 R
0xC0092600 R
0xC0092640 R
0xC0092680 R
0xC00926C0 R
0xC0092700 R
0xC0092740 R
0xC0092780 R
0xC00927C0 R
0xC0092800 R
0xC0092840 R
0xC0092880 R
0xC00928C0 R
0xC0092900 R
0xC0092940 R
0xC0092980 R
0xC00929C0 R
0xC0092A00 R
0xC0092A40 R
0xC0092A80 R
0xC0092AC0 R
0xC0092B00 R
0xC0092B40 R
0xC0092B80 R
0xC0092BC0 R
0xC0092C00 R
0xC0092C40 R
0xC0092C80 R
0xC0092CC0 R
0xC0092D00 R
0xC0092D40 R
0xC0092D80 R
0xC0092DC0 R
0xC0092E00 R
0xC0092E40 R
0xC0092E80 R
0xC0092EC0 R
0xC0092F00 R
0xC0092F40 R
0xC0092F80 R
0xC0092FC0 R
0xC0093000 R
0xC0093040 R
0xC0093080 R
0xC00930C0 R
0xC0093100 R
0xC0093140 R
0xC0093180 R
0xC00931C0 R
0xC0093200 R
0xC0093240 R
0xC0093280 R
0xC00932C0 R
0xC0093300 R
0xC0093340 R
0xC0093380 R
0xC00933C0 R
0xC0093400 R
0xC0093440 R
0xC0093480 R
0xC00934C0 R
0xC0093500 R
0xC0093540 R
0xC0093580 R
0xC00935C0 R
0xC0093600 R
0xC0093640 R
0xC0093680 R
0xC00936C0 R
0xC0093700 R
0xC0093740 R
0xC0093780 R
0xC00937C0 R
0xC0093800 R
0xC0093840 R
0xC0093880 R
0xC00938C0 R
0xC0093900 R
0xC0093940 R
0xC0093980 R
0xC00939C0 R
0xC0093A00 R
0xC0093A40 R
0xC0093A80 R
0xC0093AC0 R
0xC0093B00 R
0xC0093B40 R
0xC0093B80 R
0xC0093BC0 R
0xC0093C00 R
0xC0093C40 R
0xC0093C80 R
0xC0093CC0 R
0xC0093D00 R
0xC0093D40 R
0xC0093D80 R
0xC0093DC0 R
0xC0093E00 R
0xC0093E40 R
0xC0093E80 R
0xC0093EC0 R
0xC0093F00 R
0xC0093F40 R
0xC0093F80 R
0xC0093FC0 R
0xC0094000 R
0xC0094040 R
0xC0094080 R
0xC00940C0 R
0xC0094100 R
0xC0094140 R
0xC0094180 R
0xC00941C0 R
0xC0094200 R
0xC0094240 R
0xC0094280 R
0xC00942C0 R
0xC0094300 R
0xC0094340 R
0xC0094380 R
0xC00943C0 R
0xC0094400 R
0xC0094440 R
0xC0094480 R
0xC00944C0 R
0xC0094500 R
0xC0094540 R
0xC0094580 R
0xC00945C0 R
0xC0094600 R
0xC0094640 R
0xC0094680 R
0xC00946C0 R
0xC0094700 R
0xC0094740 R
0xC0094780 R
0xC00947C0 R
0xC0094800 R
0xC0094840 R
0xC0094880 R
0xC00948C0 R
0xC0094900 R
0xC0094940 R
0xC0094980 R
0xC00949C0 R
0xC0094A00 R
0xC0094A40 R
0xC0094A80 R
0xC0094AC0 R
0xC0094B00 R
0xC0094B40 R
0xC0094B80 R
0xC0094BC0 R
0xC0094C00 R
0xC0094C40 R
0xC0094C80 R
0xC0094CC0 R
0xC0094D00 R
0xC0094D40 R
0xC0094D80 R
0xC0094DC0 R
0xC0094E00 R
0xC0094E40 R
0xC0094E80 R
0xC0094EC0 R
0xC0094F00 R
0xC0094F40 R
0xC0094F80 R
0xC0094FC0 R
0xC0095000 R
0xC0095040 R
0xC0095080 R
0xC00950C0 R
0xC0095100 R
0xC0095140 R
0xC0095180 R
0xC00951C0 R
0xC0095200 R
0xC0095240 R
0xC0095280 R
0xC00952C0 R
0xC0095300 R
0xC0095340 R
0xC0095380 R
0xC00953C0 R
0xC0095400 R
0xC0095440 R
0xC0095480 R
0xC00954C0 R
0xC0095500 R
0xC0095540 R
0xC0095580 R
0xC00955C0 R
0xC0095600 R
0xC0095640 R
0xC0095680 R
0xC00956C0 R
0xC0095700 R
0xC0095740 R
0xC0095780 R
0xC00957C0 R
0xC0095800 R
0xC0095840 R
0xC0095880 R
0xC00958C0 R
0xC0095900 R
0xC0095940 R
0xC0095980 R
0xC00959C0 R
0xC0095A00 R
0xC0095A40 R
0xC0095A80 R
0xC0095AC0 R
0xC0095B00 R
0xC0095B40 R
0xC0095B80 R
0xC0095BC0 R
0xC0095C00 R
0xC0095C40 R
0xC0095C80 R
0xC0095CC0 R
0xC0095D00 R
0xC0095D40 R
0xC0095D80 R
0xC0095DC0 R
0xC0095E00 R
0xC0095E40 R
0xC0095E80 R
0xC0095EC0 R
0xC0095F00 R
0xC0095F40 R
0xC0095F80 R
0xC0095FC0 R
0xC0096000 R
0xC0096040 R
0xC0096080 R
0xC00960C0 R
0xC0096100 R
0xC0096140 R
0xC0096180 R
0xC00961C0 R
0xC0096200 R
0xC0096240 R
0xC0096280 R
0xC00962C0 R
0xC0096300 R
0xC0096340 R
0xC0096380 R
0xC00963C0 R
0xC0096400 R
0xC0096440 R
0xC0096480 R
0xC00964C0 R
0xC0096500 R
0xC0096540 R
0xC0096580 R
0xC00965C0 R
0xC0096600 R
0xC0096640 R
0xC0096680 R
0xC00966C0 R
0xC0096700 R
0xC0096740 R
0xC0096780 R
0xC00967C0 R
0xC0096800 R
0xC0096840 R
0xC0096880 R
0xC00968C0 R
0xC0096900 R
0xC0096940 R
0xC0096980 R
0xC00969C0 R
0xC0096A00 R
0xC0096A40 R
0xC0096A80 R
0xC0096AC0 R
0xC0096B00 R
0xC0096B40 R
0xC0096B80 R
0xC0096BC0 R
0xC0096C00 R
0xC0096C40 R
0xC0096C80 R
0xC0096CC0 R
0xC0096D00 R
0xC0096D40 R
0xC0096D80 R
0xC0096DC0 R
0xC0096E00 R
0xC0096E40 R
0xC0096E80 R
0xC0096EC0 R
0xC0096F00 R
0xC0096F40 R
0xC0096F80 R
0xC0096FC0 R
0xC0097000 R
0xC0097040 R
0xC0097080 R
0xC00970C0 R
0xC0097100 R
0xC0097140 R
0xC0097180 R
0xC00971C0 R
0xC0097200 R
0xC0097240 R
0xC0097280 R
0xC00972C0 R
0xC0097300 R
0xC0097340 R
0xC0097380 R
0xC00973C0 R
0xC0097400 R
0xC0097440 R
0xC0097480 R
0xC00974C0 R
0xC0097500 R
0xC0097540 R
0xC0097580 R
0xC00975C0 R
0xC0097600 R
0xC0097640 R
0xC0097680 R
0xC00976C0 R
0xC0097700 R
0xC0097740 R
0xC0097780 R
0xC00977C0 R
0xC0097800 R
0xC0097840 R
0xC0097880 R
0xC00978C0 R
0xC0097900 R
0xC0097940 R
0xC0097980 R
0xC00979C0 R
0xC0097A00 R
0xC0097A40 R
0xC0097A80 R
0xC0097AC0 R
0xC0097B00 R
0xC0097B40 R
0xC0097B80 R
0xC0097BC0 R
0xC0097C00 R
0xC0097C40 R
0xC0097C80 R
0xC0097CC0 R
0xC0097D00 R
0xC0097D40 R
0xC0097D80 R
0xC0097DC0 R
0xC0097E00 R
0xC0097E40 R
0xC0097E80 R
0xC0097EC0 R
0xC0097F00 R
0xC0097F40 R
0xC0097F80 R
0xC0097FC0 R
0xC0098000 R
0xC0098040 R
0xC0098080 R
0xC00980C0 R
0xC0098100 R
0xC0098140 R
0xC0098180 R
0xC00981C0 R
0xC0098200 R
0xC0098240 R
0xC0098280 R
0xC00982C0 R
0xC0098300 R
0xC0098340 R
0xC0098380 R
0xC00983C0 R
0xC0098400 R
0xC0098440 R
0xC0098480 R
0xC00984C0 R
0xC0098500 R
0xC0098540 R
0xC0098580 R
0xC00985C0 R
0xC0098600 R
0xC0098640 R
0xC0098680 R
0xC00986C0 R
0xC0098700 R
0xC0098740 R
0xC0098780 R
0xC00987C0 R
0xC0098800 R
0xC0098840 R
0xC0098880 R
0xC00988C0 R
0xC0098900 R
0xC0098940 R
0xC0098980 R
0xC00989C0 R
0xC0098A00 R
0xC0098A40 R
0xC0098A80 R
0xC0098AC0 R
0xC0098B00 R
0xC0098B40 R
0xC0098B80 R
0xC0098BC0 R
0xC0098C00 R
0xC0098C40 R
0xC0098C80 R
0xC0098CC0 R
0xC0098D00 R
0xC0098D40 R
0xC0098D80 R
0xC0098DC0 R
0xC0098E00 R
0xC0098E40 R
0xC0098E80 R
0xC0098EC0 R
0xC0098F00 R
0xC0098F40 R
0xC0098F80 R
0xC0098FC0 R
0xC0099000 R
0xC0099040 R
0xC0099080 R
0xC00990C0 R
0xC0099100 R
0xC0099140 R
0xC0099180 R
0xC00991C0 R
0xC0099200 R
0xC0099240 R
0xC0099280 R
0xC00992C0 R
0xC0099300 R
0xC0099340 R
0xC0099380 R
0xC00993C0 R
0xC0099400 R
0xC0099440 R
0xC0099480 R
0xC00994C0 R
0xC0099500 R
0xC0099540 R
0xC0099580 R
0xC00995C0 R
0xC0099600 R
0xC0099640 R
0xC0099680 R
0xC00996C0 R
0xC0099700 R
0xC0099740 R
0xC0099780 R
0xC00997C0 R
0xC0099800 R
0xC0099840 R
0xC0099880 R
0xC00998C0 R
0xC0099900 R
0xC0099940 R
0xC0099980 R
0xC00999C0 R
0xC0099A00 R
0xC0099A40 R
0xC0099A80 R
0xC0099AC0 R
0xC0099B00 R
0xC0099B40 R
0xC0099B80 R
0xC0099BC0 R
0xC0099C00 R
0xC0099C40 R
0xC0099C80 R
0xC0099CC0 R
0xC0099D00 R
0xC0099D40 R
0xC0099D80 R
0xC0099DC0 R
0xC0099E00 R
0xC0099E40 R
0xC0099E80 R
0xC0099EC0 R
0xC0099F00 R
0xC0099F40 R
0xC0099F80 R
0xC0099FC0 R
0xC009A000 R
0xC009A040 R
0xC009A080 R
0xC009A0C0 R
0xC009A100 R
0xC009A140 R
0xC009A180 R
0xC009A1C0 R
0xC009A200 R
0xC009A240 R
0xC009A280 R
0xC009A2C0 R
0xC009A300 R
0xC009A340 R
0xC009A380 R
0xC009A3C0 R
0xC009A400 R
0xC009A440 R
0xC009A480 R
0xC009A4C0 R
0xC009A500 R
0xC009A540 R
0xC009A580 R
0xC009A5C0 R
0xC009A600 R
0xC009A640 R
0xC009A680 R
0xC009A6C0 R
0xC009A700 R
0xC009A740 R
0xC009A780 R
0xC009A7C0 R
0xC009A800 R
0xC009A840 R
0xC009A880 R
0xC009A8C0 R
0xC009A900 R
0xC009A940 R
0xC009A980 R
0xC009A9C0 R
0xC009AA00 R
0xC009AA40 R
0xC009AA80 R
0xC009AAC0 R
0xC009AB00 R
0xC009AB40 R
0xC009AB80 R
0xC009ABC0 R
0xC009AC00 R
0xC009AC40 R
0xC009AC80 R
0xC009ACC0 R
0xC009AD00 R
0xC009AD40 R
0xC009AD80 R
0xC009ADC0 R
0xC009AE00 R
0xC009AE40 R
0xC009AE80 R
0xC009AEC0 R
0xC009AF00 R
0xC009AF40 R
0xC009AF80 R
0xC009AFC0 R
0xC009B000 R
0xC009B040 R
0xC009B080 R
0xC009B0C0 R
0xC009B100 R
0xC009B140 R
0xC009B180 R
0xC009B1C0 R
0xC009B200 R
0xC009B240 R
0xC009B280 R
0xC009B2C0 R
0xC009B300 R
0xC009B340 R
0xC009B380 R
0xC009B3C0 R
0xC009B400 R
0xC009B440 R
0xC009B480 R
0xC009B4C0 R
0xC009B500 R
0xC009B540 R
0xC009B580 R
0xC009B5C0 R
0xC009B600 R
0xC009B640 R
0xC009B680 R
0xC009B6C0 R
0xC009B700 R
0xC009B740 R
0xC009B780 R
0xC009B7C0 R
0xC009B800 R
0xC009B840 R
0xC009B880 R
0xC009B8C0 R
0xC009B900 R
0xC009B940 R
0xC009B980 R
0xC009B9C0 R
0xC009BA00 R
0xC009BA40 R
0xC009BA80 R
0xC009BAC0 R
0xC009BB00 R
0xC009BB40 R
0xC009BB80 R
0xC009BBC0 R
0xC009BC00 R
0xC009BC40 R
0xC009BC80 R
0xC009BCC0 R
0xC009BD00 R
0xC009BD40 R
0xC009BD80 R
0xC009BDC0 R
0xC009BE00 R
0xC009BE40 R
0xC009BE80 R
0xC009BEC0 R
0xC009BF00 R
0xC009BF40 R
0xC009BF80 R
0xC009BFC0 R
0xC009C000 R
0xC009C040 R
0xC009C080 R
0xC009C0C0 R
0xC009C100 R
0xC009C140 R
0xC009C180 R
0xC009C1C0 R
0xC009C200 R
0xC009C240 R
0xC009C280 R
0xC009C2C0 R
0xC009C300 R
0xC009C340 R
0xC009C380 R
0xC009C3C0 R
0xC009C400 R
0xC009C440 R
0xC009C480 R
0xC009C4C0 R
0xC009C500 R
0xC009C540 R
0xC009C580 R
0xC009C5C0 R
0xC009C600 R
0xC009C640 R
0xC009C680 R
0xC009C6C0 R
0xC009C700 R
0xC009C740 R
0xC009C780 R
0xC009C7C0 R
0xC009C800 R
0xC009C840 R
0xC009C880 R
0xC009C8C0 R
0xC009C900 R
0xC009C940 R
0xC009C980 R
0xC009C9C0 R
0xC009CA00 R
0xC009CA40 R
0xC009CA80 R
0xC009CAC0 R
0xC009CB00 R
0xC009CB40 R
0xC009CB80 R
0xC009CBC0 R
0xC009CC00 R
0xC009CC40 R
0xC009CC80 R
0xC009CCC0 R
0xC009CD00 R
0xC009CD40 R
0xC009CD80 R
0xC009CDC0 R
0xC009CE00 R
0xC009CE40 R
0xC009CE80 R
0xC009CEC0 R
0xC009CF00 R
0xC009CF40 R
0xC009CF80 R
0xC009CFC0 R
0xC009D000 R
0xC009D040 R
0xC009D080 R
0xC009D0C0 R
0xC009D100 R
0xC009D140 R
0xC009D180 R
0xC009D1C0 R
0xC009D200 R
0xC009D240 R
0xC009D280 R
0xC009D2C0 R
0xC009D300 R
0xC009D340 R
0xC009D380 R
0xC009D3C0 R
0xC009D400 R
0xC009D440 R
0xC009D480 R
0xC009D4C0 R
0xC009D500 R
0xC009D540 R
0xC009D580 R
0xC009D5C0 R
0xC009D600 R
0xC009D640 R
0xC009D680 R
0xC009D6C0 R
0xC009D700 R
0xC009D740 R
0xC009D780 R
0xC009D7C0 R
0xC009D800 R
0xC009D840 R
0xC009D880 R
0xC009D8C0 R
0xC009D900 R
0xC009D940 R
0xC009D980 R
0xC009D9C0 R
0xC009DA00 R
0xC009DA40 R
0xC009DA80 R
0xC009DAC0 R
0xC009DB00 R
0xC009DB40 R
0xC009DB80 R
0xC009DBC0 R
0xC009DC00 R
0xC009DC40 R
0xC009DC80 R
0xC009DCC0 R
0xC009DD00 R
0xC009DD40 R
0xC009DD80 R
0xC009DDC0 R
0xC009DE00 R
0xC009DE40 R
0xC009DE80 R
0xC009DEC0 R
0xC009DF00 R
0xC009DF40 R
0xC009DF80 R
0xC009DFC0 R
0xC009E000 R
0xC009E040 R
0xC009E080 R
0xC009E0C0 R
0xC009E100 R
0xC009E140 R
0xC009E180 R
0xC009E1C0 R
0xC009E200 R
0xC009E240 R
0xC009E280 R
0xC009E2C0 R
0xC009E300 R
0xC009E340 R
0xC009E380 R
0xC009E3C0 R
0xC009E400 R
0xC009E440 R
0xC009E480 R
0xC009E4C0 R
0xC009E500 R
0xC009E540 R
0xC009E580 R
0xC009E5C0 R
0xC009E600 R
0xC009E640 R
0xC009E680 R
0xC009E6C0 R
0xC009E700 R
0xC009E740 R
0xC009E780 R
0xC009E7C0 R
0xC009E800 R
0xC009E840 R
0xC009E880 R
0xC009E8C0 R
0xC009E900 R
0xC009E940 R
0xC009E980 R
0xC009E9C0 R
0xC009EA00 R
0xC009EA40 R
0xC009EA80 R
0xC009EAC0 R
0xC009EB00 R
0xC009EB40 R
0xC009EB80 R
0xC009EBC0 R
0xC009EC00 R
0xC009EC40 R
0xC009EC80 R
0xC009ECC0 R
0xC009ED00 R
0xC009ED40 R
0xC009ED80 R
0xC009EDC0 R
0xC009EE00 R
0xC009EE40 R
0xC009EE80 R
0xC009EEC0 R
0xC009EF00 R
0xC009EF40 R
0xC009EF80 R
0xC009EFC0 R
0xC009F000 R
0xC009F040 R
0xC009F080 R
0xC009F0C0 R
0xC009F100 R
0xC009F140 R
0xC009F180 R
0xC009F1C0 R
0xC009F200 R
0xC009F240 R
0xC009F280 R
0xC009F2C0 R
0xC009F300 R
0xC009F340 R
0xC009F380 R
0xC009F3C0 R
0xC009F400 R
0xC009F440 R
0xC009F480 R
0xC009F4C0 R
0xC009F500 R
0xC009F540 R
0xC009F580 R
0xC009F5C0 R
0xC009F600 R
0xC009F640 R
0xC009F680 R
0xC009F6C0 R
0xC009F700 R
0xC009F740 R
0xC009F780 R
0xC009F7C0 R
0xC009F800 R
0xC009F840 R
0xC009F880 R
0xC009F8C0 R
0xC009F900 R
0xC009F940 R
0xC009F980 R
0xC009F9C0 R
0xC009FA00 R
0xC009FA40 R
0xC009FA80 R
0xC009FAC0 R
0xC009FB00 R
0xC009FB40 R
0xC009FB80 R
0xC009FBC0 R
0xC009FC00 R
0xC009FC40 R
0xC009FC80 R
0xC009FCC0 R
0xC009FD00 R
0xC009FD40 R
0xC009FD80 R
0xC009FDC0 R
0xC009FE00 R
0xC009FE40 R
0xC009FE80 R
0xC009FEC0 R
0xC009FF00 R
0xC009FF40 R
0xC009FF80 R
0xC009FFC0 R
0xA00A0000 R
0xA00A0040 R
0xA00A0080 R
0xA00A00C0 R
0xA00A0100 R
0xA00A0140 R
0xA00A0180 R
0xA00A01C0 R
0xA00A0200 R
0xA00A0240 R
0xA00A0280 R
0xA00A02C0 R
0xA00A0300 R
0xA00A0340 R
0xA00A0380 R
0xA00A03C0 R
0xA00A0400 R
0xA00A0440 R
0xA00A0480 R
0xA00A04C0 R
0xA00A0500 R
0xA00A0540 R
0xA00A0580 R
0xA00A05C0 R
0xA00A0600 R
0xA00A0640 R
0xA00A0680 R
0xA00A06C0 R
0xA00A0700 R
0xA00A0740 R
0xA00A0780 R
0xA00A07C0 R
0xA00A0800 R
0xA00A0840 R
0xA00A0880 R
0xA00A08C0 R
0xA00A0900 R
0xA00A0940 R
0xA00A0980 R
0xA00A09C0 R
0xA00A0A00 R
0xA00A0A40 R
0xA00A0A80 R
0xA00A0AC0 R
0xA00A0B00 R
0xA00A0B40 R
0xA00A0B80 R
0xA00A0BC0 R
0xA00A0C00 R
0xA00A0C40 R
0xA00A0C80 R
0xA00A0CC0 R
0xA00A0D00 R
0xA00A0D40 R
0xA00A0D80 R
0xA00A0DC0 R
0xA00A0E00 R
0xA00A0E40 R
0xA00A0E80 R
0xA00A0EC0 R
0xA00A0F00 R
0xA00A0F40 R
0xA00A0F80 R
0xA00A0FC0 R
0xA00A1000 R
0xA00A1040 R
0xA00A1080 R
0xA00A10C0 R
0xA00A1100 R
0xA00A1140 R
0xA00A1180 R
0xA00A11C0 R
0xA00A1200 R
0xA00A1240 R
0xA00A1280 R
0xA00A12C0 R
0xA00A1300 R
0xA00A1340 R
0xA00A1380 R
0xA00A13C0 R
0xA00A1400 R
0xA00A1440 R
0xA00A1480 R
0xA00A14C0 R
0xA00A1500 R
0xA00A1540 R
0xA00A1580 R
0xA00A15C0 R
0xA00A1600 R
0xA00A1640 R
0xA00A1680 R
0xA00A16C0 R
0xA00A1700 R
0xA00A1740 R
0xA00A1780 R
0xA00A17C0 R
0xA00A1800 R
0xA00A1840 R
0xA00A1880 R
0xA00A18C0 R
0xA00A1900 R
0xA00A1940 R
0xA00A1980 R
0xA00A19C0 R
0xA00A1A00 R
0xA00A1A40 R
0xA00A1A80 R
0xA00A1AC0 R
0xA00A1B00 R
0xA00A1B40 R
0xA00A1B80 R
0xA00A1BC0 R
0xA00A1C00 R
0xA00A1C40 R
0xA00A1C80 R
0xA00A1CC0 R
0xA00A1D00 R
0xA00A1D40 R
0xA00A1D80 R
0xA00A1DC0 R
0xA00A1E00 R
0xA00A1E40 R
0xA00A1E80 R
0xA00A1EC0 R
0xA00A1F00 R
0xA00A1F40 R
0xA00A1F80 R
0xA00A1FC0 R
0xA00A2000 R
0xA00A2040 R
0xA00A2080 R
0xA00A20C0 R
0xA00A2100 R
0xA00A2140 R
0xA00A2180 R
0xA00A21C0 R
0xA00A2200 R
0xA00A2240 R
0xA00A2280 R
0xA00A22C0 R
0xA00A2300 R
0xA00A2340 R
0xA00A2380 R
0xA00A23C0 R
0xA00A2400 R
0xA00A2440 R
0xA00A2480 R
0xA00A24C0 R
0xA00A2500 R
0xA00A2540 R
0xA00A2580 R
0xA00A25C0 R
0xA00A2600 R
0xA00A2640 R
0xA00A2680 R
0xA00A26C0 R
0xA00A2700 R
0xA00A2740 R
0xA00A2780 R
0xA00A27C0 R
0xA00A2800 R
0xA00A2840 R
0xA00A2880 R
0xA00A28C0 R
0xA00A2900 R
0xA00A2940 R
0xA00A2980 R
0xA00A29C0 R
0xA00A2A00 R
0xA00A2A40 R
0xA00A2A80 R
0xA00A2AC0 R
0xA00A2B00 R
0xA00A2B40 R
0xA00A2B80 R
0xA00A2BC0 R
0xA00A2C00 R
0xA00A2C40 R
0xA00A2C80 R
0xA00A2CC0 R
0xA00A2D00 R
0xA00A2D40 R
0xA00A2D80 R
0xA00A2DC0 R
0xA00A2E00 R
0xA00A2E40 R
0xA00A2E80 R
0xA00A2EC0 R
0xA00A2F00 R
0xA00A2F40 R
0xA00A2F80 R
0xA00A2FC0 R
0xA00A3000 R
0xA00A3040 R
0xA00A3080 R
0xA00A30C0 R
0xA00A3100 R
0xA00A3140 R
0xA00A3180 R
0xA00A31C0 R
0xA00A3200 R
0xA00A3240 R
0xA00A3280 R
0xA00A32C0 R
0xA00A3300 R
0xA00A3340 R
0xA00A3380 R
0xA00A33C0 R
0xA00A3400 R
0xA00A3440 R
0xA00A3480 R
0xA00A34C0 R
0xA00A3500 R
0xA00A3540 R
0xA00A3580 R
0xA00A35C0 R
0xA00A3600 R
0xA00A3640 R
0xA00A3680 R
0xA00A36C0 R
0xA00A3700 R
0xA00A3740 R
0xA00A3780 R
0xA00A37C0 R
0xA00A3800 R
0xA00A3840 R
0xA00A3880 R
0xA00A38C0 R
0xA00A3900 R
0xA00A3940 R
0xA00A3980 R
0xA00A39C0 R
0xA00A3A00 R
0xA00A3A40 R
0xA00A3A80 R
0xA00A3AC0 R
0xA00A3B00 R
0xA00A3B40 R
0xA00A3B80 R
0xA00A3BC0 R
0xA00A3C00 R
0xA00A3C40 R
0xA00A3C80 R
0xA00A3CC0 R
0xA00A3D00 R
0xA00A3D40 R
0xA00A3D80 R
0xA00A3DC0 R
0xA00A3E00 R
0xA00A3E40 R
0xA00A3E80 R
0xA00A3EC0 R
0xA00A3F00 R
0xA00A3F40 R
0xA00A3F80 R
0xA00A3FC0 R
0xA00A4000 R
0xA00A4040 R
0xA00A4080 R
0xA00A40C0 R
0xA00A4100 R
0xA00A4140 R
0xA00A4180 R
0xA00A41C0 R
0xA00A4200 R
0xA00A4240 R
0xA00A4280 R
0xA00A42C0 R
0xA00A4300 R
0xA00A4340 R
0xA00A4380 R
0xA00A43C0 R
0xA00A4400 R
0xA00A4440 R
0xA00A4480 R
0xA00A44C0 R
0xA00A4500 R
0xA00A4540 R
0xA00A4580 R
0xA00A45C0 R
0xA00A4600 R
0xA00A4640 R
0xA00A4680 R
0xA00A46C0 R
0xA00A4700 R
0xA00A4740 R
0xA00A4780 R
0xA00A47C0 R
0xA00A4800 R
0xA00A4840 R
0xA00A4880 R
0xA00A48C0 R
0xA00A4900 R
0xA00A4940 R
0xA00A4980 R
0xA00A49C0 R
0xA00A4A00 R
0xA00A4A40 R
0xA00A4A80 R
0xA00A4AC0 R
0xA00A4B00 R
0xA00A4B40 R
0xA00A4B80 R
0xA00A4BC0 R
0xA00A4C00 R
0xA00A4C40 R
0xA00A4C80 R
0xA00A4CC0 R
0xA00A4D00 R
0xA00A4D40 R
0xA00A4D80 R
0xA00A4DC0 R
0xA00A4E00 R
0xA00A4E40 R
0xA00A4E80 R
0xA00A4EC0 R
0xA00A4F00 R
0xA00A4F40 R
0xA00A4F80 R
0xA00A4FC0 R
0xA00A5000 R
0xA00A5040 R
0xA00A5080 R
0xA00A50C0 R
0xA00A5100 R
0xA00A5140 R
0xA00A5180 R
0xA00A51C0 R
0xA00A5200 R
0xA00A5240 R
0xA00A5280 R
0xA00A52C0 R
0xA00A5300 R
0xA00A5340 R
0xA00A5380 R
0xA00A53C0 R
0xA00A5400 R
0xA00A5440 R
0xA00A5480 R
0xA00A54C0 R
0xA00A5500 R
0xA00A5540 R
0xA00A5580 R
0xA00A55C0 R
0xA00A5600 R
0xA00A5640 R
0xA00A5680 R
0xA00A56C0 R
0xA00A5700 R
0xA00A5740 R
0xA00A5780 R
0xA00A57C0 R
0xA00A5800 R
0xA00A5840 R
0xA00A5880 R
0xA00A58C0 R
0xA00A5900 R
0xA00A5940 R
0xA00A5980 R
0xA00A59C0 R
0xA00A5A00 R
0xA00A5A40 R
0xA00A5A80 R
0xA00A5AC0 R
0xA00A5B00 R
0xA00A5B40 R
0xA00A5B80 R
0xA00A5BC0 R
0xA00A5C00 R
0xA00A5C40 R
0xA00A5C80 R
0xA00A5CC0 R
0xA00A5D00 R
0xA00A5D40 R
0xA00A5D80 R
0xA00A5DC0 R
0xA00A5E00 R
0xA00A5E40 R
0xA00A5E80 R
0xA00A5EC0 R
0xA00A5F00 R
0xA00A5F40 R
0xA00A5F80 R
0xA00A5FC0 R
0xA00A6000 R
0xA00A6040 R
0xA00A6080 R
0xA00A60C0 R
0xA00A6100 R
0xA00A6140 R
0xA00A6180 R
0xA00A61C0 R
0xA00A6200 R
0xA00A6240 R
0xA00A6280 R
0xA00A62C0 R
0xA00A6300 R
0xA00A6340 R
0xA00A6380 R
0xA00A63C0 R
0xA00A6400 R
0xA00A6440 R
0xA00A6480 R
0xA00A64C0 R
0xA00A6500 R
0xA00A6540 R
0xA00A6580 R
0xA00A65C0 R
0xA00A6600 R
0xA00A6640 R
0xA00A6680 R
0xA00A66C0 R
0xA00A6700 R
0xA00A6740 R
0xA00A6780 R
0xA00A67C0 R
0xA00A6800 R
0xA00A6840 R
0xA00A6880 R
0xA00A68C0 R
0xA00A6900 R
0xA00A6940 R
0xA00A6980 R
0xA00A69C0 R
0xA00A6A00 R
0xA00A6A40 R
0xA00A6A80 R
0xA00A6AC0 R
0xA00A6B00 R
0xA00A6B40 R
0xA00A6B80 R
0xA00A6BC0 R
0xA00A6C00 R
0xA00A6C40 R
0xA00A6C80 R
0xA00A6CC0 R
0xA00A6D00 R
0xA00A6D40 R
0xA00A6D80 R
0xA00A6DC0 R
0xA00A6E00 R
0xA00A6E40 R
0xA00A6E80 R
0xA00A6EC0 R
0xA00A6F00 R
0xA00A6F40 R
0xA00A6F80 R
0xA00A6FC0 R
0xA00A7000 R
0xA00A7040 R
0xA00A7080 R
0xA00A70C0 R
0xA00A7100 R
0xA00A7140 R
0xA00A7180 R
0xA00A71C0 R
0xA00A7200 R
0xA00A7240 R
0xA00A7280 R
0xA00A72C0 R
0xA00A7300 R
0xA00A7340 R
0xA00A7380 R
0xA00A73C0 R
0xA00A7400 R
0xA00A7440 R
0xA00A7480 R
0xA00A74C0 R
0xA00A7500 R
0xA00A7540 R
0xA00A7580 R
0xA00A75C0 R
0xA00A7600 R
0xA00A7640 R
0xA00A7680 R
0xA00A76C0 R
0xA00A7700 R
0xA00A7740 R
0xA00A7780 R
0xA00A77C0 R
0xA00A7800 R
0xA00A7840 R
0xA00A7880 R
0xA00A78C0 R
0xA00A7900 R
0xA00A7940 R
0xA00A7980 R
0xA00A79C0 R
0xA00A7A00 R
0xA00A7A40 R
0xA00A7A80 R
0xA00A7AC0 R
0xA00A7B00 R
0xA00A7B40 R
0xA00A7B80 R
0xA00A7BC0 R
0xA00A7C00 R
0xA00A7C40 R
0xA00A7C80 R
0xA00A7CC0 R
0xA00A7D00 R
0xA00A7D40 R
0xA00A7D80 R
0xA00A7DC0 R
0xA00A7E00 R
0xA00A7E40 R
0xA00A7E80 R
0xA00A7EC0 R
0xA00A7F00 R
0xA00A7F40 R
0xA00A7F80 R
0xA00A7FC0 R
0xA00A8000 R
0xA00A8040 R
0xA00A8080 R
0xA00A80C0 R
0xA00A8100 R
0xA00A8140 R
0xA00A8180 R
0xA00A81C0 R
0xA00A8200 R
0xA00A8240 R
0xA00A8280 R
0xA00A82C0 R
0xA00A8300 R
0xA00A8340 R
0xA00A8380 R
0xA00A83C0 R
0xA00A8400 R
0xA00A8440 R
0xA00A8480 R
0xA00A84C0 R
0xA00A8500 R
0xA00A8540 R
0xA00A8580 R
0xA00A85C0 R
0xA00A8600 R
0xA00A8640 R
0xA00A8680 R
0xA00A86C0 R
0xA00A8700 R
0xA00A8740 R
0xA00A8780 R
0xA00A87C0 R
0xA00A8800 R
0xA00A8840 R
0xA00A8880 R
0xA00A88C0 R
0xA00A8900 R
0xA00A8940 R
0xA00A8980 R
0xA00A89C0 R
0xA00A8A00 R
0xA00A8A40 R
0xA00A8A80 R
0xA00A8AC0 R
0xA00A8B00 R
0xA00A8B40 R
0xA00A8B80 R
0xA00A8BC0 R
0xA00A8C00 R
0xA00A8C40 R
0xA00A8C80 R
0xA00A8CC0 R
0xA00A8D00 R
0xA00A8D40 R
0xA00A8D80 R
0xA00A8DC0 R
0xA00A8E00 R
0xA00A8E40 R
0xA00A8E80 R
0xA00A8EC0 R
0xA00A8F00 R
0xA00A8F40 R
0xA00A8F80 R
0xA00A8FC0 R
0xA00A9000 R
0xA00A9040 R
0xA00A9080 R
0xA00A90C0 R
0xA00A9100 R
0xA00A9140 R
0xA00A9180 R
0xA00A91C0 R
0xA00A9200 R
0xA00A9240 R
0xA00A9280 R
0xA00A92C0 R
0xA00A9300 R
0xA00A9340 R
0xA00A9380 R
0xA00A93C0 R
0xA00A9400 R
0xA00A9440 R
0xA00A9480 R
0xA00A94C0 R
0xA00A9500 R
0xA00A9540 R
0xA00A9580 R
0xA00A95C0 R
0xA00A9600 R
0xA00A9640 R
0xA00A9680 R
0xA00A96C0 R
0xA00A9700 R
0xA00A9740 R
0xA00A9780 R
0xA00A97C0 R
0xA00A9800 R
0xA00A9840 R
0xA00A9880 R
0xA00A98C0 R
0xA00A9900 R
0xA00A9940 R
0xA00A9980 R
0xA00A99C0 R
0xA00A9A00 R
0xA00A9A40 R
0xA00A9A80 R
0xA00A9AC0 R
0xA00A9B00 R
0xA00A9B40 R
0xA00A9B80 R
0xA00A9BC0 R
0xA00A9C00 R
0xA00A9C40 R
0xA00A9C80 R
0xA00A9CC0 R
0xA00A9D00 R
0xA00A9D40 R
0xA00A9D80 R
0xA00A9DC0 R
0xA00A9E00 R
0xA00A9E40 R
0xA00A9E80 R
0xA00A9EC0 R
0xA00A9F00 R
0xA00A9F40 R
0xA00A9F80 R
0xA00A9FC0 R
0xA00AA000 R
0xA00AA040 R
0xA00AA080 R
0xA00AA0C0 R
0xA00AA100 R
0xA00AA140 R
0xA00AA180 R
0xA00AA1C0 R
0xA00AA200 R
0xA00AA240 R
0xA00AA280 R
0xA00AA2C0 R
0xA00AA300 R
0xA00AA340 R
0xA00AA380 R
0xA00AA3C0 R
0xA00AA400 R
0xA00AA440 R
0xA00AA480 R
0xA00AA4C0 R
0xA00AA500 R
0xA00AA540 R
0xA00AA580 R
0xA00AA5C0 R
0xA00AA600 R
0xA00AA640 R
0xA00AA680 R
0xA00AA6C0 R
0xA00AA700 R
0xA00AA740 R
0xA00AA780 R
0xA00AA7C0 R
0xA00AA800 R
0xA00AA840 R
0xA00AA880 R
0xA00AA8C0 R
0xA00AA900 R
0xA00AA940 R
0xA00AA980 R
0xA00AA9C0 R
0xA00AAA00 R
0xA00AAA40 R
0xA00AAA80 R
0xA00AAAC0 R
0xA00AAB00 R
0xA00AAB40 R
0xA00AAB80 R
0xA00AABC0 R
0xA00AAC00 R
0xA00AAC40 R
0xA00AAC80 R
0xA00AACC0 R
0xA00AAD00 R
0xA00AAD40 R
0xA00AAD80 R
0xA00AADC0 R
0xA00AAE00 R
0xA00AAE40 R
0xA00AAE80 R
0xA00AAEC0 R
0xA00AAF00 R
0xA00AAF40 R
0xA00AAF80 R
0xA00AAFC0 R
0xA00AB000 R
0xA00AB040 R
0xA00AB080 R
0xA00AB0C0 R
0xA00AB100 R
0xA00AB140 R
0xA00AB180 R
0xA00AB1C0 R
0xA00AB200 R
0xA00AB240 R
0xA00AB280 R
0xA00AB2C0 R
0xA00AB300 R
0xA00AB340 R
0xA00AB380 R
0xA00AB3C0 R
0xA00AB400 R
0xA00AB440 R
0xA00AB480 R
0xA00AB4C0 R
0xA00AB500 R
0xA00AB540 R
0xA00AB580 R
0xA00AB5C0 R
0xA00AB600 R
0xA00AB640 R
0xA00AB680 R
0xA00AB6C0 R
0xA00AB700 R
0xA00AB740 R
0xA00AB780 R
0xA00AB7C0 R
0xA00AB800 R
0xA00AB840 R
0xA00AB880 R
0xA00AB8C0 R
0xA00AB900 R
0xA00AB940 R
0xA00AB980 R
0xA00AB9C0 R
0xA00ABA00 R
0xA00ABA40 R
0xA00ABA80 R
0xA00ABAC0 R
0xA00ABB00 R
0xA00ABB40 R
0xA00ABB80 R
0xA00ABBC0 R
0xA00ABC00 R
0xA00ABC40 R
0xA00ABC80 R
0xA00ABCC0 R
0xA00ABD00 R
0xA00ABD40 R
0xA00ABD80 R
0xA00ABDC0 R
0xA00ABE00 R
0xA00ABE40 R
0xA00ABE80 R
0xA00ABEC0 R
0xA00ABF00 R
0xA00ABF40 R
0xA00ABF80 R
0xA00ABFC0 R
0xA00AC000 R
0xA00AC040 R
0xA00AC080 R
0xA00AC0C0 R
0xA00AC100 R
0xA00AC140 R
0xA00AC180 R
0xA00AC1C0 R
0xA00AC200 R
0xA00AC240 R
0xA00AC280 R
0xA00AC2C0 R
0xA00AC300 R
0xA00AC340 R
0xA00AC380 R
0xA00AC3C0 R
0xA00AC400 R
0xA00AC440 R
0xA00AC480 R
0xA00AC4C0 R
0xA00AC500 R
0xA00AC540 R
0xA00AC580 R
0xA00AC5C0 R
0xA00AC600 R
0xA00AC640 R
0xA00AC680 R
0xA00AC6C0 R
0xA00AC700 R
0xA00AC740 R
0xA00AC780 R
0xA00AC7C0 R
0xA00AC800 R
0xA00AC840 R
0xA00AC880 R
0xA00AC8C0 R
0xA00AC900 R
0xA00AC940 R
0xA00AC980 R
0xA00AC9C0 R
0xA00ACA00 R
0xA00ACA40 R
0xA00ACA80 R
0xA00ACAC0 R
0xA00ACB00 R
0xA00ACB40 R
0xA00ACB80 R
0xA00ACBC0 R
0xA00ACC00 R
0xA00ACC40 R
0xA00ACC80 R
0xA00ACCC0 R
0xA00ACD00 R
0xA00ACD40 R
0xA00ACD80 R
0xA00ACDC0 R
0xA00ACE00 R
0xA00ACE40 R
0xA00ACE80 R
0xA00ACEC0 R
0xA00ACF00 R
0xA00ACF40 R
0xA00ACF80 R
0xA00ACFC0 R
0xA00AD000 R
0xA00AD040 R
0xA00AD080 R
0xA00AD0C0 R
0xA00AD100 R
0xA00AD140 R
0xA00AD180 R
0xA00AD1C0 R
0xA00AD200 R
0xA00AD240 R
0xA00AD280 R
0xA00AD2C0 R
0xA00AD300 R
0xA00AD340 R
0xA00AD380 R
0xA00AD3C0 R
0xA00AD400 R
0xA00AD440 R
0xA00AD480 R
0xA00AD4C0 R
0xA00AD500 R
0xA00AD540 R
0xA00AD580 R
0xA00AD5C0 R
0xA00AD600 R
0xA00AD640 R
0xA00AD680 R
0xA00AD6C0 R
0xA00AD700 R
0xA00AD740 R
0xA00AD780 R
0xA00AD7C0 R
0xA00AD800 R
0xA00AD840 R
0xA00AD880 R
0xA00AD8C0 R
0xA00AD900 R
0xA00AD940 R
0xA00AD980 R
0xA00AD9C0 R
0xA00ADA00 R
0xA00ADA40 R
0xA00ADA80 R
0xA00ADAC0 R
0xA00ADB00 R
0xA00ADB40 R
0xA00ADB80 R
0xA00ADBC0 R
0xA00ADC00 R
0xA00ADC40 R
0xA00ADC80 R
0xA00ADCC0 R
0xA00ADD00 R
0xA00ADD40 R
0xA00ADD80 R
0xA00ADDC0 R
0xA00ADE00 R
0xA00ADE40 R
0xA00ADE80 R
0xA00ADEC0 R
0xA00ADF00 R
0xA00ADF40 R
0xA00ADF80 R
0xA00ADFC0 R
0xA00AE000 R
0xA00AE040 R
0xA00AE080 R
0xA00AE0C0 R
0xA00AE100 R
0xA00AE140 R
0xA00AE180 R
0xA00AE1C0 R
0xA00AE200 R
0xA00AE240 R
0xA00AE280 R
0xA00AE2C0 R
0xA00AE300 R
0xA00AE340 R
0xA00AE380 R
0xA00AE3C0 R
0xA00AE400 R
0xA00AE440 R
0xA00AE480 R
0xA00AE4C0 R
0xA00AE500 R
0xA00AE540 R
0xA00AE580 R
0xA00AE5C0 R
0xA00AE600 R
0xA00AE640 R
0xA00AE680 R
0xA00AE6C0 R
0xA00AE700 R
0xA00AE740 R
0xA00AE780 R
0xA00AE7C0 R
0xA00AE800 R
0xA00AE840 R
0xA00AE880 R
0xA00AE8C0 R
0xA00AE900 R
0xA00AE940 R
0xA00AE980 R
0xA00AE9C0 R
0xA00AEA00 R
0xA00AEA40 R
0xA00AEA80 R
0xA00AEAC0 R
0xA00AEB00 R
0xA00AEB40 R
0xA00AEB80 R
0xA00AEBC0 R
0xA00AEC00 R
0xA00AEC40 R
0xA00AEC80 R
0xA00AECC0 R
0xA00AED00 R
0xA00AED40 R
0xA00AED80 R
0xA00AEDC0 R
0xA00AEE00 R
0xA00AEE40 R
0xA00AEE80 R
0xA00AEEC0 R
0xA00AEF00 R
0xA00AEF40 R
0xA00AEF80 R
0xA00AEFC0 R
0xA00AF000 R
0xA00AF040 R
0xA00AF080 R
0xA00AF0C0 R
0xA00AF100 R
0xA00AF140 R
0xA00AF180 R
0xA00AF1C0 R
0xA00AF200 R
0xA00AF240 R
0xA00AF280 R
0xA00AF2C0 R
0xA00AF300 R
0xA00AF340 R
0xA00AF380 R
0xA00AF3C0 R
0xA00AF400 R
0xA00AF440 R
0xA00AF480 R
0xA00AF4C0 R
0xA00AF500 R
0xA00AF540 R
0xA00AF580 R
0xA00AF5C0 R
0xA00AF600 R
0xA00AF640 R
0xA00AF680 R
0xA00AF6C0 R
0xA00AF700 R
0xA00AF740 R
0xA00AF780 R
0xA00AF7C0 R
0xA00AF800 R
0xA00AF840 R
0xA00AF880 R
0xA00AF8C0 R
0xA00AF900 R
0xA00AF940 R
0xA00AF980 R
0xA00AF9C0 R
0xA00AFA00 R
0xA00AFA40 R
0xA00AFA80 R
0xA00AFAC0 R
0xA00AFB00 R
0xA00AFB40 R
0xA00AFB80 R
0xA00AFBC0 R
0xA00AFC00 R
0xA00AFC40 R
0xA00AFC80 R
0xA00AFCC0 R
0xA00AFD00 R
0xA00AFD40 R
0xA00AFD80 R
0xA00AFDC0 R
0xA00AFE00 R
0xA00AFE40 R
0xA00AFE80 R
0xA00AFEC0 R
0xA00AFF00 R
0xA00AFF40 R
0xA00AFF80 R
0xA00AFFC0 R
0xC00A0000 W
0xC00A0040 W
0xC00A0080 W
0xC00A00C0 W
0xC00A0100 W
0xC00A0140 W
0xC00A0180 W
0xC00A01C0 W
0xC00A0200 W
0xC00A0240 W
0xC00A0280 W
0xC00A02C0 W
0xC00A0300 W
0xC00A0340 W
0xC00A0380 W
0xC00A03C0 W
0xC00A0400 W
0xC00A0440 W
0xC00A0480 W
0xC00A04C0 W
0xC00A0500 W
0xC00A0540 W
0xC00A0580 W
0xC00A05C0 W
0xC00A0600 W
0xC00A0640 W
0xC00A0680 W
0xC00A06C0 W
0xC00A0700 W
0xC00A0740 W
0xC00A0780 W
0xC00A07C0 W
0xC00A0800 W
0xC00A0840 W
0xC00A0880 W
0xC00A08C0 W
0xC00A0900 W
0xC00A0940 W
0xC00A0980 W
0xC00A09C0 W
0xC00A0A00 W
0xC00A0A40 W
0xC00A0A80 W
0xC00A0AC0 W
0xC00A0B00 W
0xC00A0B40 W
0xC00A0B80 W
0xC00A0BC0 W
0xC00A0C00 W
0xC00A0C40 W
0xC00A0C80 W
0xC00A0CC0 W
0xC00A0D00 W
0xC00A0D40 W
0xC00A0D80 W
0xC00A0DC0 W
0xC00A0E00 W
0xC00A0E40 W
0xC00A0E80 W
0xC00A0EC0 W
0xC00A0F00 W
0xC00A0F40 W
0xC00A0F80 W
0xC00A0FC0 W
0xC00A1000 W
0xC00A1040 W
0xC00A1080 W
0xC00A10C0 W
0xC00A1100 W
0xC00A1140 W
0xC00A1180 W
0xC00A11C0 W
0xC00A1200 W
0xC00A1240 W
0xC00A1280 W
0xC00A12C0 W
0xC00A1300 W
0xC00A1340 W
0xC00A1380 W
0xC00A13C0 W
0xC00A1400 W
0xC00A1440 W
0xC00A1480 W
0xC00A14C0 W
0xC00A1500 W
0xC00A1540 W
0xC00A1580 W
0xC00A15C0 W
0xC00A1600 W
0xC00A1640 W
0xC00A1680 W
0xC00A16C0 W
0xC00A1700 W
0xC00A1740 W
0xC00A1780 W
0xC00A17C0 W
0xC00A1800 W
0xC00A1840 W
0xC00A1880 W
0xC00A18C0 W
0xC00A1900 W
0xC00A1940 W
0xC00A1980 W
0xC00A19C0 W
0xC00A1A00 W
0xC00A1A40 W
0xC00A1A80 W
0xC00A1AC0 W
0xC00A1B00 W
0xC00A1B40 W
0xC00A1B80 W
0xC00A1BC0 W
0xC00A1C00 W
0xC00A1C40 W
0xC00A1C80 W
0xC00A1CC0 W
0xC00A1D00 W
0xC00A1D40 W
0xC00A1D80 W
0xC00A1DC0 W
0xC00A1E00 W
0xC00A1E40 W
0xC00A1E80 W
0xC00A1EC0 W
0xC00A1F00 W
0xC00A1F40 W
0xC00A1F80 W
0xC00A1FC0 W
0xC00A2000 W
0xC00A2040 W
0xC00A2080 W
0xC00A20C0 W
0xC00A2100 W
0xC00A2140 W
0xC00A2180 W
0xC00A21C0 W
0xC00A2200 W
0xC00A2240 W
0xC00A2280 W
0xC00A22C0 W
0xC00A2300 W
0xC00A2340 W
0xC00A2380 W
0xC00A23C0 W
0xC00A2400 W
0xC00A2440 W
0xC00A2480 W
0xC00A24C0 W
0xC00A2500 W
0xC00A2540 W
0xC00A2580 W
0xC00A25C0 W
0xC00A2600 W
0xC00A2640 W
0xC00A2680 W
0xC00A26C0 W
0xC00A2700 W
0xC00A2740 W
0xC00A2780 W
0xC00A27C0 W
0xC00A2800 W
0xC00A2840 W
0xC00A2880 W
0xC00A28C0 W
0xC00A2900 W
0xC00A2940 W
0xC00A2980 W
0xC00A29C0 W
0xC00A2A00 W
0xC00A2A40 W
0xC00A2A80 W
0xC00A2AC0 W
0xC00A2B00 W
0xC00A2B40 W
0xC00A2B80 W
0xC00A2BC0 W
0xC00A2C00 W
0xC00A2C40 W
0xC00A2C80 W
0xC00A2CC0 W
0xC00A2D00 W
0xC00A2D40 W
0xC00A2D80 W
0xC00A2DC0 W
0xC00A2E00 W
0xC00A2E40 W
0xC00A2E80 W
0xC00A2EC0 W
0xC00A2F00 W
0xC00A2F40 W
0xC00A2F80 W
0xC00A2FC0 W
0xC00A3000 W
0xC00A3040 W
0xC00A3080 W
0xC00A30C0 W
0xC00A3100 W
0xC00A3140 W
0xC00A3180 W
0xC00A31C0 W
0xC00A3200 W
0xC00A3240 W
0xC00A3280 W
0xC00A32C0 W
0xC00A3300 W
0xC00A3340 W
0xC00A3380 W
0xC00A33C0 W
0xC00A3400 W
0xC00A3440 W
0xC00A3480 W
0xC00A34C0 W
0xC00A3500 W
0xC00A3540 W
0xC00A3580 W
0xC00A35C0 W
0xC00A3600 W
0xC00A3640 W
0xC00A3680 W
0xC00A36C0 W
0xC00A3700 W
0xC00A3740 W
0xC00A3780 W
0xC00A37C0 W
0xC00A3800 W
0xC00A3840 W
0xC00A3880 W
0xC00A38C0 W
0xC00A3900 W
0xC00A3940 W
0xC00A3980 W
0xC00A39C0 W
0xC00A3A00 W
0xC00A3A40 W
0xC00A3A80 W
0xC00A3AC0 W
0xC00A3B00 W
0xC00A3B40 W
0xC00A3B80 W
0xC00A3BC0 W
0xC00A3C00 W
0xC00A3C40 W
0xC00A3C80 W
0xC00A3CC0 W
0xC00A3D00 W
0xC00A3D40 W
0xC00A3D80 W
0xC00A3DC0 W
0xC00A3E00 W
0xC00A3E40 W
0xC00A3E80 W
0xC00A3EC0 W
0xC00A3F00 W
0xC00A3F40 W
0xC00A3F80 W
0xC00A3FC0 W
0xC00A4000 W
0xC00A4040 W
0xC00A4080 W
0xC00A40C0 W
0xC00A4100 W
0xC00A4140 W
0xC00A4180 W
0xC00A41C0 W
0xC00A4200 W
0xC00A4240 W
0xC00A4280 W
0xC00A42C0 W
0xC00A4300 W
0xC00A4340 W
0xC00A4380 W
0xC00A43C0 W
0xC00A4400 W
0xC00A4440 W
0xC00A4480 W
0xC00A44C0 W
0xC00A4500 W
0xC00A4540 W
0xC00A4580 W
0xC00A45C0 W
0xC00A4600 W
0xC00A4640 W
0xC00A4680 W
0xC00A46C0 W
0xC00A4700 W
0xC00A4740 W
0xC00A4780 W
0xC00A47C0 W
0xC00A4800 W
0xC00A4840 W
0xC00A4880 W
0xC00A48C0 W
0xC00A4900 W
0xC00A4940 W
0xC00A4980 W
0xC00A49C0 W
0xC00A4A00 W
0xC00A4A40 W
0xC00A4A80 W
0xC00A4AC0 W
0xC00A4B00 W
0xC00A4B40 W
0xC00A4B80 W
0xC00A4BC0 W
0xC00A4C00 W
0xC00A4C40 W
0xC00A4C80 W
0xC00A4CC0 W
0xC00A4D00 W
0xC00A4D40 W
0xC00A4D80 W
0xC00A4DC0 W
0xC00A4E00 W
0xC00A4E40 W
0xC00A4E80 W
0xC00A4EC0 W
0xC00A4F00 W
0xC00A4F40 W
0xC00A4F80 W
0xC00A4FC0 W
0xC00A5000 W
0xC00A5040 W
0xC00A5080 W
0xC00A50C0 W
0xC00A5100 W
0xC00A5140 W
0xC00A5180 W
0xC00A51C0 W
0xC00A5200 W
0xC00A5240 W
0xC00A5280 W
0xC00A52C0 W
0xC00A5300 W
0xC00A5340 W
0xC00A5380 W
0xC00A53C0 W
0xC00A5400 W
0xC00A5440 W
0xC00A5480 W
0xC00A54C0 W
0xC00A5500 W
0xC00A5540 W
0xC00A5580 W
0xC00A55C0 W
0xC00A5600 W
0xC00A5640 W
0xC00A5680 W
0xC00A56C0 W
0xC00A5700 W
0xC00A5740 W
0xC00A5780 W
0xC00A57C0 W
0xC00A5800 W
0xC00A5840 W
0xC00A5880 W
0xC00A58C0 W
0xC00A5900 W
0xC00A5940 W
0xC00A5980 W
0xC00A59C0 W
0xC00A5A00 W
0xC00A5A40 W
0xC00A5A80 W
0xC00A5AC0 W
0xC00A5B00 W
0xC00A5B40 W
0xC00A5B80 W
0xC00A5BC0 W
0xC00A5C00 W
0xC00A5C40 W
0xC00A5C80 W
0xC00A5CC0 W
0xC00A5D00 W
0xC00A5D40 W
0xC00A5D80 W
0xC00A5DC0 W
0xC00A5E00 W
0xC00A5E40 W
0xC00A5E80 W
0xC00A5EC0 W
0xC00A5F00 W
0xC00A5F40 W
0xC00A5F80 W
0xC00A5FC0 W
0xC00A6000 W
0xC00A6040 W
0xC00A6080 W
0xC00A60C0 W
0xC00A6100 W
0xC00A6140 W
0xC00A6180 W
0xC00A61C0 W
0xC00A6200 W
0xC00A6240 W
0xC00A6280 W
0xC00A62C0 W
0xC00A6300 W
0xC00A6340 W
0xC00A6380 W
0xC00A63C0 W
0xC00A6400 W
0xC00A6440 W
0xC00A6480 W
0xC00A64C0 W
0xC00A6500 W
0xC00A6540 W
0xC00A6580 W
0xC00A65C0 W
0xC00A6600 W
0xC00A6640 W
0xC00A6680 W
0xC00A66C0 W
0xC00A6700 W
0xC00A6740 W
0xC00A6780 W
0xC00A67C0 W
0xC00A6800 W
0xC00A6840 W
0xC00A6880 W
0xC00A68C0 W
0xC00A6900 W
0xC00A6940 W
0xC00A6980 W
0xC00A69C0 W
0xC00A6A00 W
0xC00A6A40 W
0xC00A6A80 W
0xC00A6AC0 W
0xC00A6B00 W
0xC00A6B40 W
0xC00A6B80 W
0xC00A6BC0 W
0xC00A6C00 W
0xC00A6C40 W
0xC00A6C80 W
0xC00A6CC0 W
0xC00A6D00 W
0xC00A6D40 W
0xC00A6D80 W
0xC00A6DC0 W
0xC00A6E00 W
0xC00A6E40 W
0xC00A6E80 W
0xC00A6EC0 W
0xC00A6F00 W
0xC00A6F40 W
0xC00A6F80 W
0xC00A6FC0 W
0xC00A7000 W
0xC00A7040 W
0xC00A7080 W
0xC00A70C0 W
0xC00A7100 W
0xC00A7140 W
0xC00A7180 W
0xC00A71C0 W
0xC00A7200 W
0xC00A7240 W
0xC00A7280 W
0xC00A72C0 W
0xC00A7300 W
0xC00A7340 W
0xC00A7380 W
0xC00A73C0 W
0xC00A7400 W
0xC00A7440 W
0xC00A7480 W
0xC00A74C0 W
0xC00A7500 W
0xC00A7540 W
0xC00A7580 W
0xC00A75C0 W
0xC00A7600 W
0xC00A7640 W
0xC00A7680 W
0xC00A76C0 W
0xC00A7700 W
0xC00A7740 W
0xC00A7780 W
0xC00A77C0 W
0xC00A7800 W
0xC00A7840 W
0xC00A7880 W
0xC00A78C0 W
0xC00A7900 W
0xC00A7940 W
0xC00A7980 W
0xC00A79C0 W
0xC00A7A00 W
0xC00A7A40 W
0xC00A7A80 W
0xC00A7AC0 W
0xC00A7B00 W
0xC00A7B40 W
0xC00A7B80 W
0xC00A7BC0 W
0xC00A7C00 W
0xC00A7C40 W
0xC00A7C80 W
0xC00A7CC0 W
0xC00A7D00 W
0xC00A7D40 W
0xC00A7D80 W
0xC00A7DC0 W
0xC00A7E00 W
0xC00A7E40 W
0xC00A7E80 W
0xC00A7EC0 W
0xC00A7F00 W
0xC00A7F40 W
0xC00A7F80 W
0xC00A7FC0 W
0xC00A8000 W
0xC00A8040 W
0xC00A8080 W
0xC00A80C0 W
0xC00A8100 W
0xC00A8140 W
0xC00A8180 W
0xC00A81C0 W
0xC00A8200 W
0xC00A8240 W
0xC00A8280 W
0xC00A82C0 W
0xC00A8300 W
0xC00A8340 W
0xC00A8380 W
0xC00A83C0 W
0xC00A8400 W
0xC00A8440 W
0xC00A8480 W
0xC00A84C0 W
0xC00A8500 W
0xC00A8540 W
0xC00A8580 W
0xC00A85C0 W
0xC00A8600 W
0xC00A8640 W
0xC00A8680 W
0xC00A86C0 W
0xC00A8700 W
0xC00A8740 W
0xC00A8780 W
0xC00A87C0 W
0xC00A8800 W
0xC00A8840 W
0xC00A8880 W
0xC00A88C0 W
0xC00A8900 W
0xC00A8940 W
0xC00A8980 W
0xC00A89C0 W
0xC00A8A00 W
0xC00A8A40 W
0xC00A8A80 W
0xC00A8AC0 W
0xC00A8B00 W
0xC00A8B40 W
0xC00A8B80 W
0xC00A8BC0 W
0xC00A8C00 W
0xC00A8C40 W
0xC00A8C80 W
0xC00A8CC0 W
0xC00A8D00 W
0xC00A8D40 W
0xC00A8D80 W
0xC00A8DC0 W
0xC00A8E00 W
0xC00A8E40 W
0xC00A8E80 W
0xC00A8EC0 W
0xC00A8F00 W
0xC00A8F40 W
0xC00A8F80 W
0xC00A8FC0 W
0xC00A9000 W
0xC00A9040 W
0xC00A9080 W
0xC00A90C0 W
0xC00A9100 W
0xC00A9140 W
0xC00A9180 W
0xC00A91C0 W
0xC00A9200 W
0xC00A9240 W
0xC00A9280 W
0xC00A92C0 W
0xC00A9300 W
0xC00A9340 W
0xC00A9380 W
0xC00A93C0 W
0xC00A9400 W
0xC00A9440 W
0xC00A9480 W
0xC00A94C0 W
0xC00A9500 W
0xC00A9540 W
0xC00A9580 W
0xC00A95C0 W
0xC00A9600 W
0xC00A9640 W
0xC00A9680 W
0xC00A96C0 W
0xC00A9700 W
0xC00A9740 W
0xC00A9780 W
0xC00A97C0 W
0xC00A9800 W
0xC00A9840 W
0xC00A9880 W
0xC00A98C0 W
0xC00A9900 W
0xC00A9940 W
0xC00A9980 W
0xC00A99C0 W
0xC00A9A00 W
0xC00A9A40 W
0xC00A9A80 W
0xC00A9AC0 W
0xC00A9B00 W
0xC00A9B40 W
0xC00A9B80 W
0xC00A9BC0 W
0xC00A9C00 W
0xC00A9C40 W
0xC00A9C80 W
0xC00A9CC0 W
0xC00A9D00 W
0xC00A9D40 W
0xC00A9D80 W
0xC00A9DC0 W
0xC00A9E00 W
0xC00A9E40 W
0xC00A9E80 W
0xC00A9EC0 W
0xC00A9F00 W
0xC00A9F40 W
0xC00A9F80 W
0xC00A9FC0 W
0xC00AA000 W
0xC00AA040 W
0xC00AA080 W
0xC00AA0C0 W
0xC00AA100 W
0xC00AA140 W
0xC00AA180 W
0xC00AA1C0 W
0xC00AA200 W
0xC00AA240 W
0xC00AA280 W
0xC00AA2C0 W
0xC00AA300 W
0xC00AA340 W
0xC00AA380 W
0xC00AA3C0 W
0xC00AA400 W
0xC00AA440 W
0xC00AA480 W
0xC00AA4C0 W
0xC00AA500 W
0xC00AA540 W
0xC00AA580 W
0xC00AA5C0 W
0xC00AA600 W
0xC00AA640 W
0xC00AA680 W
0xC00AA6C0 W
0xC00AA700 W
0xC00AA740 W
0xC00AA780 W
0xC00AA7C0 W
0xC00AA800 W
0xC00AA840 W
0xC00AA880 W
0xC00AA8C0 W
0xC00AA900 W
0xC00AA940 W
0xC00AA980 W
0xC00AA9C0 W
0xC00AAA00 W
0xC00AAA40 W
0xC00AAA80 W
0xC00AAAC0 W
0xC00AAB00 W
0xC00AAB40 W
0xC00AAB80 W
0xC00AABC0 W
0xC00AAC00 W
0xC00AAC40 W
0xC00AAC80 W
0xC00AACC0 W
0xC00AAD00 W
0xC00AAD40 W
0xC00AAD80 W
0xC00AADC0 W
0xC00AAE00 W
0xC00AAE40 W
0xC00AAE80 W
0xC00AAEC0 W
0xC00AAF00 W
0xC00AAF40 W
0xC00AAF80 W
0xC00AAFC0 W
0xC00AB000 W
0xC00AB040 W
0xC00AB080 W
0xC00AB0C0 W
0xC00AB100 W
0xC00AB140 W
0xC00AB180 W
0xC00AB1C0 W
0xC00AB200 W
0xC00AB240 W
0xC00AB280 W
0xC00AB2C0 W
0xC00AB300 W
0xC00AB340 W
0xC00AB380 W
0xC00AB3C0 W
0xC00AB400 W
0xC00AB440 W
0xC00AB480 W
0xC00AB4C0 W
0xC00AB500 W
0xC00AB540 W
0xC00AB580 W
0xC00AB5C0 W
0xC00AB600 W
0xC00AB640 W
0xC00AB680 W
0xC00AB6C0 W
0xC00AB700 W
0xC00AB740 W
0xC00AB780 W
0xC00AB7C0 W
0xC00AB800 W
0xC00AB840 W
0xC00AB880 W
0xC00AB8C0 W
0xC00AB900 W
0xC00AB940 W
0xC00AB980 W
0xC00AB9C0 W
0xC00ABA00 W
0xC00ABA40 W
0xC00ABA80 W
0xC00ABAC0 W
0xC00ABB00 W
0xC00ABB40 W
0xC00ABB80 W
0xC00ABBC0 W
0xC00ABC00 W
0xC00ABC40 W
0xC00ABC80 W
0xC00ABCC0 W
0xC00ABD00 W
0xC00ABD40 W
0xC00ABD80 W
0xC00ABDC0 W
0xC00ABE00 W
0xC00ABE40 W
0xC00ABE80 W
0xC00ABEC0 W
0xC00ABF00 W
0xC00ABF40 W
0xC00ABF80 W
0xC00ABFC0 W
0xC00AC000 W
0xC00AC040 W
0xC00AC080 W
0xC00AC0C0 W
0xC00AC100 W
0xC00AC140 W
0xC00AC180 W
0xC00AC1C0 W
0xC00AC200 W
0xC00AC240 W
0xC00AC280 W
0xC00AC2C0 W
0xC00AC300 W
0xC00AC340 W
0xC00AC380 W
0xC00AC3C0 W
0xC00AC400 W
0xC00AC440 W
0xC00AC480 W
0xC00AC4C0 W
0xC00AC500 W
0xC00AC540 W
0xC00AC580 W
0xC00AC5C0 W
0xC00AC600 W
0xC00AC640 W
0xC00AC680 W
0xC00AC6C0 W
0xC00AC700 W
0xC00AC740 W
0xC00AC780 W
0xC00AC7C0 W
0xC00AC800 W
0xC00AC840 W
0xC00AC880 W
0xC00AC8C0 W
0xC00AC900 W
0xC00AC940 W
0xC00AC980 W
0xC00AC9C0 W
0xC00ACA00 W
0xC00ACA40 W
0xC00ACA80 W
0xC00ACAC0 W
0xC00ACB00 W
0xC00ACB40 W
0xC00ACB80 W
0xC00ACBC0 W
0xC00ACC00 W
0xC00ACC40 W
0xC00ACC80 W
0xC00ACCC0 W
0xC00ACD00 W
0xC00ACD40 W
0xC00ACD80 W
0xC00ACDC0 W
0xC00ACE00 W
0xC00ACE40 W
0xC00ACE80 W
0xC00ACEC0 W
0xC00ACF00 W
0xC00ACF40 W
0xC00ACF80 W
0xC00ACFC0 W
0xC00AD000 W
0xC00AD040 W
0xC00AD080 W
0xC00AD0C0 W
0xC00AD100 W
0xC00AD140 W
0xC00AD180 W
0xC00AD1C0 W
0xC00AD200 W
0xC00AD240 W
0xC00AD280 W
0xC00AD2C0 W
0xC00AD300 W
0xC00AD340 W
0xC00AD380 W
0xC00AD3C0 W
0xC00AD400 W
0xC00AD440 W
0xC00AD480 W
0xC00AD4C0 W
0xC00AD500 W
0xC00AD540 W
0xC00AD580 W
0xC00AD5C0 W
0xC00AD600 W
0xC00AD640 W
0xC00AD680 W
0xC00AD6C0 W
0xC00AD700 W
0xC00AD740 W
0xC00AD780 W
0xC00AD7C0 W
0xC00AD800 W
0xC00AD840 W
0xC00AD880 W
0xC00AD8C0 W
0xC00AD900 W
0xC00AD940 W
0xC00AD980 W
0xC00AD9C0 W
0xC00ADA00 W
0xC00ADA40 W
0xC00ADA80 W
0xC00ADAC0 W
0xC00ADB00 W
0xC00ADB40 W
0xC00ADB80 W
0xC00ADBC0 W
0xC00ADC00 W
0xC00ADC40 W
0xC00ADC80 W
0xC00ADCC0 W
0xC00ADD00 W
0xC00ADD40 W
0xC00ADD80 W
0xC00ADDC0 W
0xC00ADE00 W
0xC00ADE40 W
0xC00ADE80 W
0xC00ADEC0 W
0xC00ADF00 W
0xC00ADF40 W
0xC00ADF80 W
0xC00ADFC0 W
0xC00AE000 W
0xC00AE040 W
0xC00AE080 W
0xC00AE0C0 W
0xC00AE100 W
0xC00AE140 W
0xC00AE180 W
0xC00AE1C0 W
0xC00AE200 W
0xC00AE240 W
0xC00AE280 W
0xC00AE2C0 W
0xC00AE300 W
0xC00AE340 W
0xC00AE380 W
0xC00AE3C0 W
0xC00AE400 W
0xC00AE440 W
0xC00AE480 W
0xC00AE4C0 W
0xC00AE500 W
0xC00AE540 W
0xC00AE580 W
0xC00AE5C0 W
0xC00AE600 W
0xC00AE640 W
0xC00AE680 W
0xC00AE6C0 W
0xC00AE700 W
0xC00AE740 W
0xC00AE780 W
0xC00AE7C0 W
0xC00AE800 W
0xC00AE840 W
0xC00AE880 W
0xC00AE8C0 W
0xC00AE900 W
0xC00AE940 W
0xC00AE980 W
0xC00AE9C0 W
0xC00AEA00 W
0xC00AEA40 W
0xC00AEA80 W
0xC00AEAC0 W
0xC00AEB00 W
0xC00AEB40 W
0xC00AEB80 W
0xC00AEBC0 W
0xC00AEC00 W
0xC00AEC40 W
0xC00AEC80 W
0xC00AECC0 W
0xC00AED00 W
0xC00AED40 W
0xC00AED80 W
0xC00AEDC0 W
0xC00AEE00 W
0xC00AEE40 W
0xC00AEE80 W
0xC00AEEC0 W
0xC00AEF00 W
0xC00AEF40 W
0xC00AEF80 W
0xC00AEFC0 W
0xC00AF000 W
0xC00AF040 W
0xC00AF080 W
0xC00AF0C0 W
0xC00AF100 W
0xC00AF140 W
0xC00AF180 W
0xC00AF1C0 W
0xC00AF200 W
0xC00AF240 W
0xC00AF280 W
0xC00AF2C0 W
0xC00AF300 W
0xC00AF340 W
0xC00AF380 W
0xC00AF3C0 W
0xC00AF400 W
0xC00AF440 W
0xC00AF480 W
0xC00AF4C0 W
0xC00AF500 W
0xC00AF540 W
0xC00AF580 W
0xC00AF5C0 W
0xC00AF600 W
0xC00AF640 W
0xC00AF680 W
0xC00AF6C0 W
0xC00AF700 W
0xC00AF740 W
0xC00AF780 W
0xC00AF7C0 W
0xC00AF800 W
0xC00AF840 W
0xC00AF880 W
0xC00AF8C0 W
0xC00AF900 W
0xC00AF940 W
0xC00AF980 W
0xC00AF9C0 W
0xC00AFA00 W
0xC00AFA40 W
0xC00AFA80 W
0xC00AFAC0 W
0xC00AFB00 W
0xC00AFB40 W
0xC00AFB80 W
0xC00AFBC0 W
0xC00AFC00 W
0xC00AFC40 W
0xC00AFC80 W
0xC00AFCC0 W
0xC00AFD00 W
0xC00AFD40 W
0xC00AFD80 W
0xC00AFDC0 W
0xC00AFE00 W
0xC00AFE40 W
0xC00AFE80 W
0xC00AFEC0 W
0xC00AFF00 W
0xC00AFF40 W
0xC00AFF80 W
0xC00AFFC0 W
0xC00A0000 R
0xC00A0040 R
0xC00A0080 R
0xC00A00C0 R
0xC00A0100 R
0xC00A0140 R
0xC00A0180 R
0xC00A01C0 R
0xC00A0200 R
0xC00A0240 R
0xC00A0280 R
0xC00A02C0 R
0xC00A0300 R
0xC00A0340 R
0xC00A0380 R
0xC00A03C0 R
0xC00A0400 R
0xC00A0440 R
0xC00A0480 R
0xC00A04C0 R
0xC00A0500 R
0xC00A0540 R
0xC00A0580 R
0xC00A05C0 R
0xC00A0600 R
0xC00A0640 R
0xC00A0680 R
0xC00A06C0 R
0xC00A0700 R
0xC00A0740 R
0xC00A0780 R
0xC00A07C0 R
0xC00A0800 R
0xC00A0840 R
0xC00A0880 R
0xC00A08C0 R
0xC00A0900 R
0xC00A0940 R
0xC00A0980 R
0xC00A09C0 R
0xC00A0A00 R
0xC00A0A40 R
0xC00A0A80 R
0xC00A0AC0 R
0xC00A0B00 R
0xC00A0B40 R
0xC00A0B80 R
0xC00A0BC0 R
0xC00A0C00 R
0xC00A0C40 R
0xC00A0C80 R
0xC00A0CC0 R
0xC00A0D00 R
0xC00A0D40 R
0xC00A0D80 R
0xC00A0DC0 R
0xC00A0E00 R
0xC00A0E40 R
0xC00A0E80 R
0xC00A0EC0 R
0xC00A0F00 R
0xC00A0F40 R
0xC00A0F80 R
0xC00A0FC0 R
0xC00A1000 R
0xC00A1040 R
0xC00A1080 R
0xC00A10C0 R
0xC00A1100 R
0xC00A1140 R
0xC00A1180 R
0xC00A11C0 R
0xC00A1200 R
0xC00A1240 R
0xC00A1280 R
0xC00A12C0 R
0xC00A1300 R
0xC00A1340 R
0xC00A1380 R
0xC00A13C0 R
0xC00A1400 R
0xC00A1440 R
0xC00A1480 R
0xC00A14C0 R
0xC00A1500 R
0xC00A1540 R
0xC00A1580 R
0xC00A15C0 R
0xC00A1600 R
0xC00A1640 R
0xC00A1680 R
0xC00A16C0 R
0xC00A1700 R
0xC00A1740 R
0xC00A1780 R
0xC00A17C0 R
0xC00A1800 R
0xC00A1840 R
0xC00A1880 R
0xC00A18C0 R
0xC00A1900 R
0xC00A1940 R
0xC00A1980 R
0xC00A19C0 R
0xC00A1A00 R
0xC00A1A40 R
0xC00A1A80 R
0xC00A1AC0 R
0xC00A1B00 R
0xC00A1B40 R
0xC00A1B80 R
0xC00A1BC0 R
0xC00A1C00 R
0xC00A1C40 R
0xC00A1C80 R
0xC00A1CC0 R
0xC00A1D00 R
0xC00A1D40 R
0xC00A1D80 R
0xC00A1DC0 R
0xC00A1E00 R
0xC00A1E40 R
0xC00A1E80 R
0xC00A1EC0 R
0xC00A1F00 R
0xC00A1F40 R
0xC00A1F80 R
0xC00A1FC0 R
0xC00A2000 R
0xC00A2040 R
0xC00A2080 R
0xC00A20C0 R
0xC00A2100 R
0xC00A2140 R
0xC00A2180 R
0xC00A21C0 R
0xC00A2200 R
0xC00A2240 R
0xC00A2280 R
0xC00A22C0 R
0xC00A2300 R
0xC00A2340 R
0xC00A2380 R
0xC00A23C0 R
0xC00A2400 R
0xC00A2440 R
0xC00A2480 R
0xC00A24C0 R
0xC00A2500 R
0xC00A2540 R
0xC00A2580 R
0xC00A25C0 R
0xC00A2600 R
0xC00A2640 R
0xC00A2680 R
0xC00A26C0 R
0xC00A2700 R
0xC00A2740 R
0xC00A2780 R
0xC00A27C0 R
0xC00A2800 R
0xC00A2840 R
0xC00A2880 R
0xC00A28C0 R
0xC00A2900 R
0xC00A2940 R
0xC00A2980 R
0xC00A29C0 R
0xC00A2A00 R
0xC00A2A40 R
0xC00A2A80 R
0xC00A2AC0 R
0xC00A2B00 R
0xC00A2B40 R
0xC00A2B80 R
0xC00A2BC0 R
0xC00A2C00 R
0xC00A2C40 R
0xC00A2C80 R
0xC00A2CC0 R
0xC00A2D00 R
0xC00A2D40 R
0xC00A2D80 R
0xC00A2DC0 R
0xC00A2E00 R
0xC00A2E40 R
0xC00A2E80 R
0xC00A2EC0 R
0xC00A2F00 R
0xC00A2F40 R
0xC00A2F80 R
0xC00A2FC0 R
0xC00A3000 R
0xC00A3040 R
0xC00A3080 R
0xC00A30C0 R
0xC00A3100 R
0xC00A3140 R
0xC00A3180 R
0xC00A31C0 R
0xC00A3200 R
0xC00A3240 R
0xC00A3280 R
0xC00A32C0 R
0xC00A3300 R
0xC00A3340 R
0xC00A3380 R
0xC00A33C0 R
0xC00A3400 R
0xC00A3440 R
0xC00A3480 R
0xC00A34C0 R
0xC00A3500 R
0xC00A3540 R
0xC00A3580 R
0xC00A35C0 R
0xC00A3600 R
0xC00A3640 R
0xC00A3680 R
0xC00A36C0 R
0xC00A3700 R
0xC00A3740 R
0xC00A3780 R
0xC00A37C0 R
0xC00A3800 R
0xC00A3840 R
0xC00A3880 R
0xC00A38C0 R
0xC00A3900 R
0xC00A3940 R
0xC00A3980 R
0xC00A39C0 R
0xC00A3A00 R
0xC00A3A40 R
0xC00A3A80 R
0xC00A3AC0 R
0xC00A3B00 R
0xC00A3B40 R
0xC00A3B80 R
0xC00A3BC0 R
0xC00A3C00 R
0xC00A3C40 R
0xC00A3C80 R
0xC00A3CC0 R
0xC00A3D00 R
0xC00A3D40 R
0xC00A3D80 R
0xC00A3DC0 R
0xC00A3E00 R
0xC00A3E40 R
0xC00A3E80 R
0xC00A3EC0 R
0xC00A3F00 R
0xC00A3F40 R
0xC00A3F80 R
0xC00A3FC0 R
0xC00A4000 R
0xC00A4040 R
0xC00A4080 R
0xC00A40C0 R
0xC00A4100 R
0xC00A4140 R
0xC00A4180 R
0xC00A41C0 R
0xC00A4200 R
0xC00A4240 R
0xC00A4280 R
0xC00A42C0 R
0xC00A4300 R
0xC00A4340 R
0xC00A4380 R
0xC00A43C0 R
0xC00A4400 R
0xC00A4440 R
0xC00A4480 R
0xC00A44C0 R
0xC00A4500 R
0xC00A4540 R
0xC00A4580 R
0xC00A45C0 R
0xC00A4600 R
0xC00A4640 R
0xC00A4680 R
0xC00A46C0 R
0xC00A4700 R
0xC00A4740 R
0xC00A4780 R
0xC00A47C0 R
0xC00A4800 R
0xC00A4840 R
0xC00A4880 R
0xC00A48C0 R
0xC00A4900 R
0xC00A4940 R
0xC00A4980 R
0xC00A49C0 R
0xC00A4A00 R
0xC00A4A40 R
0xC00A4A80 R
0xC00A4AC0 R
0xC00A4B00 R
0xC00A4B40 R
0xC00A4B80 R
0xC00A4BC0 R
0xC00A4C00 R
0xC00A4C40 R
0xC00A4C80 R
0xC00A4CC0 R
0xC00A4D00 R
0xC00A4D40 R
0xC00A4D80 R
0xC00A4DC0 R
0xC00A4E00 R
0xC00A4E40 R
0xC00A4E80 R
0xC00A4EC0 R
0xC00A4F00 R
0xC00A4F40 R
0xC00A4F80 R
0xC00A4FC0 R
0xC00A5000 R
0xC00A5040 R
0xC00A5080 R
0xC00A50C0 R
0xC00A5100 R
0xC00A5140 R
0xC00A5180 R
0xC00A51C0 R
0xC00A5200 R
0xC00A5240 R
0xC00A5280 R
0xC00A52C0 R
0xC00A5300 R
0xC00A5340 R
0xC00A5380 R
0xC00A53C0 R
0xC00A5400 R
0xC00A5440 R
0xC00A5480 R
0xC00A54C0 R
0xC00A5500 R
0xC00A5540 R
0xC00A5580 R
0xC00A55C0 R
0xC00A5600 R
0xC00A5640 R
0xC00A5680 R
0xC00A56C0 R
0xC00A5700 R
0xC00A5740 R
0xC00A5780 R
0xC00A57C0 R
0xC00A5800 R
0xC00A5840 R
0xC00A5880 R
0xC00A58C0 R
0xC00A5900 R
0xC00A5940 R
0xC00A5980 R
0xC00A59C0 R
0xC00A5A00 R
0xC00A5A40 R
0xC00A5A80 R
0xC00A5AC0 R
0xC00A5B00 R
0xC00A5B40 R
0xC00A5B80 R
0xC00A5BC0 R
0xC00A5C00 R
0xC00A5C40 R
0xC00A5C80 R
0xC00A5CC0 R
0xC00A5D00 R
0xC00A5D40 R
0xC00A5D80 R
0xC00A5DC0 R
0xC00A5E00 R
0xC00A5E40 R
0xC00A5E80 R
0xC00A5EC0 R
0xC00A5F00 R
0xC00A5F40 R
0xC00A5F80 R
0xC00A5FC0 R
0xC00A6000 R
0xC00A6040 R
0xC00A6080 R
0xC00A60C0 R
0xC00A6100 R
0xC00A6140 R
0xC00A6180 R
0xC00A61C0 R
0xC00A6200 R
0xC00A6240 R
0xC00A6280 R
0xC00A62C0 R
0xC00A6300 R
0xC00A6340 R
0xC00A6380 R
0xC00A63C0 R
0xC00A6400 R
0xC00A6440 R
0xC00A6480 R
0xC00A64C0 R
0xC00A6500 R
0xC00A6540 R
0xC00A6580 R
0xC00A65C0 R
0xC00A6600 R
0xC00A6640 R
0xC00A6680 R
0xC00A66C0 R
0xC00A6700 R
0xC00A6740 R
0xC00A6780 R
0xC00A67C0 R
0xC00A6800 R
0xC00A6840 R
0xC00A6880 R
0xC00A68C0 R
0xC00A6900 R
0xC00A6940 R
0xC00A6980 R
0xC00A69C0 R
0xC00A6A00 R
0xC00A6A40 R
0xC00A6A80 R
0xC00A6AC0 R
0xC00A6B00 R
0xC00A6B40 R
0xC00A6B80 R
0xC00A6BC0 R
0xC00A6C00 R
0xC00A6C40 R
0xC00A6C80 R
0xC00A6CC0 R
0xC00A6D00 R
0xC00A6D40 R
0xC00A6D80 R
0xC00A6DC0 R
0xC00A6E00 R
0xC00A6E40 R
0xC00A6E80 R
0xC00A6EC0 R
0xC00A6F00 R
0xC00A6F40 R
0xC00A6F80 R
0xC00A6FC0 R
0xC00A7000 R
0xC00A7040 R
0xC00A7080 R
0xC00A70C0 R
0xC00A7100 R
0xC00A7140 R
0xC00A7180 R
0xC00A71C0 R
0xC00A7200 R
0xC00A7240 R
0xC00A7280 R
0xC00A72C0 R
0xC00A7300 R
0xC00A7340 R
0xC00A7380 R
0xC00A73C0 R
0xC00A7400 R
0xC00A7440 R
0xC00A7480 R
0xC00A74C0 R
0xC00A7500 R
0xC00A7540 R
0xC00A7580 R
0xC00A75C0 R
0xC00A7600 R
0xC00A7640 R
0xC00A7680 R
0xC00A76C0 R
0xC00A7700 R
0xC00A7740 R
0xC00A7780 R
0xC00A77C0 R
0xC00A7800 R
0xC00A7840 R
0xC00A7880 R
0xC00A78C0 R
0xC00A7900 R
0xC00A7940 R
0xC00A7980 R
0xC00A79C0 R
0xC00A7A00 R
0xC00A7A40 R
0xC00A7A80 R
0xC00A7AC0 R
0xC00A7B00 R
0xC00A7B40 R
0xC00A7B80 R
0xC00A7BC0 R
0xC00A7C00 R
0xC00A7C40 R
0xC00A7C80 R
0xC00A7CC0 R
0xC00A7D00 R
0xC00A7D40 R
0xC00A7D80 R
0xC00A7DC0 R
0xC00A7E00 R
0xC00A7E40 R
0xC00A7E80 R
0xC00A7EC0 R
0xC00A7F00 R
0xC00A7F40 R
0xC00A7F80 R
0xC00A7FC0 R
0xC00A8000 R
0xC00A8040 R
0xC00A8080 R
0xC00A80C0 R
0xC00A8100 R
0xC00A8140 R
0xC00A8180 R
0xC00A81C0 R
0xC00A8200 R
0xC00A8240 R
0xC00A8280 R
0xC00A82C0 R
0xC00A8300 R
0xC00A8340 R
0xC00A8380 R
0xC00A83C0 R
0xC00A8400 R
0xC00A8440 R
0xC00A8480 R
0xC00A84C0 R
0xC00A8500 R
0xC00A8540 R
0xC00A8580 R
0xC00A85C0 R
0xC00A8600 R
0xC00A8640 R
0xC00A8680 R
0xC00A86C0 R
0xC00A8700 R
0xC00A8740 R
0xC00A8780 R
0xC00A87C0 R
0xC00A8800 R
0xC00A8840 R
0xC00A8880 R
0xC00A88C0 R
0xC00A8900 R
0xC00A8940 R
0xC00A8980 R
0xC00A89C0 R
0xC00A8A00 R
0xC00A8A40 R
0xC00A8A80 R
0xC00A8AC0 R
0xC00A8B00 R
0xC00A8B40 R
0xC00A8B80 R
0xC00A8BC0 R
0xC00A8C00 R
0xC00A8C40 R
0xC00A8C80 R
0xC00A8CC0 R
0xC00A8D00 R
0xC00A8D40 R
0xC00A8D80 R
0xC00A8DC0 R
0xC00A8E00 R
0xC00A8E40 R
0xC00A8E80 R
0xC00A8EC0 R
0xC00A8F00 R
0xC00A8F40 R
0xC00A8F80 R
0xC00A8FC0 R
0xC00A9000 R
0xC00A9040 R
0xC00A9080 R
0xC00A90C0 R
0xC00A9100 R
0xC00A9140 R
0xC00A9180 R
0xC00A91C0 R
0xC00A9200 R
0xC00A9240 R
0xC00A9280 R
0xC00A92C0 R
0xC00A9300 R
0xC00A9340 R
0xC00A9380 R
0xC00A93C0 R
0xC00A9400 R
0xC00A9440 R
0xC00A9480 R
0xC00A94C0 R
0xC00A9500 R
0xC00A9540 R
0xC00A9580 R
0xC00A95C0 R
0xC00A9600 R
0xC00A9640 R
0xC00A9680 R
0xC00A96C0 R
0xC00A9700 R
0xC00A9740 R
0xC00A9780 R
0xC00A97C0 R
0xC00A9800 R
0xC00A9840 R
0xC00A9880 R
0xC00A98C0 R
0xC00A9900 R
0xC00A9940 R
0xC00A9980 R
0xC00A99C0 R
0xC00A9A00 R
0xC00A9A40 R
0xC00A9A80 R
0xC00A9AC0 R
0xC00A9B00 R
0xC00A9B40 R
0xC00A9B80 R
0xC00A9BC0 R
0xC00A9C00 R
0xC00A9C40 R
0xC00A9C80 R
0xC00A9CC0 R
0xC00A9D00 R
0xC00A9D40 R
0xC00A9D80 R
0xC00A9DC0 R
0xC00A9E00 R
0xC00A9E40 R
0xC00A9E80 R
0xC00A9EC0 R
0xC00A9F00 R
0xC00A9F40 R
0xC00A9F80 R
0xC00A9FC0 R
0xC00AA000 R
0xC00AA040 R
0xC00AA080 R
0xC00AA0C0 R
0xC00AA100 R
0xC00AA140 R
0xC00AA180 R
0xC00AA1C0 R
0xC00AA200 R
0xC00AA240 R
0xC00AA280 R
0xC00AA2C0 R
0xC00AA300 R
0xC00AA340 R
0xC00AA380 R
0xC00AA3C0 R
0xC00AA400 R
0xC00AA440 R
0xC00AA480 R
0xC00AA4C0 R
0xC00AA500 R
0xC00AA540 R
0xC00AA580 R
0xC00AA5C0 R
0xC00AA600 R
0xC00AA640 R
0xC00AA680 R
0xC00AA6C0 R
0xC00AA700 R
0xC00AA740 R
0xC00AA780 R
0xC00AA7C0 R
0xC00AA800 R
0xC00AA840 R
0xC00AA880 R
0xC00AA8C0 R
0xC00AA900 R
0xC00AA940 R
0xC00AA980 R
0xC00AA9C0 R
0xC00AAA00 R
0xC00AAA40 R
0xC00AAA80 R
0xC00AAAC0 R
0xC00AAB00 R
0xC00AAB40 R
0xC00AAB80 R
0xC00AABC0 R
0xC00AAC00 R
0xC00AAC40 R
0xC00AAC80 R
0xC00AACC0 R
0xC00AAD00 R
0xC00AAD40 R
0xC00AAD80 R
0xC00AADC0 R
0xC00AAE00 R
0xC00AAE40 R
0xC00AAE80 R
0xC00AAEC0 R
0xC00AAF00 R
0xC00AAF40 R
0xC00AAF80 R
0xC00AAFC0 R
0xC00AB000 R
0xC00AB040 R
0xC00AB080 R
0xC00AB0C0 R
0xC00AB100 R
0xC00AB140 R
0xC00AB180 R
0xC00AB1C0 R
0xC00AB200 R
0xC00AB240 R
0xC00AB280 R
0xC00AB2C0 R
0xC00AB300 R
0xC00AB340 R
0xC00AB380 R
0xC00AB3C0 R
0xC00AB400 R
0xC00AB440 R
0xC00AB480 R
0xC00AB4C0 R
0xC00AB500 R
0xC00AB540 R
0xC00AB580 R
0xC00AB5C0 R
0xC00AB600 R
0xC00AB640 R
0xC00AB680 R
0xC00AB6C0 R
0xC00AB700 R
0xC00AB740 R
0xC00AB780 R
0xC00AB7C0 R
0xC00AB800 R
0xC00AB840 R
0xC00AB880 R
0xC00AB8C0 R
0xC00AB900 R
0xC00AB940 R
0xC00AB980 R
0xC00AB9C0 R
0xC00ABA00 R
0xC00ABA40 R
0xC00ABA80 R
0xC00ABAC0 R
0xC00ABB00 R
0xC00ABB40 R
0xC00ABB80 R
0xC00ABBC0 R
0xC00ABC00 R
0xC00ABC40 R
0xC00ABC80 R
0xC00ABCC0 R
0xC00ABD00 R
0xC00ABD40 R
0xC00ABD80 R
0xC00ABDC0 R
0xC00ABE00 R
0xC00ABE40 R
0xC00ABE80 R
0xC00ABEC0 R
0xC00ABF00 R
0xC00ABF40 R
0xC00ABF80 R
0xC00ABFC0 R
0xC00AC000 R
0xC00AC040 R
0xC00AC080 R
0xC00AC0C0 R
0xC00AC100 R
0xC00AC140 R
0xC00AC180 R
0xC00AC1C0 R
0xC00AC200 R
0xC00AC240 R
0xC00AC280 R
0xC00AC2C0 R
0xC00AC300 R
0xC00AC340 R
0xC00AC380 R
0xC00AC3C0 R
0xC00AC400 R
0xC00AC440 R
0xC00AC480 R
0xC00AC4C0 R
0xC00AC500 R
0xC00AC540 R
0xC00AC580 R
0xC00AC5C0 R
0xC00AC600 R
0xC00AC640 R
0xC00AC680 R
0xC00AC6C0 R
0xC00AC700 R
0xC00AC740 R
0xC00AC780 R
0xC00AC7C0 R
0xC00AC800 R
0xC00AC840 R
0xC00AC880 R
0xC00AC8C0 R
0xC00AC900 R
0xC00AC940 R
0xC00AC980 R
0xC00AC9C0 R
0xC00ACA00 R
0xC00ACA40 R
0xC00ACA80 R
0xC00ACAC0 R
0xC00ACB00 R
0xC00ACB40 R
0xC00ACB80 R
0xC00ACBC0 R
0xC00ACC00 R
0xC00ACC40 R
0xC00ACC80 R
0xC00ACCC0 R
0xC00ACD00 R
0xC00ACD40 R
0xC00ACD80 R
0xC00ACDC0 R
0xC00ACE00 R
0xC00ACE40 R
0xC00ACE80 R
0xC00ACEC0 R
0xC00ACF00 R
0xC00ACF40 R
0xC00ACF80 R
0xC00ACFC0 R
0xC00AD000 R
0xC00AD040 R
0xC00AD080 R
0xC00AD0C0 R
0xC00AD100 R
0xC00AD140 R
0xC00AD180 R
0xC00AD1C0 R
0xC00AD200 R
0xC00AD240 R
0xC00AD280 R
0xC00AD2C0 R
0xC00AD300 R
0xC00AD340 R
0xC00AD380 R
0xC00AD3C0 R
0xC00AD400 R
0xC00AD440 R
0xC00AD480 R
0xC00AD4C0 R
0xC00AD500 R
0xC00AD540 R
0xC00AD580 R
0xC00AD5C0 R
0xC00AD600 R
0xC00AD640 R
0xC00AD680 R
0xC00AD6C0 R
0xC00AD700 R
0xC00AD740 R
0xC00AD780 R
0xC00AD7C0 R
0xC00AD800 R
0xC00AD840 R
0xC00AD880 R
0xC00AD8C0 R
0xC00AD900 R
0xC00AD940 R
0xC00AD980 R
0xC00AD9C0 R
0xC00ADA00 R
0xC00ADA40 R
0xC00ADA80 R
0xC00ADAC0 R
0xC00ADB00 R
0xC00ADB40 R
0xC00ADB80 R
0xC00ADBC0 R
0xC00ADC00 R
0xC00ADC40 R
0xC00ADC80 R
0xC00ADCC0 R
0xC00ADD00 R
0xC00ADD40 R
0xC00ADD80 R
0xC00ADDC0 R
0xC00ADE00 R
0xC00ADE40 R
0xC00ADE80 R
0xC00ADEC0 R
0xC00ADF00 R
0xC00ADF40 R
0xC00ADF80 R
0xC00ADFC0 R
0xC00AE000 R
0xC00AE040 R
0xC00AE080 R
0xC00AE0C0 R
0xC00AE100 R
0xC00AE140 R
0xC00AE180 R
0xC00AE1C0 R
0xC00AE200 R
0xC00AE240 R
0xC00AE280 R
0xC00AE2C0 R
0xC00AE300 R
0xC00AE340 R
0xC00AE380 R
0xC00AE3C0 R
0xC00AE400 R
0xC00AE440 R
0xC00AE480 R
0xC00AE4C0 R
0xC00AE500 R
0xC00AE540 R
0xC00AE580 R
0xC00AE5C0 R
0xC00AE600 R
0xC00AE640 R
0xC00AE680 R
0xC00AE6C0 R
0xC00AE700 R
0xC00AE740 R
0xC00AE780 R
0xC00AE7C0 R
0xC00AE800 R
0xC00AE840 R
0xC00AE880 R
0xC00AE8C0 R
0xC00AE900 R
0xC00AE940 R
0xC00AE980 R
0xC00AE9C0 R
0xC00AEA00 R
0xC00AEA40 R
0xC00AEA80 R
0xC00AEAC0 R
0xC00AEB00 R
0xC00AEB40 R
0xC00AEB80 R
0xC00AEBC0 R
0xC00AEC00 R
0xC00AEC40 R
0xC00AEC80 R
0xC00AECC0 R
0xC00AED00 R
0xC00AED40 R
0xC00AED80 R
0xC00AEDC0 R
0xC00AEE00 R
0xC00AEE40 R
0xC00AEE80 R
0xC00AEEC0 R
0xC00AEF00 R
0xC00AEF40 R
0xC00AEF80 R
0xC00AEFC0 R
0xC00AF000 R
0xC00AF040 R
0xC00AF080 R
0xC00AF0C0 R
0xC00AF100 R
0xC00AF140 R
0xC00AF180 R
0xC00AF1C0 R
0xC00AF200 R
0xC00AF240 R
0xC00AF280 R
0xC00AF2C0 R
0xC00AF300 R
0xC00AF340 R
0xC00AF380 R
0xC00AF3C0 R
0xC00AF400 R
0xC00AF440 R
0xC00AF480 R
0xC00AF4C0 R
0xC00AF500 R
0xC00AF540 R
0xC00AF580 R
0xC00AF5C0 R
0xC00AF600 R
0xC00AF640 R
0xC00AF680 R
0xC00AF6C0 R
0xC00AF700 R
0xC00AF740 R
0xC00AF780 R
0xC00AF7C0 R
0xC00AF800 R
0xC00AF840 R
0xC00AF880 R
0xC00AF8C0 R
0xC00AF900 R
0xC00AF940 R
0xC00AF980 R
0xC00AF9C0 R
0xC00AFA00 R
0xC00AFA40 R
0xC00AFA80 R
0xC00AFAC0 R
0xC00AFB00 R
0xC00AFB40 R
0xC00AFB80 R
0xC00AFBC0 R
0xC00AFC00 R
0xC00AFC40 R
0xC00AFC80 R
0xC00AFCC0 R
0xC00AFD00 R
0xC00AFD40 R
0xC00AFD80 R
0xC00AFDC0 R
0xC00AFE00 R
0xC00AFE40 R
0xC00AFE80 R
0xC00AFEC0 R
0xC00AFF00 R
0xC00AFF40 R
0xC00AFF80 R
0xC00AFFC0 R
0xA00B0000 R
0xA00B0040 R
0xA00B0080 R
0xA00B00C0 R
0xA00B0100 R
0xA00B0140 R
0xA00B0180 R
0xA00B01C0 R
0xA00B0200 R
0xA00B0240 R
0xA00B0280 R
0xA00B02C0 R
0xA00B0300 R
0xA00B0340 R
0xA00B0380 R
0xA00B03C0 R
0xA00B0400 R
0xA00B0440 R
0xA00B0480 R
0xA00B04C0 R
0xA00B0500 R
0xA00B0540 R
0xA00B0580 R
0xA00B05C0 R
0xA00B0600 R
0xA00B0640 R
0xA00B0680 R
0xA00B06C0 R
0xA00B0700 R
0xA00B0740 R
0xA00B0780 R
0xA00B07C0 R
0xA00B0800 R
0xA00B0840 R
0xA00B0880 R
0xA00B08C0 R
0xA00B0900 R
0xA00B0940 R
0xA00B0980 R
0xA00B09C0 R
0xA00B0A00 R
0xA00B0A40 R
0xA00B0A80 R
0xA00B0AC0 R
0xA00B0B00 R
0xA00B0B40 R
0xA00B0B80 R
0xA00B0BC0 R
0xA00B0C00 R
0xA00B0C40 R
0xA00B0C80 R
0xA00B0CC0 R
0xA00B0D00 R
0xA00B0D40 R
0xA00B0D80 R
0xA00B0DC0 R
0xA00B0E00 R
0xA00B0E40 R
0xA00B0E80 R
0xA00B0EC0 R
0xA00B0F00 R
0xA00B0F40 R
0xA00B0F80 R
0xA00B0FC0 R
0xA00B1000 R
0xA00B1040 R
0xA00B1080 R
0xA00B10C0 R
0xA00B1100 R
0xA00B1140 R
0xA00B1180 R
0xA00B11C0 R
0xA00B1200 R
0xA00B1240 R
0xA00B1280 R
0xA00B12C0 R
0xA00B1300 R
0xA00B1340 R
0xA00B1380 R
0xA00B13C0 R
0xA00B1400 R
0xA00B1440 R
0xA00B1480 R
0xA00B14C0 R
0xA00B1500 R
0xA00B1540 R
0xA00B1580 R
0xA00B15C0 R
0xA00B1600 R
0xA00B1640 R
0xA00B1680 R
0xA00B16C0 R
0xA00B1700 R
0xA00B1740 R
0xA00B1780 R
0xA00B17C0 R
0xA00B1800 R
0xA00B1840 R
0xA00B1880 R
0xA00B18C0 R
0xA00B1900 R
0xA00B1940 R
0xA00B1980 R
0xA00B19C0 R
0xA00B1A00 R
0xA00B1A40 R
0xA00B1A80 R
0xA00B1AC0 R
0xA00B1B00 R
0xA00B1B40 R
0xA00B1B80 R
0xA00B1BC0 R
0xA00B1C00 R
0xA00B1C40 R
0xA00B1C80 R
0xA00B1CC0 R
0xA00B1D00 R
0xA00B1D40 R
0xA00B1D80 R
0xA00B1DC0 R
0xA00B1E00 R
0xA00B1E40 R
0xA00B1E80 R
0xA00B1EC0 R
0xA00B1F00 R
0xA00B1F40 R
0xA00B1F80 R
0xA00B1FC0 R
0xA00B2000 R
0xA00B2040 R
0xA00B2080 R
0xA00B20C0 R
0xA00B2100 R
0xA00B2140 R
0xA00B2180 R
0xA00B21C0 R
0xA00B2200 R
0xA00B2240 R
0xA00B2280 R
0xA00B22C0 R
0xA00B2300 R
0xA00B2340 R
0xA00B2380 R
0xA00B23C0 R
0xA00B2400 R
0xA00B2440 R
0xA00B2480 R
0xA00B24C0 R
0xA00B2500 R
0xA00B2540 R
0xA00B2580 R
0xA00B25C0 R
0xA00B2600 R
0xA00B2640 R
0xA00B2680 R
0xA00B26C0 R
0xA00B2700 R
0xA00B2740 R
0xA00B2780 R
0xA00B27C0 R
0xA00B2800 R
0xA00B2840 R
0xA00B2880 R
0xA00B28C0 R
0xA00B2900 R
0xA00B2940 R
0xA00B2980 R
0xA00B29C0 R
0xA00B2A00 R
0xA00B2A40 R
0xA00B2A80 R
0xA00B2AC0 R
0xA00B2B00 R
0xA00B2B40 R
0xA00B2B80 R
0xA00B2BC0 R
0xA00B2C00 R
0xA00B2C40 R
0xA00B2C80 R
0xA00B2CC0 R
0xA00B2D00 R
0xA00B2D40 R
0xA00B2D80 R
0xA00B2DC0 R
0xA00B2E00 R
0xA00B2E40 R
0xA00B2E80 R
0xA00B2EC0 R
0xA00B2F00 R
0xA00B2F40 R
0xA00B2F80 R
0xA00B2FC0 R
0xA00B3000 R
0xA00B3040 R
0xA00B3080 R
0xA00B30C0 R
0xA00B3100 R
0xA00B3140 R
0xA00B3180 R
0xA00B31C0 R
0xA00B3200 R
0xA00B3240 R
0xA00B3280 R
0xA00B32C0 R
0xA00B3300 R
0xA00B3340 R
0xA00B3380 R
0xA00B33C0 R
0xA00B3400 R
0xA00B3440 R
0xA00B3480 R
0xA00B34C0 R
0xA00B3500 R
0xA00B3540 R
0xA00B3580 R
0xA00B35C0 R
0xA00B3600 R
0xA00B3640 R
0xA00B3680 R
0xA00B36C0 R
0xA00B3700 R
0xA00B3740 R
0xA00B3780 R
0xA00B37C0 R
0xA00B3800 R
0xA00B3840 R
0xA00B3880 R
0xA00B38C0 R
0xA00B3900 R
0xA00B3940 R
0xA00B3980 R
0xA00B39C0 R
0xA00B3A00 R
0xA00B3A40 R
0xA00B3A80 R
0xA00B3AC0 R
0xA00B3B00 R
0xA00B3B40 R
0xA00B3B80 R
0xA00B3BC0 R
0xA00B3C00 R
0xA00B3C40 R
0xA00B3C80 R
0xA00B3CC0 R
0xA00B3D00 R
0xA00B3D40 R
0xA00B3D80 R
0xA00B3DC0 R
0xA00B3E00 R
0xA00B3E40 R
0xA00B3E80 R
0xA00B3EC0 R
0xA00B3F00 R
0xA00B3F40 R
0xA00B3F80 R
0xA00B3FC0 R
0xA00B4000 R
0xA00B4040 R
0xA00B4080 R
0xA00B40C0 R
0xA00B4100 R
0xA00B4140 R
0xA00B4180 R
0xA00B41C0 R
0xA00B4200 R
0xA00B4240 R
0xA00B4280 R
0xA00B42C0 R
0xA00B4300 R
0xA00B4340 R
0xA00B4380 R
0xA00B43C0 R
0xA00B4400 R
0xA00B4440 R
0xA00B4480 R
0xA00B44C0 R
0xA00B4500 R
0xA00B4540 R
0xA00B4580 R
0xA00B45C0 R
0xA00B4600 R
0xA00B4640 R
0xA00B4680 R
0xA00B46C0 R
0xA00B4700 R
0xA00B4740 R
0xA00B4780 R
0xA00B47C0 R
0xA00B4800 R
0xA00B4840 R
0xA00B4880 R
0xA00B48C0 R
0xA00B4900 R
0xA00B4940 R
0xA00B4980 R
0xA00B49C0 R
0xA00B4A00 R
0xA00B4A40 R
0xA00B4A80 R
0xA00B4AC0 R
0xA00B4B00 R
0xA00B4B40 R
0xA00B4B80 R
0xA00B4BC0 R
0xA00B4C00 R
0xA00B4C40 R
0xA00B4C80 R
0xA00B4CC0 R
0xA00B4D00 R
0xA00B4D40 R
0xA00B4D80 R
0xA00B4DC0 R
0xA00B4E00 R
0xA00B4E40 R
0xA00B4E80 R
0xA00B4EC0 R
0xA00B4F00 R
0xA00B4F40 R
0xA00B4F80 R
0xA00B4FC0 R
0xA00B5000 R
0xA00B5040 R
0xA00B5080 R
0xA00B50C0 R
0xA00B5100 R
0xA00B5140 R
0xA00B5180 R
0xA00B51C0 R
0xA00B5200 R
0xA00B5240 R
0xA00B5280 R
0xA00B52C0 R
0xA00B5300 R
0xA00B5340 R
0xA00B5380 R
0xA00B53C0 R
0xA00B5400 R
0xA00B5440 R
0xA00B5480 R
0xA00B54C0 R
0xA00B5500 R
0xA00B5540 R
0xA00B5580 R
0xA00B55C0 R
0xA00B5600 R
0xA00B5640 R
0xA00B5680 R
0xA00B56C0 R
0xA00B5700 R
0xA00B5740 R
0xA00B5780 R
0xA00B57C0 R
0xA00B5800 R
0xA00B5840 R
0xA00B5880 R
0xA00B58C0 R
0xA00B5900 R
0xA00B5940 R
0xA00B5980 R
0xA00B59C0 R
0xA00B5A00 R
0xA00B5A40 R
0xA00B5A80 R
0xA00B5AC0 R
0xA00B5B00 R
0xA00B5B40 R
0xA00B5B80 R
0xA00B5BC0 R
0xA00B5C00 R
0xA00B5C40 R
0xA00B5C80 R
0xA00B5CC0 R
0xA00B5D00 R
0xA00B5D40 R
0xA00B5D80 R
0xA00B5DC0 R
0xA00B5E00 R
0xA00B5E40 R
0xA00B5E80 R
0xA00B5EC0 R
0xA00B5F00 R
0xA00B5F40 R
0xA00B5F80 R
0xA00B5FC0 R
0xA00B6000 R
0xA00B6040 R
0xA00B6080 R
0xA00B60C0 R
0xA00B6100 R
0xA00B6140 R
0xA00B6180 R
0xA00B61C0 R
0xA00B6200 R
0xA00B6240 R
0xA00B6280 R
0xA00B62C0 R
0xA00B6300 R
0xA00B6340 R
0xA00B6380 R
0xA00B63C0 R
0xA00B6400 R
0xA00B6440 R
0xA00B6480 R
0xA00B64C0 R
0xA00B6500 R
0xA00B6540 R
0xA00B6580 R
0xA00B65C0 R
0xA00B6600 R
0xA00B6640 R
0xA00B6680 R
0xA00B66C0 R
0xA00B6700 R
0xA00B6740 R
0xA00B6780 R
0xA00B67C0 R
0xA00B6800 R
0xA00B6840 R
0xA00B6880 R
0xA00B68C0 R
0xA00B6900 R
0xA00B6940 R
0xA00B6980 R
0xA00B69C0 R
0xA00B6A00 R
0xA00B6A40 R
0xA00B6A80 R
0xA00B6AC0 R
0xA00B6B00 R
0xA00B6B40 R
0xA00B6B80 R
0xA00B6BC0 R
0xA00B6C00 R
0xA00B6C40 R
0xA00B6C80 R
0xA00B6CC0 R
0xA00B6D00 R
0xA00B6D40 R
0xA00B6D80 R
0xA00B6DC0 R
0xA00B6E00 R
0xA00B6E40 R
0xA00B6E80 R
0xA00B6EC0 R
0xA00B6F00 R
0xA00B6F40 R
0xA00B6F80 R
0xA00B6FC0 R
0xA00B7000 R
0xA00B7040 R
0xA00B7080 R
0xA00B70C0 R
0xA00B7100 R
0xA00B7140 R
0xA00B7180 R
0xA00B71C0 R
0xA00B7200 R
0xA00B7240 R
0xA00B7280 R
0xA00B72C0 R
0xA00B7300 R
0xA00B7340 R
0xA00B7380 R
0xA00B73C0 R
0xA00B7400 R
0xA00B7440 R
0xA00B7480 R
0xA00B74C0 R
0xA00B7500 R
0xA00B7540 R
0xA00B7580 R
0xA00B75C0 R
0xA00B7600 R
0xA00B7640 R
0xA00B7680 R
0xA00B76C0 R
0xA00B7700 R
0xA00B7740 R
0xA00B7780 R
0xA00B77C0 R
0xA00B7800 R
0xA00B7840 R
0xA00B7880 R
0xA00B78C0 R
0xA00B7900 R
0xA00B7940 R
0xA00B7980 R
0xA00B79C0 R
0xA00B7A00 R
0xA00B7A40 R
0xA00B7A80 R
0xA00B7AC0 R
0xA00B7B00 R
0xA00B7B40 R
0xA00B7B80 R
0xA00B7BC0 R
0xA00B7C00 R
0xA00B7C40 R
0xA00B7C80 R
0xA00B7CC0 R
0xA00B7D00 R
0xA00B7D40 R
0xA00B7D80 R
0xA00B7DC0 R
0xA00B7E00 R
0xA00B7E40 R
0xA00B7E80 R
0xA00B7EC0 R
0xA00B7F00 R
0xA00B7F40 R
0xA00B7F80 R
0xA00B7FC0 R
0xA00B8000 R
0xA00B8040 R
0xA00B8080 R
0xA00B80C0 R
0xA00B8100 R
0xA00B8140 R
0xA00B8180 R
0xA00B81C0 R
0xA00B8200 R
0xA00B8240 R
0xA00B8280 R
0xA00B82C0 R
0xA00B8300 R
0xA00B8340 R
0xA00B8380 R
0xA00B83C0 R
0xA00B8400 R
0xA00B8440 R
0xA00B8480 R
0xA00B84C0 R
0xA00B8500 R
0xA00B8540 R
0xA00B8580 R
0xA00B85C0 R
0xA00B8600 R
0xA00B8640 R
0xA00B8680 R
0xA00B86C0 R
0xA00B8700 R
0xA00B8740 R
0xA00B8780 R
0xA00B87C0 R
0xA00B8800 R
0xA00B8840 R
0xA00B8880 R
0xA00B88C0 R
0xA00B8900 R
0xA00B8940 R
0xA00B8980 R
0xA00B89C0 R
0xA00B8A00 R
0xA00B8A40 R
0xA00B8A80 R
0xA00B8AC0 R
0xA00B8B00 R
0xA00B8B40 R
0xA00B8B80 R
0xA00B8BC0 R
0xA00B8C00 R
0xA00B8C40 R
0xA00B8C80 R
0xA00B8CC0 R
0xA00B8D00 R
0xA00B8D40 R
0xA00B8D80 R
0xA00B8DC0 R
0xA00B8E00 R
0xA00B8E40 R
0xA00B8E80 R
0xA00B8EC0 R
0xA00B8F00 R
0xA00B8F40 R
0xA00B8F80 R
0xA00B8FC0 R
0xA00B9000 R
0xA00B9040 R
0xA00B9080 R
0xA00B90C0 R
0xA00B9100 R
0xA00B9140 R
0xA00B9180 R
0xA00B91C0 R
0xA00B9200 R
0xA00B9240 R
0xA00B9280 R
0xA00B92C0 R
0xA00B9300 R
0xA00B9340 R
0xA00B9380 R
0xA00B93C0 R
0xA00B9400 R
0xA00B9440 R
0xA00B9480 R
0xA00B94C0 R
0xA00B9500 R
0xA00B9540 R
0xA00B9580 R
0xA00B95C0 R
0xA00B9600 R
0xA00B9640 R
0xA00B9680 R
0xA00B96C0 R
0xA00B9700 R
0xA00B9740 R
0xA00B9780 R
0xA00B97C0 R
0xA00B9800 R
0xA00B9840 R
0xA00B9880 R
0xA00B98C0 R
0xA00B9900 R
0xA00B9940 R
0xA00B9980 R
0xA00B99C0 R
0xA00B9A00 R
0xA00B9A40 R
0xA00B9A80 R
0xA00B9AC0 R
0xA00B9B00 R
0xA00B9B40 R
0xA00B9B80 R
0xA00B9BC0 R
0xA00B9C00 R
0xA00B9C40 R
0xA00B9C80 R
0xA00B9CC0 R
0xA00B9D00 R
0xA00B9D40 R
0xA00B9D80 R
0xA00B9DC0 R
0xA00B9E00 R
0xA00B9E40 R
0xA00B9E80 R
0xA00B9EC0 R
0xA00B9F00 R
0xA00B9F40 R
0xA00B9F80 R
0xA00B9FC0 R
0xA00BA000 R
0xA00BA040 R
0xA00BA080 R
0xA00BA0C0 R
0xA00BA100 R
0xA00BA140 R
0xA00BA180 R
0xA00BA1C0 R
0xA00BA200 R
0xA00BA240 R
0xA00BA280 R
0xA00BA2C0 R
0xA00BA300 R
0xA00BA340 R
0xA00BA380 R
0xA00BA3C0 R
0xA00BA400 R
0xA00BA440 R
0xA00BA480 R
0xA00BA4C0 R
0xA00BA500 R
0xA00BA540 R
0xA00BA580 R
0xA00BA5C0 R
0xA00BA600 R
0xA00BA640 R
0xA00BA680 R
0xA00BA6C0 R
0xA00BA700 R
0xA00BA740 R
0xA00BA780 R
0xA00BA7C0 R
0xA00BA800 R
0xA00BA840 R
0xA00BA880 R
0xA00BA8C0 R
0xA00BA900 R
0xA00BA940 R
0xA00BA980 R
0xA00BA9C0 R
0xA00BAA00 R
0xA00BAA40 R
0xA00BAA80 R
0xA00BAAC0 R
0xA00BAB00 R
0xA00BAB40 R
0xA00BAB80 R
0xA00BABC0 R
0xA00BAC00 R
0xA00BAC40 R
0xA00BAC80 R
0xA00BACC0 R
0xA00BAD00 R
0xA00BAD40 R
0xA00BAD80 R
0xA00BADC0 R
0xA00BAE00 R
0xA00BAE40 R
0xA00BAE80 R
0xA00BAEC0 R
0xA00BAF00 R
0xA00BAF40 R
0xA00BAF80 R
0xA00BAFC0 R
0xA00BB000 R
0xA00BB040 R
0xA00BB080 R
0xA00BB0C0 R
0xA00BB100 R
0xA00BB140 R
0xA00BB180 R
0xA00BB1C0 R
0xA00BB200 R
0xA00BB240 R
0xA00BB280 R
0xA00BB2C0 R
0xA00BB300 R
0xA00BB340 R
0xA00BB380 R
0xA00BB3C0 R
0xA00BB400 R
0xA00BB440 R
0xA00BB480 R
0xA00BB4C0 R
0xA00BB500 R
0xA00BB540 R
0xA00BB580 R
0xA00BB5C0 R
0xA00BB600 R
0xA00BB640 R
0xA00BB680 R
0xA00BB6C0 R
0xA00BB700 R
0xA00BB740 R
0xA00BB780 R
0xA00BB7C0 R
0xA00BB800 R
0xA00BB840 R
0xA00BB880 R
0xA00BB8C0 R
0xA00BB900 R
0xA00BB940 R
0xA00BB980 R
0xA00BB9C0 R
0xA00BBA00 R
0xA00BBA40 R
0xA00BBA80 R
0xA00BBAC0 R
0xA00BBB00 R
0xA00BBB40 R
0xA00BBB80 R
0xA00BBBC0 R
0xA00BBC00 R
0xA00BBC40 R
0xA00BBC80 R
0xA00BBCC0 R
0xA00BBD00 R
0xA00BBD40 R
0xA00BBD80 R
0xA00BBDC0 R
0xA00BBE00 R
0xA00BBE40 R
0xA00BBE80 R
0xA00BBEC0 R
0xA00BBF00 R
0xA00BBF40 R
0xA00BBF80 R
0xA00BBFC0 R
0xA00BC000 R
0xA00BC040 R
0xA00BC080 R
0xA00BC0C0 R
0xA00BC100 R
0xA00BC140 R
0xA00BC180 R
0xA00BC1C0 R
0xA00BC200 R
0xA00BC240 R
0xA00BC280 R
0xA00BC2C0 R
0xA00BC300 R
0xA00BC340 R
0xA00BC380 R
0xA00BC3C0 R
0xA00BC400 R
0xA00BC440 R
0xA00BC480 R
0xA00BC4C0 R
0xA00BC500 R
0xA00BC540 R
0xA00BC580 R
0xA00BC5C0 R
0xA00BC600 R
0xA00BC640 R
0xA00BC680 R
0xA00BC6C0 R
0xA00BC700 R
0xA00BC740 R
0xA00BC780 R
0xA00BC7C0 R
0xA00BC800 R
0xA00BC840 R
0xA00BC880 R
0xA00BC8C0 R
0xA00BC900 R
0xA00BC940 R
0xA00BC980 R
0xA00BC9C0 R
0xA00BCA00 R
0xA00BCA40 R
0xA00BCA80 R
0xA00BCAC0 R
0xA00BCB00 R
0xA00BCB40 R
0xA00BCB80 R
0xA00BCBC0 R
0xA00BCC00 R
0xA00BCC40 R
0xA00BCC80 R
0xA00BCCC0 R
0xA00BCD00 R
0xA00BCD40 R
0xA00BCD80 R
0xA00BCDC0 R
0xA00BCE00 R
0xA00BCE40 R
0xA00BCE80 R
0xA00BCEC0 R
0xA00BCF00 R
0xA00BCF40 R
0xA00BCF80 R
0xA00BCFC0 R
0xA00BD000 R
0xA00BD040 R
0xA00BD080 R
0xA00BD0C0 R
0xA00BD100 R
0xA00BD140 R
0xA00BD180 R
0xA00BD1C0 R
0xA00BD200 R
0xA00BD240 R
0xA00BD280 R
0xA00BD2C0 R
0xA00BD300 R
0xA00BD340 R
0xA00BD380 R
0xA00BD3C0 R
0xA00BD400 R
0xA00BD440 R
0xA00BD480 R
0xA00BD4C0 R
0xA00BD500 R
0xA00BD540 R
0xA00BD580 R
0xA00BD5C0 R
0xA00BD600 R
0xA00BD640 R
0xA00BD680 R
0xA00BD6C0 R
0xA00BD700 R
0xA00BD740 R
0xA00BD780 R
0xA00BD7C0 R
0xA00BD800 R
0xA00BD840 R
0xA00BD880 R
0xA00BD8C0 R
0xA00BD900 R
0xA00BD940 R
0xA00BD980 R
0xA00BD9C0 R
0xA00BDA00 R
0xA00BDA40 R
0xA00BDA80 R
0xA00BDAC0 R
0xA00BDB00 R
0xA00BDB40 R
0xA00BDB80 R
0xA00BDBC0 R
0xA00BDC00 R
0xA00BDC40 R
0xA00BDC80 R
0xA00BDCC0 R
0xA00BDD00 R
0xA00BDD40 R
0xA00BDD80 R
0xA00BDDC0 R
0xA00BDE00 R
0xA00BDE40 R
0xA00BDE80 R
0xA00BDEC0 R
0xA00BDF00 R
0xA00BDF40 R
0xA00BDF80 R
0xA00BDFC0 R
0xA00BE000 R
0xA00BE040 R
0xA00BE080 R
0xA00BE0C0 R
0xA00BE100 R
0xA00BE140 R
0xA00BE180 R
0xA00BE1C0 R
0xA00BE200 R
0xA00BE240 R
0xA00BE280 R
0xA00BE2C0 R
0xA00BE300 R
0xA00BE340 R
0xA00BE380 R
0xA00BE3C0 R
0xA00BE400 R
0xA00BE440 R
0xA00BE480 R
0xA00BE4C0 R
0xA00BE500 R
0xA00BE540 R
0xA00BE580 R
0xA00BE5C0 R
0xA00BE600 R
0xA00BE640 R
0xA00BE680 R
0xA00BE6C0 R
0xA00BE700 R
0xA00BE740 R
0xA00BE780 R
0xA00BE7C0 R
0xA00BE800 R
0xA00BE840 R
0xA00BE880 R
0xA00BE8C0 R
0xA00BE900 R
0xA00BE940 R
0xA00BE980 R
0xA00BE9C0 R
0xA00BEA00 R
0xA00BEA40 R
0xA00BEA80 R
0xA00BEAC0 R
0xA00BEB00 R
0xA00BEB40 R
0xA00BEB80 R
0xA00BEBC0 R
0xA00BEC00 R
0xA00BEC40 R
0xA00BEC80 R
0xA00BECC0 R
0xA00BED00 R
0xA00BED40 R
0xA00BED80 R
0xA00BEDC0 R
0xA00BEE00 R
0xA00BEE40 R
0xA00BEE80 R
0xA00BEEC0 R
0xA00BEF00 R
0xA00BEF40 R
0xA00BEF80 R
0xA00BEFC0 R
0xA00BF000 R
0xA00BF040 R
0xA00BF080 R
0xA00BF0C0 R
0xA00BF100 R
0xA00BF140 R
0xA00BF180 R
0xA00BF1C0 R
0xA00BF200 R
0xA00BF240 R
0xA00BF280 R
0xA00BF2C0 R
0xA00BF300 R
0xA00BF340 R
0xA00BF380 R
0xA00BF3C0 R
0xA00BF400 R
0xA00BF440 R
0xA00BF480 R
0xA00BF4C0 R
0xA00BF500 R
0xA00BF540 R
0xA00BF580 R
0xA00BF5C0 R
0xA00BF600 R
0xA00BF640 R
0xA00BF680 R
0xA00BF6C0 R
0xA00BF700 R
0xA00BF740 R
0xA00BF780 R
0xA00BF7C0 R
0xA00BF800 R
0xA00BF840 R
0xA00BF880 R
0xA00BF8C0 R
0xA00BF900 R
0xA00BF940 R
0xA00BF980 R
0xA00BF9C0 R
0xA00BFA00 R
0xA00BFA40 R
0xA00BFA80 R
0xA00BFAC0 R
0xA00BFB00 R
0xA00BFB40 R
0xA00BFB80 R
0xA00BFBC0 R
0xA00BFC00 R
0xA00BFC40 R
0xA00BFC80 R
0xA00BFCC0 R
0xA00BFD00 R
0xA00BFD40 R
0xA00BFD80 R
0xA00BFDC0 R
0xA00BFE00 R
0xA00BFE40 R
0xA00BFE80 R
0xA00BFEC0 R
0xA00BFF00 R
0xA00BFF40 R
0xA00BFF80 R
0xA00BFFC0 R
0xC00B0000 W
0xC00B0040 W
0xC00B0080 W
0xC00B00C0 W
0xC00B0100 W
0xC00B0140 W
0xC00B0180 W
0xC00B01C0 W
0xC00B0200 W
0xC00B0240 W
0xC00B0280 W
0xC00B02C0 W
0xC00B0300 W
0xC00B0340 W
0xC00B0380 W
0xC00B03C0 W
0xC00B0400 W
0xC00B0440 W
0xC00B0480 W
0xC00B04C0 W
0xC00B0500 W
0xC00B0540 W
0xC00B0580 W
0xC00B05C0 W
0xC00B0600 W
0xC00B0640 W
0xC00B0680 W
0xC00B06C0 W
0xC00B0700 W
0xC00B0740 W
0xC00B0780 W
0xC00B07C0 W
0xC00B0800 W
0xC00B0840 W
0xC00B0880 W
0xC00B08C0 W
0xC00B0900 W
0xC00B0940 W
0xC00B0980 W
0xC00B09C0 W
0xC00B0A00 W
0xC00B0A40 W
0xC00B0A80 W
0xC00B0AC0 W
0xC00B0B00 W
0xC00B0B40 W
0xC00B0B80 W
0xC00B0BC0 W
0xC00B0C00 W
0xC00B0C40 W
0xC00B0C80 W
0xC00B0CC0 W
0xC00B0D00 W
0xC00B0D40 W
0xC00B0D80 W
0xC00B0DC0 W
0xC00B0E00 W
0xC00B0E40 W
0xC00B0E80 W
0xC00B0EC0 W
0xC00B0F00 W
0xC00B0F40 W
0xC00B0F80 W
0xC00B0FC0 W
0xC00B1000 W
0xC00B1040 W
0xC00B1080 W
0xC00B10C0 W
0xC00B1100 W
0xC00B1140 W
0xC00B1180 W
0xC00B11C0 W
0xC00B1200 W
0xC00B1240 W
0xC00B1280 W
0xC00B12C0 W
0xC00B1300 W
0xC00B1340 W
0xC00B1380 W
0xC00B13C0 W
0xC00B1400 W
0xC00B1440 W
0xC00B1480 W
0xC00B14C0 W
0xC00B1500 W
0xC00B1540 W
0xC00B1580 W
0xC00B15C0 W
0xC00B1600 W
0xC00B1640 W
0xC00B1680 W
0xC00B16C0 W
0xC00B1700 W
0xC00B1740 W
0xC00B1780 W
0xC00B17C0 W
0xC00B1800 W
0xC00B1840 W
0xC00B1880 W
0xC00B18C0 W
0xC00B1900 W
0xC00B1940 W
0xC00B1980 W
0xC00B19C0 W
0xC00B1A00 W
0xC00B1A40 W
0xC00B1A80 W
0xC00B1AC0 W
0xC00B1B00 W
0xC00B1B40 W
0xC00B1B80 W
0xC00B1BC0 W
0xC00B1C00 W
0xC00B1C40 W
0xC00B1C80 W
0xC00B1CC0 W
0xC00B1D00 W
0xC00B1D40 W
0xC00B1D80 W
0xC00B1DC0 W
0xC00B1E00 W
0xC00B1E40 W
0xC00B1E80 W
0xC00B1EC0 W
0xC00B1F00 W
0xC00B1F40 W
0xC00B1F80 W
0xC00B1FC0 W
0xC00B2000 W
0xC00B2040 W
0xC00B2080 W
0xC00B20C0 W
0xC00B2100 W
0xC00B2140 W
0xC00B2180 W
0xC00B21C0 W
0xC00B2200 W
0xC00B2240 W
0xC00B2280 W
0xC00B22C0 W
0xC00B2300 W
0xC00B2340 W
0xC00B2380 W
0xC00B23C0 W
0xC00B2400 W
0xC00B2440 W
0xC00B2480 W
0xC00B24C0 W
0xC00B2500 W
0xC00B2540 W
0xC00B2580 W
0xC00B25C0 W
0xC00B2600 W
0xC00B2640 W
0xC00B2680 W
0xC00B26C0 W
0xC00B2700 W
0xC00B2740 W
0xC00B2780 W
0xC00B27C0 W
0xC00B2800 W
0xC00B2840 W
0xC00B2880 W
0xC00B28C0 W
0xC00B2900 W
0xC00B2940 W
0xC00B2980 W
0xC00B29C0 W
0xC00B2A00 W
0xC00B2A40 W
0xC00B2A80 W
0xC00B2AC0 W
0xC00B2B00 W
0xC00B2B40 W
0xC00B2B80 W
0xC00B2BC0 W
0xC00B2C00 W
0xC00B2C40 W
0xC00B2C80 W
0xC00B2CC0 W
0xC00B2D00 W
0xC00B2D40 W
0xC00B2D80 W
0xC00B2DC0 W
0xC00B2E00 W
0xC00B2E40 W
0xC00B2E80 W
0xC00B2EC0 W
0xC00B2F00 W
0xC00B2F40 W
0xC00B2F80 W
0xC00B2FC0 W
0xC00B3000 W
0xC00B3040 W
0xC00B3080 W
0xC00B30C0 W
0xC00B3100 W
0xC00B3140 W
0xC00B3180 W
0xC00B31C0 W
0xC00B3200 W
0xC00B3240 W
0xC00B3280 W
0xC00B32C0 W
0xC00B3300 W
0xC00B3340 W
0xC00B3380 W
0xC00B33C0 W
0xC00B3400 W
0xC00B3440 W
0xC00B3480 W
0xC00B34C0 W
0xC00B3500 W
0xC00B3540 W
0xC00B3580 W
0xC00B35C0 W
0xC00B3600 W
0xC00B3640 W
0xC00B3680 W
0xC00B36C0 W
0xC00B3700 W
0xC00B3740 W
0xC00B3780 W
0xC00B37C0 W
0xC00B3800 W
0xC00B3840 W
0xC00B3880 W
0xC00B38C0 W
0xC00B3900 W
0xC00B3940 W
0xC00B3980 W
0xC00B39C0 W
0xC00B3A00 W
0xC00B3A40 W
0xC00B3A80 W
0xC00B3AC0 W
0xC00B3B00 W
0xC00B3B40 W
0xC00B3B80 W
0xC00B3BC0 W
0xC00B3C00 W
0xC00B3C40 W
0xC00B3C80 W
0xC00B3CC0 W
0xC00B3D00 W
0xC00B3D40 W
0xC00B3D80 W
0xC00B3DC0 W
0xC00B3E00 W
0xC00B3E40 W
0xC00B3E80 W
0xC00B3EC0 W
0xC00B3F00 W
0xC00B3F40 W
0xC00B3F80 W
0xC00B3FC0 W
0xC00B4000 W
0xC00B4040 W
0xC00B4080 W
0xC00B40C0 W
0xC00B4100 W
0xC00B4140 W
0xC00B4180 W
0xC00B41C0 W
0xC00B4200 W
0xC00B4240 W
0xC00B4280 W
0xC00B42C0 W
0xC00B4300 W
0xC00B4340 W
0xC00B4380 W
0xC00B43C0 W
0xC00B4400 W
0xC00B4440 W
0xC00B4480 W
0xC00B44C0 W
0xC00B4500 W
0xC00B4540 W
0xC00B4580 W
0xC00B45C0 W
0xC00B4600 W
0xC00B4640 W
0xC00B4680 W
0xC00B46C0 W
0xC00B4700 W
0xC00B4740 W
0xC00B4780 W
0xC00B47C0 W
0xC00B4800 W
0xC00B4840 W
0xC00B4880 W
0xC00B48C0 W
0xC00B4900 W
0xC00B4940 W
0xC00B4980 W
0xC00B49C0 W
0xC00B4A00 W
0xC00B4A40 W
0xC00B4A80 W
0xC00B4AC0 W
0xC00B4B00 W
0xC00B4B40 W
0xC00B4B80 W
0xC00B4BC0 W
0xC00B4C00 W
0xC00B4C40 W
0xC00B4C80 W
0xC00B4CC0 W
0xC00B4D00 W
0xC00B4D40 W
0xC00B4D80 W
0xC00B4DC0 W
0xC00B4E00 W
0xC00B4E40 W
0xC00B4E80 W
0xC00B4EC0 W
0xC00B4F00 W
0xC00B4F40 W
0xC00B4F80 W
0xC00B4FC0 W
0xC00B5000 W
0xC00B5040 W
0xC00B5080 W
0xC00B50C0 W
0xC00B5100 W
0xC00B5140 W
0xC00B5180 W
0xC00B51C0 W
0xC00B5200 W
0xC00B5240 W
0xC00B5280 W
0xC00B52C0 W
0xC00B5300 W
0xC00B5340 W
0xC00B5380 W
0xC00B53C0 W
0xC00B5400 W
0xC00B5440 W
0xC00B5480 W
0xC00B54C0 W
0xC00B5500 W
0xC00B5540 W
0xC00B5580 W
0xC00B55C0 W
0xC00B5600 W
0xC00B5640 W
0xC00B5680 W
0xC00B56C0 W
0xC00B5700 W
0xC00B5740 W
0xC00B5780 W
0xC00B57C0 W
0xC00B5800 W
0xC00B5840 W
0xC00B5880 W
0xC00B58C0 W
0xC00B5900 W
0xC00B5940 W
0xC00B5980 W
0xC00B59C0 W
0xC00B5A00 W
0xC00B5A40 W
0xC00B5A80 W
0xC00B5AC0 W
0xC00B5B00 W
0xC00B5B40 W
0xC00B5B80 W
0xC00B5BC0 W
0xC00B5C00 W
0xC00B5C40 W
0xC00B5C80 W
0xC00B5CC0 W
0xC00B5D00 W
0xC00B5D40 W
0xC00B5D80 W
0xC00B5DC0 W
0xC00B5E00 W
0xC00B5E40 W
0xC00B5E80 W
0xC00B5EC0 W
0xC00B5F00 W
0xC00B5F40 W
0xC00B5F80 W
0xC00B5FC0 W
0xC00B6000 W
0xC00B6040 W
0xC00B6080 W
0xC00B60C0 W
0xC00B6100 W
0xC00B6140 W
0xC00B6180 W
0xC00B61C0 W
0xC00B6200 W
0xC00B6240 W
0xC00B6280 W
0xC00B62C0 W
0xC00B6300 W
0xC00B6340 W
0xC00B6380 W
0xC00B63C0 W
0xC00B6400 W
0xC00B6440 W
0xC00B6480 W
0xC00B64C0 W
0xC00B6500 W
0xC00B6540 W
0xC00B6580 W
0xC00B65C0 W
0xC00B6600 W
0xC00B6640 W
0xC00B6680 W
0xC00B66C0 W
0xC00B6700 W
0xC00B6740 W
0xC00B6780 W
0xC00B67C0 W
0xC00B6800 W
0xC00B6840 W
0xC00B6880 W
0xC00B68C0 W
0xC00B6900 W
0xC00B6940 W
0xC00B6980 W
0xC00B69C0 W
0xC00B6A00 W
0xC00B6A40 W
0xC00B6A80 W
0xC00B6AC0 W
0xC00B6B00 W
0xC00B6B40 W
0xC00B6B80 W
0xC00B6BC0 W
0xC00B6C00 W
0xC00B6C40 W
0xC00B6C80 W
0xC00B6CC0 W
0xC00B6D00 W
0xC00B6D40 W
0xC00B6D80 W
0xC00B6DC0 W
0xC00B6E00 W
0xC00B6E40 W
0xC00B6E80 W
0xC00B6EC0 W
0xC00B6F00 W
0xC00B6F40 W
0xC00B6F80 W
0xC00B6FC0 W
0xC00B7000 W
0xC00B7040 W
0xC00B7080 W
0xC00B70C0 W
0xC00B7100 W
0xC00B7140 W
0xC00B7180 W
0xC00B71C0 W
0xC00B7200 W
0xC00B7240 W
0xC00B7280 W
0xC00B72C0 W
0xC00B7300 W
0xC00B7340 W
0xC00B7380 W
0xC00B73C0 W
0xC00B7400 W
0xC00B7440 W
0xC00B7480 W
0xC00B74C0 W
0xC00B7500 W
0xC00B7540 W
0xC00B7580 W
0xC00B75C0 W
0xC00B7600 W
0xC00B7640 W
0xC00B7680 W
0xC00B76C0 W
0xC00B7700 W
0xC00B7740 W
0xC00B7780 W
0xC00B77C0 W
0xC00B7800 W
0xC00B7840 W
0xC00B7880 W
0xC00B78C0 W
0xC00B7900 W
0xC00B7940 W
0xC00B7980 W
0xC00B79C0 W
0xC00B7A00 W
0xC00B7A40 W
0xC00B7A80 W
0xC00B7AC0 W
0xC00B7B00 W
0xC00B7B40 W
0xC00B7B80 W
0xC00B7BC0 W
0xC00B7C00 W
0xC00B7C40 W
0xC00B7C80 W
0xC00B7CC0 W
0xC00B7D00 W
0xC00B7D40 W
0xC00B7D80 W
0xC00B7DC0 W
0xC00B7E00 W
0xC00B7E40 W
0xC00B7E80 W
0xC00B7EC0 W
0xC00B7F00 W
0xC00B7F40 W
0xC00B7F80 W
0xC00B7FC0 W
0xC00B8000 W
0xC00B8040 W
0xC00B8080 W
0xC00B80C0 W
0xC00B8100 W
0xC00B8140 W
0xC00B8180 W
0xC00B81C0 W
0xC00B8200 W
0xC00B8240 W
0xC00B8280 W
0xC00B82C0 W
0xC00B8300 W
0xC00B8340 W
0xC00B8380 W
0xC00B83C0 W
0xC00B8400 W
0xC00B8440 W
0xC00B8480 W
0xC00B84C0 W
0xC00B8500 W
0xC00B8540 W
0xC00B8580 W
0xC00B85C0 W
0xC00B8600 W
0xC00B8640 W
0xC00B8680 W
0xC00B86C0 W
0xC00B8700 W
0xC00B8740 W
0xC00B8780 W
0xC00B87C0 W
0xC00B8800 W
0xC00B8840 W
0xC00B8880 W
0xC00B88C0 W
0xC00B8900 W
0xC00B8940 W
0xC00B8980 W
0xC00B89C0 W
0xC00B8A00 W
0xC00B8A40 W
0xC00B8A80 W
0xC00B8AC0 W
0xC00B8B00 W
0xC00B8B40 W
0xC00B8B80 W
0xC00B8BC0 W
0xC00B8C00 W
0xC00B8C40 W
0xC00B8C80 W
0xC00B8CC0 W
0xC00B8D00 W
0xC00B8D40 W
0xC00B8D80 W
0xC00B8DC0 W
0xC00B8E00 W
0xC00B8E40 W
0xC00B8E80 W
0xC00B8EC0 W
0xC00B8F00 W
0xC00B8F40 W
0xC00B8F80 W
0xC00B8FC0 W
0xC00B9000 W
0xC00B9040 W
0xC00B9080 W
0xC00B90C0 W
0xC00B9100 W
0xC00B9140 W
0xC00B9180 W
0xC00B91C0 W
0xC00B9200 W
0xC00B9240 W
0xC00B9280 W
0xC00B92C0 W
0xC00B9300 W
0xC00B9340 W
0xC00B9380 W
0xC00B93C0 W
0xC00B9400 W
0xC00B9440 W
0xC00B9480 W
0xC00B94C0 W
0xC00B9500 W
0xC00B9540 W
0xC00B9580 W
0xC00B95C0 W
0xC00B9600 W
0xC00B9640 W
0xC00B9680 W
0xC00B96C0 W
0xC00B9700 W
0xC00B9740 W
0xC00B9780 W
0xC00B97C0 W
0xC00B9800 W
0xC00B9840 W
0xC00B9880 W
0xC00B98C0 W
0xC00B9900 W
0xC00B9940 W
0xC00B9980 W
0xC00B99C0 W
0xC00B9A00 W
0xC00B9A40 W
0xC00B9A80 W
0xC00B9AC0 W
0xC00B9B00 W
0xC00B9B40 W
0xC00B9B80 W
0xC00B9BC0 W
0xC00B9C00 W
0xC00B9C40 W
0xC00B9C80 W
0xC00B9CC0 W
0xC00B9D00 W
0xC00B9D40 W
0xC00B9D80 W
0xC00B9DC0 W
0xC00B9E00 W
0xC00B9E40 W
0xC00B9E80 W
0xC00B9EC0 W
0xC00B9F00 W
0xC00B9F40 W
0xC00B9F80 W
0xC00B9FC0 W
0xC00BA000 W
0xC00BA040 W
0xC00BA080 W
0xC00BA0C0 W
0xC00BA100 W
0xC00BA140 W
0xC00BA180 W
0xC00BA1C0 W
0xC00BA200 W
0xC00BA240 W
0xC00BA280 W
0xC00BA2C0 W
0xC00BA300 W
0xC00BA340 W
0xC00BA380 W
0xC00BA3C0 W
0xC00BA400 W
0xC00BA440 W
0xC00BA480 W
0xC00BA4C0 W
0xC00BA500 W
0xC00BA540 W
0xC00BA580 W
0xC00BA5C0 W
0xC00BA600 W
0xC00BA640 W
0xC00BA680 W
0xC00BA6C0 W
0xC00BA700 W
0xC00BA740 W
0xC00BA780 W
0xC00BA7C0 W
0xC00BA800 W
0xC00BA840 W
0xC00BA880 W
0xC00BA8C0 W
0xC00BA900 W
0xC00BA940 W
0xC00BA980 W
0xC00BA9C0 W
0xC00BAA00 W
0xC00BAA40 W
0xC00BAA80 W
0xC00BAAC0 W
0xC00BAB00 W
0xC00BAB40 W
0xC00BAB80 W
0xC00BABC0 W
0xC00BAC00 W
0xC00BAC40 W
0xC00BAC80 W
0xC00BACC0 W
0xC00BAD00 W
0xC00BAD40 W
0xC00BAD80 W
0xC00BADC0 W
0xC00BAE00 W
0xC00BAE40 W
0xC00BAE80 W
0xC00BAEC0 W
0xC00BAF00 W
0xC00BAF40 W
0xC00BAF80 W
0xC00BAFC0 W
0xC00BB000 W
0xC00BB040 W
0xC00BB080 W
0xC00BB0C0 W
0xC00BB100 W
0xC00BB140 W
0xC00BB180 W
0xC00BB1C0 W
0xC00BB200 W
0xC00BB240 W
0xC00BB280 W
0xC00BB2C0 W
0xC00BB300 W
0xC00BB340 W
0xC00BB380 W
0xC00BB3C0 W
0xC00BB400 W
0xC00BB440 W
0xC00BB480 W
0xC00BB4C0 W
0xC00BB500 W
0xC00BB540 W
0xC00BB580 W
0xC00BB5C0 W
0xC00BB600 W
0xC00BB640 W
0xC00BB680 W
0xC00BB6C0 W
0xC00BB700 W
0xC00BB740 W
0xC00BB780 W
0xC00BB7C0 W
0xC00BB800 W
0xC00BB840 W
0xC00BB880 W
0xC00BB8C0 W
0xC00BB900 W
0xC00BB940 W
0xC00BB980 W
0xC00BB9C0 W
0xC00BBA00 W
0xC00BBA40 W
0xC00BBA80 W
0xC00BBAC0 W
0xC00BBB00 W
0xC00BBB40 W
0xC00BBB80 W
0xC00BBBC0 W
0xC00BBC00 W
0xC00BBC40 W
0xC00BBC80 W
0xC00BBCC0 W
0xC00BBD00 W
0xC00BBD40 W
0xC00BBD80 W
0xC00BBDC0 W
0xC00BBE00 W
0xC00BBE40 W
0xC00BBE80 W
0xC00BBEC0 W
0xC00BBF00 W
0xC00BBF40 W
0xC00BBF80 W
0xC00BBFC0 W
0xC00BC000 W
0xC00BC040 W
0xC00BC080 W
0xC00BC0C0 W
0xC00BC100 W
0xC00BC140 W
0xC00BC180 W
0xC00BC1C0 W
0xC00BC200 W
0xC00BC240 W
0xC00BC280 W
0xC00BC2C0 W
0xC00BC300 W
0xC00BC340 W
0xC00BC380 W
0xC00BC3C0 W
0xC00BC400 W
0xC00BC440 W
0xC00BC480 W
0xC00BC4C0 W
0xC00BC500 W
0xC00BC540 W
0xC00BC580 W
0xC00BC5C0 W
0xC00BC600 W
0xC00BC640 W
0xC00BC680 W
0xC00BC6C0 W
0xC00BC700 W
0xC00BC740 W
0xC00BC780 W
0xC00BC7C0 W
0xC00BC800 W
0xC00BC840 W
0xC00BC880 W
0xC00BC8C0 W
0xC00BC900 W
0xC00BC940 W
0xC00BC980 W
0xC00BC9C0 W
0xC00BCA00 W
0xC00BCA40 W
0xC00BCA80 W
0xC00BCAC0 W
0xC00BCB00 W
0xC00BCB40 W
0xC00BCB80 W
0xC00BCBC0 W
0xC00BCC00 W
0xC00BCC40 W
0xC00BCC80 W
0xC00BCCC0 W
0xC00BCD00 W
0xC00BCD40 W
0xC00BCD80 W
0xC00BCDC0 W
0xC00BCE00 W
0xC00BCE40 W
0xC00BCE80 W
0xC00BCEC0 W
0xC00BCF00 W
0xC00BCF40 W
0xC00BCF80 W
0xC00BCFC0 W
0xC00BD000 W
0xC00BD040 W
0xC00BD080 W
0xC00BD0C0 W
0xC00BD100 W
0xC00BD140 W
0xC00BD180 W
0xC00BD1C0 W
0xC00BD200 W
0xC00BD240 W
0xC00BD280 W
0xC00BD2C0 W
0xC00BD300 W
0xC00BD340 W
0xC00BD380 W
0xC00BD3C0 W
0xC00BD400 W
0xC00BD440 W
0xC00BD480 W
0xC00BD4C0 W
0xC00BD500 W
0xC00BD540 W
0xC00BD580 W
0xC00BD5C0 W
0xC00BD600 W
0xC00BD640 W
0xC00BD680 W
0xC00BD6C0 W
0xC00BD700 W
0xC00BD740 W
0xC00BD780 W
0xC00BD7C0 W
0xC00BD800 W
0xC00BD840 W
0xC00BD880 W
0xC00BD8C0 W
0xC00BD900 W
0xC00BD940 W
0xC00BD980 W
0xC00BD9C0 W
0xC00BDA00 W
0xC00BDA40 W
0xC00BDA80 W
0xC00BDAC0 W
0xC00BDB00 W
0xC00BDB40 W
0xC00BDB80 W
0xC00BDBC0 W
0xC00BDC00 W
0xC00BDC40 W
0xC00BDC80 W
0xC00BDCC0 W
0xC00BDD00 W
0xC00BDD40 W
0xC00BDD80 W
0xC00BDDC0 W
0xC00BDE00 W
0xC00BDE40 W
0xC00BDE80 W
0xC00BDEC0 W
0xC00BDF00 W
0xC00BDF40 W
0xC00BDF80 W
0xC00BDFC0 W
0xC00BE000 W
0xC00BE040 W
0xC00BE080 W
0xC00BE0C0 W
0xC00BE100 W
0xC00BE140 W
0xC00BE180 W
0xC00BE1C0 W
0xC00BE200 W
0xC00BE240 W
0xC00BE280 W
0xC00BE2C0 W
0xC00BE300 W
0xC00BE340 W
0xC00BE380 W
0xC00BE3C0 W
0xC00BE400 W
0xC00BE440 W
0xC00BE480 W
0xC00BE4C0 W
0xC00BE500 W
0xC00BE540 W
0xC00BE580 W
0xC00BE5C0 W
0xC00BE600 W
0xC00BE640 W
0xC00BE680 W
0xC00BE6C0 W
0xC00BE700 W
0xC00BE740 W
0xC00BE780 W
0xC00BE7C0 W
0xC00BE800 W
0xC00BE840 W
0xC00BE880 W
0xC00BE8C0 W
0xC00BE900 W
0xC00BE940 W
0xC00BE980 W
0xC00BE9C0 W
0xC00BEA00 W
0xC00BEA40 W
0xC00BEA80 W
0xC00BEAC0 W
0xC00BEB00 W
0xC00BEB40 W
0xC00BEB80 W
0xC00BEBC0 W
0xC00BEC00 W
0xC00BEC40 W
0xC00BEC80 W
0xC00BECC0 W
0xC00BED00 W
0xC00BED40 W
0xC00BED80 W
0xC00BEDC0 W
0xC00BEE00 W
0xC00BEE40 W
0xC00BEE80 W
0xC00BEEC0 W
0xC00BEF00 W
0xC00BEF40 W
0xC00BEF80 W
0xC00BEFC0 W
0xC00BF000 W
0xC00BF040 W
0xC00BF080 W
0xC00BF0C0 W
0xC00BF100 W
0xC00BF140 W
0xC00BF180 W
0xC00BF1C0 W
0xC00BF200 W
0xC00BF240 W
0xC00BF280 W
0xC00BF2C0 W
0xC00BF300 W
0xC00BF340 W
0xC00BF380 W
0xC00BF3C0 W
0xC00BF400 W
0xC00BF440 W
0xC00BF480 W
0xC00BF4C0 W
0xC00BF500 W
0xC00BF540 W
0xC00BF580 W
0xC00BF5C0 W
0xC00BF600 W
0xC00BF640 W
0xC00BF680 W
0xC00BF6C0 W
0xC00BF700 W
0xC00BF740 W
0xC00BF780 W
0xC00BF7C0 W
0xC00BF800 W
0xC00BF840 W
0xC00BF880 W
0xC00BF8C0 W
0xC00BF900 W
0xC00BF940 W
0xC00BF980 W
0xC00BF9C0 W
0xC00BFA00 W
0xC00BFA40 W
0xC00BFA80 W
0xC00BFAC0 W
0xC00BFB00 W
0xC00BFB40 W
0xC00BFB80 W
0xC00BFBC0 W
0xC00BFC00 W
0xC00BFC40 W
0xC00BFC80 W
0xC00BFCC0 W
0xC00BFD00 W
0xC00BFD40 W
0xC00BFD80 W
0xC00BFDC0 W
0xC00BFE00 W
0xC00BFE40 W
0xC00BFE80 W
0xC00BFEC0 W
0xC00BFF00 W
0xC00BFF40 W
0xC00BFF80 W
0xC00BFFC0 W
0xC00B0000 R
0xC00B0040 R
0xC00B0080 R
0xC00B00C0 R
0xC00B0100 R
0xC00B0140 R
0xC00B0180 R
0xC00B01C0 R
0xC00B0200 R
0xC00B0240 R
0xC00B0280 R
0xC00B02C0 R
0xC00B0300 R
0xC00B0340 R
0xC00B0380 R
0xC00B03C0 R
0xC00B0400 R
0xC00B0440 R
0xC00B0480 R
0xC00B04C0 R
0xC00B0500 R
0xC00B0540 R
0xC00B0580 R
0xC00B05C0 R
0xC00B0600 R
0xC00B0640 R
0xC00B0680 R
0xC00B06C0 R
0xC00B0700 R
0xC00B0740 R
0xC00B0780 R
0xC00B07C0 R
0xC00B0800 R
0xC00B0840 R
0xC00B0880 R
0xC00B08C0 R
0xC00B0900 R
0xC00B0940 R
0xC00B0980 R
0xC00B09C0 R
0xC00B0A00 R
0xC00B0A40 R
0xC00B0A80 R
0xC00B0AC0 R
0xC00B0B00 R
0xC00B0B40 R
0xC00B0B80 R
0xC00B0BC0 R
0xC00B0C00 R
0xC00B0C40 R
0xC00B0C80 R
0xC00B0CC0 R
0xC00B0D00 R
0xC00B0D40 R
0xC00B0D80 R
0xC00B0DC0 R
0xC00B0E00 R
0xC00B0E40 R
0xC00B0E80 R
0xC00B0EC0 R
0xC00B0F00 R
0xC00B0F40 R
0xC00B0F80 R
0xC00B0FC0 R
0xC00B1000 R
0xC00B1040 R
0xC00B1080 R
0xC00B10C0 R
0xC00B1100 R
0xC00B1140 R
0xC00B1180 R
0xC00B11C0 R
0xC00B1200 R
0xC00B1240 R
0xC00B1280 R
0xC00B12C0 R
0xC00B1300 R
0xC00B1340 R
0xC00B1380 R
0xC00B13C0 R
0xC00B1400 R
0xC00B1440 R
0xC00B1480 R
0xC00B14C0 R
0xC00B1500 R
0xC00B1540 R
0xC00B1580 R
0xC00B15C0 R
0xC00B1600 R
0xC00B1640 R
0xC00B1680 R
0xC00B16C0 R
0xC00B1700 R
0xC00B1740 R
0xC00B1780 R
0xC00B17C0 R
0xC00B1800 R
0xC00B1840 R
0xC00B1880 R
0xC00B18C0 R
0xC00B1900 R
0xC00B1940 R
0xC00B1980 R
0xC00B19C0 R
0xC00B1A00 R
0xC00B1A40 R
0xC00B1A80 R
0xC00B1AC0 R
0xC00B1B00 R
0xC00B1B40 R
0xC00B1B80 R
0xC00B1BC0 R
0xC00B1C00 R
0xC00B1C40 R
0xC00B1C80 R
0xC00B1CC0 R
0xC00B1D00 R
0xC00B1D40 R
0xC00B1D80 R
0xC00B1DC0 R
0xC00B1E00 R
0xC00B1E40 R
0xC00B1E80 R
0xC00B1EC0 R
0xC00B1F00 R
0xC00B1F40 R
0xC00B1F80 R
0xC00B1FC0 R
0xC00B2000 R
0xC00B2040 R
0xC00B2080 R
0xC00B20C0 R
0xC00B2100 R
0xC00B2140 R
0xC00B2180 R
0xC00B21C0 R
0xC00B2200 R
0xC00B2240 R
0xC00B2280 R
0xC00B22C0 R
0xC00B2300 R
0xC00B2340 R
0xC00B2380 R
0xC00B23C0 R
0xC00B2400 R
0xC00B2440 R
0xC00B2480 R
0xC00B24C0 R
0xC00B2500 R
0xC00B2540 R
0xC00B2580 R
0xC00B25C0 R
0xC00B2600 R
0xC00B2640 R
0xC00B2680 R
0xC00B26C0 R
0xC00B2700 R
0xC00B2740 R
0xC00B2780 R
0xC00B27C0 R
0xC00B2800 R
0xC00B2840 R
0xC00B2880 R
0xC00B28C0 R
0xC00B2900 R
0xC00B2940 R
0xC00B2980 R
0xC00B29C0 R
0xC00B2A00 R
0xC00B2A40 R
0xC00B2A80 R
0xC00B2AC0 R
0xC00B2B00 R
0xC00B2B40 R
0xC00B2B80 R
0xC00B2BC0 R
0xC00B2C00 R
0xC00B2C40 R
0xC00B2C80 R
0xC00B2CC0 R
0xC00B2D00 R
0xC00B2D40 R
0xC00B2D80 R
0xC00B2DC0 R
0xC00B2E00 R
0xC00B2E40 R
0xC00B2E80 R
0xC00B2EC0 R
0xC00B2F00 R
0xC00B2F40 R
0xC00B2F80 R
0xC00B2FC0 R
0xC00B3000 R
0xC00B3040 R
0xC00B3080 R
0xC00B30C0 R
0xC00B3100 R
0xC00B3140 R
0xC00B3180 R
0xC00B31C0 R
0xC00B3200 R
0xC00B3240 R
0xC00B3280 R
0xC00B32C0 R
0xC00B3300 R
0xC00B3340 R
0xC00B3380 R
0xC00B33C0 R
0xC00B3400 R
0xC00B3440 R
0xC00B3480 R
0xC00B34C0 R
0xC00B3500 R
0xC00B3540 R
0xC00B3580 R
0xC00B35C0 R
0xC00B3600 R
0xC00B3640 R
0xC00B3680 R
0xC00B36C0 R
0xC00B3700 R
0xC00B3740 R
0xC00B3780 R
0xC00B37C0 R
0xC00B3800 R
0xC00B3840 R
0xC00B3880 R
0xC00B38C0 R
0xC00B3900 R
0xC00B3940 R
0xC00B3980 R
0xC00B39C0 R
0xC00B3A00 R
0xC00B3A40 R
0xC00B3A80 R
0xC00B3AC0 R
0xC00B3B00 R
0xC00B3B40 R
0xC00B3B80 R
0xC00B3BC0 R
0xC00B3C00 R
0xC00B3C40 R
0xC00B3C80 R
0xC00B3CC0 R
0xC00B3D00 R
0xC00B3D40 R
0xC00B3D80 R
0xC00B3DC0 R
0xC00B3E00 R
0xC00B3E40 R
0xC00B3E80 R
0xC00B3EC0 R
0xC00B3F00 R
0xC00B3F40 R
0xC00B3F80 R
0xC00B3FC0 R
0xC00B4000 R
0xC00B4040 R
0xC00B4080 R
0xC00B40C0 R
0xC00B4100 R
0xC00B4140 R
0xC00B4180 R
0xC00B41C0 R
0xC00B4200 R
0xC00B4240 R
0xC00B4280 R
0xC00B42C0 R
0xC00B4300 R
0xC00B4340 R
0xC00B4380 R
0xC00B43C0 R
0xC00B4400 R
0xC00B4440 R
0xC00B4480 R
0xC00B44C0 R
0xC00B4500 R
0xC00B4540 R
0xC00B4580 R
0xC00B45C0 R
0xC00B4600 R
0xC00B4640 R
0xC00B4680 R
0xC00B46C0 R
0xC00B4700 R
0xC00B4740 R
0xC00B4780 R
0xC00B47C0 R
0xC00B4800 R
0xC00B4840 R
0xC00B4880 R
0xC00B48C0 R
0xC00B4900 R
0xC00B4940 R
0xC00B4980 R
0xC00B49C0 R
0xC00B4A00 R
0xC00B4A40 R
0xC00B4A80 R
0xC00B4AC0 R
0xC00B4B00 R
0xC00B4B40 R
0xC00B4B80 R
0xC00B4BC0 R
0xC00B4C00 R
0xC00B4C40 R
0xC00B4C80 R
0xC00B4CC0 R
0xC00B4D00 R
0xC00B4D40 R
0xC00B4D80 R
0xC00B4DC0 R
0xC00B4E00 R
0xC00B4E40 R
0xC00B4E80 R
0xC00B4EC0 R
0xC00B4F00 R
0xC00B4F40 R
0xC00B4F80 R
0xC00B4FC0 R
0xC00B5000 R
0xC00B5040 R
0xC00B5080 R
0xC00B50C0 R
0xC00B5100 R
0xC00B5140 R
0xC00B5180 R
0xC00B51C0 R
0xC00B5200 R
0xC00B5240 R
0xC00B5280 R
0xC00B52C0 R
0xC00B5300 R
0xC00B5340 R
0xC00B5380 R
0xC00B53C0 R
0xC00B5400 R
0xC00B5440 R
0xC00B5480 R
0xC00B54C0 R
0xC00B5500 R
0xC00B5540 R
0xC00B5580 R
0xC00B55C0 R
0xC00B5600 R
0xC00B5640 R
0xC00B5680 R
0xC00B56C0 R
0xC00B5700 R
0xC00B5740 R
0xC00B5780 R
0xC00B57C0 R
0xC00B5800 R
0xC00B5840 R
0xC00B5880 R
0xC00B58C0 R
0xC00B5900 R
0xC00B5940 R
0xC00B5980 R
0xC00B59C0 R
0xC00B5A00 R
0xC00B5A40 R
0xC00B5A80 R
0xC00B5AC0 R
0xC00B5B00 R
0xC00B5B40 R
0xC00B5B80 R
0xC00B5BC0 R
0xC00B5C00 R
0xC00B5C40 R
0xC00B5C80 R
0xC00B5CC0 R
0xC00B5D00 R
0xC00B5D40 R
0xC00B5D80 R
0xC00B5DC0 R
0xC00B5E00 R
0xC00B5E40 R
0xC00B5E80 R
0xC00B5EC0 R
0xC00B5F00 R
0xC00B5F40 R
0xC00B5F80 R
0xC00B5FC0 R
0xC00B6000 R
0xC00B6040 R
0xC00B6080 R
0xC00B60C0 R
0xC00B6100 R
0xC00B6140 R
0xC00B6180 R
0xC00B61C0 R
0xC00B6200 R
0xC00B6240 R
0xC00B6280 R
0xC00B62C0 R
0xC00B6300 R
0xC00B6340 R
0xC00B6380 R
0xC00B63C0 R
0xC00B6400 R
0xC00B6440 R
0xC00B6480 R
0xC00B64C0 R
0xC00B6500 R
0xC00B6540 R
0xC00B6580 R
0xC00B65C0 R
0xC00B6600 R
0xC00B6640 R
0xC00B6680 R
0xC00B66C0 R
0xC00B6700 R
0xC00B6740 R
0xC00B6780 R
0xC00B67C0 R
0xC00B6800 R
0xC00B6840 R
0xC00B6880 R
0xC00B68C0 R
0xC00B6900 R
0xC00B6940 R
0xC00B6980 R
0xC00B69C0 R
0xC00B6A00 R
0xC00B6A40 R
0xC00B6A80 R
0xC00B6AC0 R
0xC00B6B00 R
0xC00B6B40 R
0xC00B6B80 R
0xC00B6BC0 R
0xC00B6C00 R
0xC00B6C40 R
0xC00B6C80 R
0xC00B6CC0 R
0xC00B6D00 R
0xC00B6D40 R
0xC00B6D80 R
0xC00B6DC0 R
0xC00B6E00 R
0xC00B6E40 R
0xC00B6E80 R
0xC00B6EC0 R
0xC00B6F00 R
0xC00B6F40 R
0xC00B6F80 R
0xC00B6FC0 R
0xC00B7000 R
0xC00B7040 R
0xC00B7080 R
0xC00B70C0 R
0xC00B7100 R
0xC00B7140 R
0xC00B7180 R
0xC00B71C0 R
0xC00B7200 R
0xC00B7240 R
0xC00B7280 R
0xC00B72C0 R
0xC00B7300 R
0xC00B7340 R
0xC00B7380 R
0xC00B73C0 R
0xC00B7400 R
0xC00B7440 R
0xC00B7480 R
0xC00B74C0 R
0xC00B7500 R
0xC00B7540 R
0xC00B7580 R
0xC00B75C0 R
0xC00B7600 R
0xC00B7640 R
0xC00B7680 R
0xC00B76C0 R
0xC00B7700 R
0xC00B7740 R
0xC00B7780 R
0xC00B77C0 R
0xC00B7800 R
0xC00B7840 R
0xC00B7880 R
0xC00B78C0 R
0xC00B7900 R
0xC00B7940 R
0xC00B7980 R
0xC00B79C0 R
0xC00B7A00 R
0xC00B7A40 R
0xC00B7A80 R
0xC00B7AC0 R
0xC00B7B00 R
0xC00B7B40 R
0xC00B7B80 R
0xC00B7BC0 R
0xC00B7C00 R
0xC00B7C40 R
0xC00B7C80 R
0xC00B7CC0 R
0xC00B7D00 R
0xC00B7D40 R
0xC00B7D80 R
0xC00B7DC0 R
0xC00B7E00 R
0xC00B7E40 R
0xC00B7E80 R
0xC00B7EC0 R
0xC00B7F00 R
0xC00B7F40 R
0xC00B7F80 R
0xC00B7FC0 R
0xC00B8000 R
0xC00B8040 R
0xC00B8080 R
0xC00B80C0 R
0xC00B8100 R
0xC00B8140 R
0xC00B8180 R
0xC00B81C0 R
0xC00B8200 R
0xC00B8240 R
0xC00B8280 R
0xC00B82C0 R
0xC00B8300 R
0xC00B8340 R
0xC00B8380 R
0xC00B83C0 R
0xC00B8400 R
0xC00B8440 R
0xC00B8480 R
0xC00B84C0 R
0xC00B8500 R
0xC00B8540 R
0xC00B8580 R
0xC00B85C0 R
0xC00B8600 R
0xC00B8640 R
0xC00B8680 R
0xC00B86C0 R
0xC00B8700 R
0xC00B8740 R
0xC00B8780 R
0xC00B87C0 R
0xC00B8800 R
0xC00B8840 R
0xC00B8880 R
0xC00B88C0 R
0xC00B8900 R
0xC00B8940 R
0xC00B8980 R
0xC00B89C0 R
0xC00B8A00 R
0xC00B8A40 R
0xC00B8A80 R
0xC00B8AC0 R
0xC00B8B00 R
0xC00B8B40 R
0xC00B8B80 R
0xC00B8BC0 R
0xC00B8C00 R
0xC00B8C40 R
0xC00B8C80 R
0xC00B8CC0 R
0xC00B8D00 R
0xC00B8D40 R
0xC00B8D80 R
0xC00B8DC0 R
0xC00B8E00 R
0xC00B8E40 R
0xC00B8E80 R
0xC00B8EC0 R
0xC00B8F00 R
0xC00B8F40 R
0xC00B8F80 R
0xC00B8FC0 R
0xC00B9000 R
0xC00B9040 R
0xC00B9080 R
0xC00B90C0 R
0xC00B9100 R
0xC00B9140 R
0xC00B9180 R
0xC00B91C0 R
0xC00B9200 R
0xC00B9240 R
0xC00B9280 R
0xC00B92C0 R
0xC00B9300 R
0xC00B9340 R
0xC00B9380 R
0xC00B93C0 R
0xC00B9400 R
0xC00B9440 R
0xC00B9480 R
0xC00B94C0 R
0xC00B9500 R
0xC00B9540 R
0xC00B9580 R
0xC00B95C0 R
0xC00B9600 R
0xC00B9640 R
0xC00B9680 R
0xC00B96C0 R
0xC00B9700 R
0xC00B9740 R
0xC00B9780 R
0xC00B97C0 R
0xC00B9800 R
0xC00B9840 R
0xC00B9880 R
0xC00B98C0 R
0xC00B9900 R
0xC00B9940 R
0xC00B9980 R
0xC00B99C0 R
0xC00B9A00 R
0xC00B9A40 R
0xC00B9A80 R
0xC00B9AC0 R
0xC00B9B00 R
0xC00B9B40 R
0xC00B9B80 R
0xC00B9BC0 R
0xC00B9C00 R
0xC00B9C40 R
0xC00B9C80 R
0xC00B9CC0 R
0xC00B9D00 R
0xC00B9D40 R
0xC00B9D80 R
0xC00B9DC0 R
0xC00B9E00 R
0xC00B9E40 R
0xC00B9E80 R
0xC00B9EC0 R
0xC00B9F00 R
0xC00B9F40 R
0xC00B9F80 R
0xC00B9FC0 R
0xC00BA000 R
0xC00BA040 R
0xC00BA080 R
0xC00BA0C0 R
0xC00BA100 R
0xC00BA140 R
0xC00BA180 R
0xC00BA1C0 R
0xC00BA200 R
0xC00BA240 R
0xC00BA280 R
0xC00BA2C0 R
0xC00BA300 R
0xC00BA340 R
0xC00BA380 R
0xC00BA3C0 R
0xC00BA400 R
0xC00BA440 R
0xC00BA480 R
0xC00BA4C0 R
0xC00BA500 R
0xC00BA540 R
0xC00BA580 R
0xC00BA5C0 R
0xC00BA600 R
0xC00BA640 R
0xC00BA680 R
0xC00BA6C0 R
0xC00BA700 R
0xC00BA740 R
0xC00BA780 R
0xC00BA7C0 R
0xC00BA800 R
0xC00BA840 R
0xC00BA880 R
0xC00BA8C0 R
0xC00BA900 R
0xC00BA940 R
0xC00BA980 R
0xC00BA9C0 R
0xC00BAA00 R
0xC00BAA40 R
0xC00BAA80 R
0xC00BAAC0 R
0xC00BAB00 R
0xC00BAB40 R
0xC00BAB80 R
0xC00BABC0 R
0xC00BAC00 R
0xC00BAC40 R
0xC00BAC80 R
0xC00BACC0 R
0xC00BAD00 R
0xC00BAD40 R
0xC00BAD80 R
0xC00BADC0 R
0xC00BAE00 R
0xC00BAE40 R
0xC00BAE80 R
0xC00BAEC0 R
0xC00BAF00 R
0xC00BAF40 R
0xC00BAF80 R
0xC00BAFC0 R
0xC00BB000 R
0xC00BB040 R
0xC00BB080 R
0xC00BB0C0 R
0xC00BB100 R
0xC00BB140 R
0xC00BB180 R
0xC00BB1C0 R
0xC00BB200 R
0xC00BB240 R
0xC00BB280 R
0xC00BB2C0 R
0xC00BB300 R
0xC00BB340 R
0xC00BB380 R
0xC00BB3C0 R
0xC00BB400 R
0xC00BB440 R
0xC00BB480 R
0xC00BB4C0 R
0xC00BB500 R
0xC00BB540 R
0xC00BB580 R
0xC00BB5C0 R
0xC00BB600 R
0xC00BB640 R
0xC00BB680 R
0xC00BB6C0 R
0xC00BB700 R
0xC00BB740 R
0xC00BB780 R
0xC00BB7C0 R
0xC00BB800 R
0xC00BB840 R
0xC00BB880 R
0xC00BB8C0 R
0xC00BB900 R
0xC00BB940 R
0xC00BB980 R
0xC00BB9C0 R
0xC00BBA00 R
0xC00BBA40 R
0xC00BBA80 R
0xC00BBAC0 R
0xC00BBB00 R
0xC00BBB40 R
0xC00BBB80 R
0xC00BBBC0 R
0xC00BBC00 R
0xC00BBC40 R
0xC00BBC80 R
0xC00BBCC0 R
0xC00BBD00 R
0xC00BBD40 R
0xC00BBD80 R
0xC00BBDC0 R
0xC00BBE00 R
0xC00BBE40 R
0xC00BBE80 R
0xC00BBEC0 R
0xC00BBF00 R
0xC00BBF40 R
0xC00BBF80 R
0xC00BBFC0 R
0xC00BC000 R
0xC00BC040 R
0xC00BC080 R
0xC00BC0C0 R
0xC00BC100 R
0xC00BC140 R
0xC00BC180 R
0xC00BC1C0 R
0xC00BC200 R
0xC00BC240 R
0xC00BC280 R
0xC00BC2C0 R
0xC00BC300 R
0xC00BC340 R
0xC00BC380 R
0xC00BC3C0 R
0xC00BC400 R
0xC00BC440 R
0xC00BC480 R
0xC00BC4C0 R
0xC00BC500 R
0xC00BC540 R
0xC00BC580 R
0xC00BC5C0 R
0xC00BC600 R
0xC00BC640 R
0xC00BC680 R
0xC00BC6C0 R
0xC00BC700 R
0xC00BC740 R
0xC00BC780 R
0xC00BC7C0 R
0xC00BC800 R
0xC00BC840 R
0xC00BC880 R
0xC00BC8C0 R
0xC00BC900 R
0xC00BC940 R
0xC00BC980 R
0xC00BC9C0 R
0xC00BCA00 R
0xC00BCA40 R
0xC00BCA80 R
0xC00BCAC0 R
0xC00BCB00 R
0xC00BCB40 R
0xC00BCB80 R
0xC00BCBC0 R
0xC00BCC00 R
0xC00BCC40 R
0xC00BCC80 R
0xC00BCCC0 R
0xC00BCD00 R
0xC00BCD40 R
0xC00BCD80 R
0xC00BCDC0 R
0xC00BCE00 R
0xC00BCE40 R
0xC00BCE80 R
0xC00BCEC0 R
0xC00BCF00 R
0xC00BCF40 R
0xC00BCF80 R
0xC00BCFC0 R
0xC00BD000 R
0xC00BD040 R
0xC00BD080 R
0xC00BD0C0 R
0xC00BD100 R
0xC00BD140 R
0xC00BD180 R
0xC00BD1C0 R
0xC00BD200 R
0xC00BD240 R
0xC00BD280 R
0xC00BD2C0 R
0xC00BD300 R
0xC00BD340 R
0xC00BD380 R
0xC00BD3C0 R
0xC00BD400 R
0xC00BD440 R
0xC00BD480 R
0xC00BD4C0 R
0xC00BD500 R
0xC00BD540 R
0xC00BD580 R
0xC00BD5C0 R
0xC00BD600 R
0xC00BD640 R
0xC00BD680 R
0xC00BD6C0 R
0xC00BD700 R
0xC00BD740 R
0xC00BD780 R
0xC00BD7C0 R
0xC00BD800 R
0xC00BD840 R
0xC00BD880 R
0xC00BD8C0 R
0xC00BD900 R
0xC00BD940 R
0xC00BD980 R
0xC00BD9C0 R
0xC00BDA00 R
0xC00BDA40 R
0xC00BDA80 R
0xC00BDAC0 R
0xC00BDB00 R
0xC00BDB40 R
0xC00BDB80 R
0xC00BDBC0 R
0xC00BDC00 R
0xC00BDC40 R
0xC00BDC80 R
0xC00BDCC0 R
0xC00BDD00 R
0xC00BDD40 R
0xC00BDD80 R
0xC00BDDC0 R
0xC00BDE00 R
0xC00BDE40 R
0xC00BDE80 R
0xC00BDEC0 R
0xC00BDF00 R
0xC00BDF40 R
0xC00BDF80 R
0xC00BDFC0 R
0xC00BE000 R
0xC00BE040 R
0xC00BE080 R
0xC00BE0C0 R
0xC00BE100 R
0xC00BE140 R
0xC00BE180 R
0xC00BE1C0 R
0xC00BE200 R
0xC00BE240 R
0xC00BE280 R
0xC00BE2C0 R
0xC00BE300 R
0xC00BE340 R
0xC00BE380 R
0xC00BE3C0 R
0xC00BE400 R
0xC00BE440 R
0xC00BE480 R
0xC00BE4C0 R
0xC00BE500 R
0xC00BE540 R
0xC00BE580 R
0xC00BE5C0 R
0xC00BE600 R
0xC00BE640 R
0xC00BE680 R
0xC00BE6C0 R
0xC00BE700 R
0xC00BE740 R
0xC00BE780 R
0xC00BE7C0 R
0xC00BE800 R
0xC00BE840 R
0xC00BE880 R
0xC00BE8C0 R
0xC00BE900 R
0xC00BE940 R
0xC00BE980 R
0xC00BE9C0 R
0xC00BEA00 R
0xC00BEA40 R
0xC00BEA80 R
0xC00BEAC0 R
0xC00BEB00 R
0xC00BEB40 R
0xC00BEB80 R
0xC00BEBC0 R
0xC00BEC00 R
0xC00BEC40 R
0xC00BEC80 R
0xC00BECC0 R
0xC00BED00 R
0xC00BED40 R
0xC00BED80 R
0xC00BEDC0 R
0xC00BEE00 R
0xC00BEE40 R
0xC00BEE80 R
0xC00BEEC0 R
0xC00BEF00 R
0xC00BEF40 R
0xC00BEF80 R
0xC00BEFC0 R
0xC00BF000 R
0xC00BF040 R
0xC00BF080 R
0xC00BF0C0 R
0xC00BF100 R
0xC00BF140 R
0xC00BF180 R
0xC00BF1C0 R
0xC00BF200 R
0xC00BF240 R
0xC00BF280 R
0xC00BF2C0 R
0xC00BF300 R
0xC00BF340 R
0xC00BF380 R
0xC00BF3C0 R
0xC00BF400 R
0xC00BF440 R
0xC00BF480 R
0xC00BF4C0 R
0xC00BF500 R
0xC00BF540 R
0xC00BF580 R
0xC00BF5C0 R
0xC00BF600 R
0xC00BF640 R
0xC00BF680 R
0xC00BF6C0 R
0xC00BF700 R
0xC00BF740 R
0xC00BF780 R
0xC00BF7C0 R
0xC00BF800 R
0xC00BF840 R
0xC00BF880 R
0xC00BF8C0 R
0xC00BF900 R
0xC00BF940 R
0xC00BF980 R
0xC00BF9C0 R
0xC00BFA00 R
0xC00BFA40 R
0xC00BFA80 R
0xC00BFAC0 R
0xC00BFB00 R
0xC00BFB40 R
0xC00BFB80 R
0xC00BFBC0 R
0xC00BFC00 R
0xC00BFC40 R
0xC00BFC80 R
0xC00BFCC0 R
0xC00BFD00 R
0xC00BFD40 R
0xC00BFD80 R
0xC00BFDC0 R
0xC00BFE00 R
0xC00BFE40 R
0xC00BFE80 R
0xC00BFEC0 R
0xC00BFF00 R
0xC00BFF40 R
0xC00BFF80 R
0xC00BFFC0 R
0xA00C0000 R
0xA00C0040 R
0xA00C0080 R
0xA00C00C0 R
0xA00C0100 R
0xA00C0140 R
0xA00C0180 R
0xA00C01C0 R
0xA00C0200 R
0xA00C0240 R
0xA00C0280 R
0xA00C02C0 R
0xA00C0300 R
0xA00C0340 R
0xA00C0380 R
0xA00C03C0 R
0xA00C0400 R
0xA00C0440 R
0xA00C0480 R
0xA00C04C0 R
0xA00C0500 R
0xA00C0540 R
0xA00C0580 R
0xA00C05C0 R
0xA00C0600 R
0xA00C0640 R
0xA00C0680 R
0xA00C06C0 R
0xA00C0700 R
0xA00C0740 R
0xA00C0780 R
0xA00C07C0 R
0xA00C0800 R
0xA00C0840 R
0xA00C0880 R
0xA00C08C0 R
0xA00C0900 R
0xA00C0940 R
0xA00C0980 R
0xA00C09C0 R
0xA00C0A00 R
0xA00C0A40 R
0xA00C0A80 R
0xA00C0AC0 R
0xA00C0B00 R
0xA00C0B40 R
0xA00C0B80 R
0xA00C0BC0 R
0xA00C0C00 R
0xA00C0C40 R
0xA00C0C80 R
0xA00C0CC0 R
0xA00C0D00 R
0xA00C0D40 R
0xA00C0D80 R
0xA00C0DC0 R
0xA00C0E00 R
0xA00C0E40 R
0xA00C0E80 R
0xA00C0EC0 R
0xA00C0F00 R
0xA00C0F40 R
0xA00C0F80 R
0xA00C0FC0 R
0xA00C1000 R
0xA00C1040 R
0xA00C1080 R
0xA00C10C0 R
0xA00C1100 R
0xA00C1140 R
0xA00C1180 R
0xA00C11C0 R
0xA00C1200 R
0xA00C1240 R
0xA00C1280 R
0xA00C12C0 R
0xA00C1300 R
0xA00C1340 R
0xA00C1380 R
0xA00C13C0 R
0xA00C1400 R
0xA00C1440 R
0xA00C1480 R
0xA00C14C0 R
0xA00C1500 R
0xA00C1540 R
0xA00C1580 R
0xA00C15C0 R
0xA00C1600 R
0xA00C1640 R
0xA00C1680 R
0xA00C16C0 R
0xA00C1700 R
0xA00C1740 R
0xA00C1780 R
0xA00C17C0 R
0xA00C1800 R
0xA00C1840 R
0xA00C1880 R
0xA00C18C0 R
0xA00C1900 R
0xA00C1940 R
0xA00C1980 R
0xA00C19C0 R
0xA00C1A00 R
0xA00C1A40 R
0xA00C1A80 R
0xA00C1AC0 R
0xA00C1B00 R
0xA00C1B40 R
0xA00C1B80 R
0xA00C1BC0 R
0xA00C1C00 R
0xA00C1C40 R
0xA00C1C80 R
0xA00C1CC0 R
0xA00C1D00 R
0xA00C1D40 R
0xA00C1D80 R
0xA00C1DC0 R
0xA00C1E00 R
0xA00C1E40 R
0xA00C1E80 R
0xA00C1EC0 R
0xA00C1F00 R
0xA00C1F40 R
0xA00C1F80 R
0xA00C1FC0 R
0xA00C2000 R
0xA00C2040 R
0xA00C2080 R
0xA00C20C0 R
0xA00C2100 R
0xA00C2140 R
0xA00C2180 R
0xA00C21C0 R
0xA00C2200 R
0xA00C2240 R
0xA00C2280 R
0xA00C22C0 R
0xA00C2300 R
0xA00C2340 R
0xA00C2380 R
0xA00C23C0 R
0xA00C2400 R
0xA00C2440 R
0xA00C2480 R
0xA00C24C0 R
0xA00C2500 R
0xA00C2540 R
0xA00C2580 R
0xA00C25C0 R
0xA00C2600 R
0xA00C2640 R
0xA00C2680 R
0xA00C26C0 R
0xA00C2700 R
0xA00C2740 R
0xA00C2780 R
0xA00C27C0 R
0xA00C2800 R
0xA00C2840 R
0xA00C2880 R
0xA00C28C0 R
0xA00C2900 R
0xA00C2940 R
0xA00C2980 R
0xA00C29C0 R
0xA00C2A00 R
0xA00C2A40 R
0xA00C2A80 R
0xA00C2AC0 R
0xA00C2B00 R
0xA00C2B40 R
0xA00C2B80 R
0xA00C2BC0 R
0xA00C2C00 R
0xA00C2C40 R
0xA00C2C80 R
0xA00C2CC0 R
0xA00C2D00 R
0xA00C2D40 R
0xA00C2D80 R
0xA00C2DC0 R
0xA00C2E00 R
0xA00C2E40 R
0xA00C2E80 R
0xA00C2EC0 R
0xA00C2F00 R
0xA00C2F40 R
0xA00C2F80 R
0xA00C2FC0 R
0xA00C3000 R
0xA00C3040 R
0xA00C3080 R
0xA00C30C0 R
0xA00C3100 R
0xA00C3140 R
0xA00C3180 R
0xA00C31C0 R
0xA00C3200 R
0xA00C3240 R
0xA00C3280 R
0xA00C32C0 R
0xA00C3300 R
0xA00C3340 R
0xA00C3380 R
0xA00C33C0 R
0xA00C3400 R
0xA00C3440 R
0xA00C3480 R
0xA00C34C0 R
0xA00C3500 R
0xA00C3540 R
0xA00C3580 R
0xA00C35C0 R
0xA00C3600 R
0xA00C3640 R
0xA00C3680 R
0xA00C36C0 R
0xA00C3700 R
0xA00C3740 R
0xA00C3780 R
0xA00C37C0 R
0xA00C3800 R
0xA00C3840 R
0xA00C3880 R
0xA00C38C0 R
0xA00C3900 R
0xA00C3940 R
0xA00C3980 R
0xA00C39C0 R
0xA00C3A00 R
0xA00C3A40 R
0xA00C3A80 R
0xA00C3AC0 R
0xA00C3B00 R
0xA00C3B40 R
0xA00C3B80 R
0xA00C3BC0 R
0xA00C3C00 R
0xA00C3C40 R
0xA00C3C80 R
0xA00C3CC0 R
0xA00C3D00 R
0xA00C3D40 R
0xA00C3D80 R
0xA00C3DC0 R
0xA00C3E00 R
0xA00C3E40 R
0xA00C3E80 R
0xA00C3EC0 R
0xA00C3F00 R
0xA00C3F40 R
0xA00C3F80 R
0xA00C3FC0 R
0xA00C4000 R
0xA00C4040 R
0xA00C4080 R
0xA00C40C0 R
0xA00C4100 R
0xA00C4140 R
0xA00C4180 R
0xA00C41C0 R
0xA00C4200 R
0xA00C4240 R
0xA00C4280 R
0xA00C42C0 R
0xA00C4300 R
0xA00C4340 R
0xA00C4380 R
0xA00C43C0 R
0xA00C4400 R
0xA00C4440 R
0xA00C4480 R
0xA00C44C0 R
0xA00C4500 R
0xA00C4540 R
0xA00C4580 R
0xA00C45C0 R
0xA00C4600 R
0xA00C4640 R
0xA00C4680 R
0xA00C46C0 R
0xA00C4700 R
0xA00C4740 R
0xA00C4780 R
0xA00C47C0 R
0xA00C4800 R
0xA00C4840 R
0xA00C4880 R
0xA00C48C0 R
0xA00C4900 R
0xA00C4940 R
0xA00C4980 R
0xA00C49C0 R
0xA00C4A00 R
0xA00C4A40 R
0xA00C4A80 R
0xA00C4AC0 R
0xA00C4B00 R
0xA00C4B40 R
0xA00C4B80 R
0xA00C4BC0 R
0xA00C4C00 R
0xA00C4C40 R
0xA00C4C80 R
0xA00C4CC0 R
0xA00C4D00 R
0xA00C4D40 R
0xA00C4D80 R
0xA00C4DC0 R
0xA00C4E00 R
0xA00C4E40 R
0xA00C4E80 R
0xA00C4EC0 R
0xA00C4F00 R
0xA00C4F40 R
0xA00C4F80 R
0xA00C4FC0 R
0xA00C5000 R
0xA00C5040 R
0xA00C5080 R
0xA00C50C0 R
0xA00C5100 R
0xA00C5140 R
0xA00C5180 R
0xA00C51C0 R
0xA00C5200 R
0xA00C5240 R
0xA00C5280 R
0xA00C52C0 R
0xA00C5300 R
0xA00C5340 R
0xA00C5380 R
0xA00C53C0 R
0xA00C5400 R
0xA00C5440 R
0xA00C5480 R
0xA00C54C0 R
0xA00C5500 R
0xA00C5540 R
0xA00C5580 R
0xA00C55C0 R
0xA00C5600 R
0xA00C5640 R
0xA00C5680 R
0xA00C56C0 R
0xA00C5700 R
0xA00C5740 R
0xA00C5780 R
0xA00C57C0 R
0xA00C5800 R
0xA00C5840 R
0xA00C5880 R
0xA00C58C0 R
0xA00C5900 R
0xA00C5940 R
0xA00C5980 R
0xA00C59C0 R
0xA00C5A00 R
0xA00C5A40 R
0xA00C5A80 R
0xA00C5AC0 R
0xA00C5B00 R
0xA00C5B40 R
0xA00C5B80 R
0xA00C5BC0 R
0xA00C5C00 R
0xA00C5C40 R
0xA00C5C80 R
0xA00C5CC0 R
0xA00C5D00 R
0xA00C5D40 R
0xA00C5D80 R
0xA00C5DC0 R
0xA00C5E00 R
0xA00C5E40 R
0xA00C5E80 R
0xA00C5EC0 R
0xA00C5F00 R
0xA00C5F40 R
0xA00C5F80 R
0xA00C5FC0 R
0xA00C6000 R
0xA00C6040 R
0xA00C6080 R
0xA00C60C0 R
0xA00C6100 R
0xA00C6140 R
0xA00C6180 R
0xA00C61C0 R
0xA00C6200 R
0xA00C6240 R
0xA00C6280 R
0xA00C62C0 R
0xA00C6300 R
0xA00C6340 R
0xA00C6380 R
0xA00C63C0 R
0xA00C6400 R
0xA00C6440 R
0xA00C6480 R
0xA00C64C0 R
0xA00C6500 R
0xA00C6540 R
0xA00C6580 R
0xA00C65C0 R
0xA00C6600 R
0xA00C6640 R
0xA00C6680 R
0xA00C66C0 R
0xA00C6700 R
0xA00C6740 R
0xA00C6780 R
0xA00C67C0 R
0xA00C6800 R
0xA00C6840 R
0xA00C6880 R
0xA00C68C0 R
0xA00C6900 R
0xA00C6940 R
0xA00C6980 R
0xA00C69C0 R
0xA00C6A00 R
0xA00C6A40 R
0xA00C6A80 R
0xA00C6AC0 R
0xA00C6B00 R
0xA00C6B40 R
0xA00C6B80 R
0xA00C6BC0 R
0xA00C6C00 R
0xA00C6C40 R
0xA00C6C80 R
0xA00C6CC0 R
0xA00C6D00 R
0xA00C6D40 R
0xA00C6D80 R
0xA00C6DC0 R
0xA00C6E00 R
0xA00C6E40 R
0xA00C6E80 R
0xA00C6EC0 R
0xA00C6F00 R
0xA00C6F40 R
0xA00C6F80 R
0xA00C6FC0 R
0xA00C7000 R
0xA00C7040 R
0xA00C7080 R
0xA00C70C0 R
0xA00C7100 R
0xA00C7140 R
0xA00C7180 R
0xA00C71C0 R
0xA00C7200 R
0xA00C7240 R
0xA00C7280 R
0xA00C72C0 R
0xA00C7300 R
0xA00C7340 R
0xA00C7380 R
0xA00C73C0 R
0xA00C7400 R
0xA00C7440 R
0xA00C7480 R
0xA00C74C0 R
0xA00C7500 R
0xA00C7540 R
0xA00C7580 R
0xA00C75C0 R
0xA00C7600 R
0xA00C7640 R
0xA00C7680 R
0xA00C76C0 R
0xA00C7700 R
0xA00C7740 R
0xA00C7780 R
0xA00C77C0 R
0xA00C7800 R
0xA00C7840 R
0xA00C7880 R
0xA00C78C0 R
0xA00C7900 R
0xA00C7940 R
0xA00C7980 R
0xA00C79C0 R
0xA00C7A00 R
0xA00C7A40 R
0xA00C7A80 R
0xA00C7AC0 R
0xA00C7B00 R
0xA00C7B40 R
0xA00C7B80 R
0xA00C7BC0 R
0xA00C7C00 R
0xA00C7C40 R
0xA00C7C80 R
0xA00C7CC0 R
0xA00C7D00 R
0xA00C7D40 R
0xA00C7D80 R
0xA00C7DC0 R
0xA00C7E00 R
0xA00C7E40 R
0xA00C7E80 R
0xA00C7EC0 R
0xA00C7F00 R
0xA00C7F40 R
0xA00C7F80 R
0xA00C7FC0 R
0xA00C8000 R
0xA00C8040 R
0xA00C8080 R
0xA00C80C0 R
0xA00C8100 R
0xA00C8140 R
0xA00C8180 R
0xA00C81C0 R
0xA00C8200 R
0xA00C8240 R
0xA00C8280 R
0xA00C82C0 R
0xA00C8300 R
0xA00C8340 R
0xA00C8380 R
0xA00C83C0 R
0xA00C8400 R
0xA00C8440 R
0xA00C8480 R
0xA00C84C0 R
0xA00C8500 R
0xA00C8540 R
0xA00C8580 R
0xA00C85C0 R
0xA00C8600 R
0xA00C8640 R
0xA00C8680 R
0xA00C86C0 R
0xA00C8700 R
0xA00C8740 R
0xA00C8780 R
0xA00C87C0 R
0xA00C8800 R
0xA00C8840 R
0xA00C8880 R
0xA00C88C0 R
0xA00C8900 R
0xA00C8940 R
0xA00C8980 R
0xA00C89C0 R
0xA00C8A00 R
0xA00C8A40 R
0xA00C8A80 R
0xA00C8AC0 R
0xA00C8B00 R
0xA00C8B40 R
0xA00C8B80 R
0xA00C8BC0 R
0xA00C8C00 R
0xA00C8C40 R
0xA00C8C80 R
0xA00C8CC0 R
0xA00C8D00 R
0xA00C8D40 R
0xA00C8D80 R
0xA00C8DC0 R
0xA00C8E00 R
0xA00C8E40 R
0xA00C8E80 R
0xA00C8EC0 R
0xA00C8F00 R
0xA00C8F40 R
0xA00C8F80 R
0xA00C8FC0 R
0xA00C9000 R
0xA00C9040 R
0xA00C9080 R
0xA00C90C0 R
0xA00C9100 R
0xA00C9140 R
0xA00C9180 R
0xA00C91C0 R
0xA00C9200 R
0xA00C9240 R
0xA00C9280 R
0xA00C92C0 R
0xA00C9300 R
0xA00C9340 R
0xA00C9380 R
0xA00C93C0 R
0xA00C9400 R
0xA00C9440 R
0xA00C9480 R
0xA00C94C0 R
0xA00C9500 R
0xA00C9540 R
0xA00C9580 R
0xA00C95C0 R
0xA00C9600 R
0xA00C9640 R
0xA00C9680 R
0xA00C96C0 R
0xA00C9700 R
0xA00C9740 R
0xA00C9780 R
0xA00C97C0 R
0xA00C9800 R
0xA00C9840 R
0xA00C9880 R
0xA00C98C0 R
0xA00C9900 R
0xA00C9940 R
0xA00C9980 R
0xA00C99C0 R
0xA00C9A00 R
0xA00C9A40 R
0xA00C9A80 R
0xA00C9AC0 R
0xA00C9B00 R
0xA00C9B40 R
0xA00C9B80 R
0xA00C9BC0 R
0xA00C9C00 R
0xA00C9C40 R
0xA00C9C80 R
0xA00C9CC0 R
0xA00C9D00 R
0xA00C9D40 R
0xA00C9D80 R
0xA00C9DC0 R
0xA00C9E00 R
0xA00C9E40 R
0xA00C9E80 R
0xA00C9EC0 R
0xA00C9F00 R
0xA00C9F40 R
0xA00C9F80 R
0xA00C9FC0 R
0xA00CA000 R
0xA00CA040 R
0xA00CA080 R
0xA00CA0C0 R
0xA00CA100 R
0xA00CA140 R
0xA00CA180 R
0xA00CA1C0 R
0xA00CA200 R
0xA00CA240 R
0xA00CA280 R
0xA00CA2C0 R
0xA00CA300 R
0xA00CA340 R
0xA00CA380 R
0xA00CA3C0 R
0xA00CA400 R
0xA00CA440 R
0xA00CA480 R
0xA00CA4C0 R
0xA00CA500 R
0xA00CA540 R
0xA00CA580 R
0xA00CA5C0 R
0xA00CA600 R
0xA00CA640 R
0xA00CA680 R
0xA00CA6C0 R
0xA00CA700 R
0xA00CA740 R
0xA00CA780 R
0xA00CA7C0 R
0xA00CA800 R
0xA00CA840 R
0xA00CA880 R
0xA00CA8C0 R
0xA00CA900 R
0xA00CA940 R
0xA00CA980 R
0xA00CA9C0 R
0xA00CAA00 R
0xA00CAA40 R
0xA00CAA80 R
0xA00CAAC0 R
0xA00CAB00 R
0xA00CAB40 R
0xA00CAB80 R
0xA00CABC0 R
0xA00CAC00 R
0xA00CAC40 R
0xA00CAC80 R
0xA00CACC0 R
0xA00CAD00 R
0xA00CAD40 R
0xA00CAD80 R
0xA00CADC0 R
0xA00CAE00 R
0xA00CAE40 R
0xA00CAE80 R
0xA00CAEC0 R
0xA00CAF00 R
0xA00CAF40 R
0xA00CAF80 R
0xA00CAFC0 R
0xA00CB000 R
0xA00CB040 R
0xA00CB080 R
0xA00CB0C0 R
0xA00CB100 R
0xA00CB140 R
0xA00CB180 R
0xA00CB1C0 R
0xA00CB200 R
0xA00CB240 R
0xA00CB280 R
0xA00CB2C0 R
0xA00CB300 R
0xA00CB340 R
0xA00CB380 R
0xA00CB3C0 R
0xA00CB400 R
0xA00CB440 R
0xA00CB480 R
0xA00CB4C0 R
0xA00CB500 R
0xA00CB540 R
0xA00CB580 R
0xA00CB5C0 R
0xA00CB600 R
0xA00CB640 R
0xA00CB680 R
0xA00CB6C0 R
0xA00CB700 R
0xA00CB740 R
0xA00CB780 R
0xA00CB7C0 R
0xA00CB800 R
0xA00CB840 R
0xA00CB880 R
0xA00CB8C0 R
0xA00CB900 R
0xA00CB940 R
0xA00CB980 R
0xA00CB9C0 R
0xA00CBA00 R
0xA00CBA40 R
0xA00CBA80 R
0xA00CBAC0 R
0xA00CBB00 R
0xA00CBB40 R
0xA00CBB80 R
0xA00CBBC0 R
0xA00CBC00 R
0xA00CBC40 R
0xA00CBC80 R
0xA00CBCC0 R
0xA00CBD00 R
0xA00CBD40 R
0xA00CBD80 R
0xA00CBDC0 R
0xA00CBE00 R
0xA00CBE40 R
0xA00CBE80 R
0xA00CBEC0 R
0xA00CBF00 R
0xA00CBF40 R
0xA00CBF80 R
0xA00CBFC0 R
0xA00CC000 R
0xA00CC040 R
0xA00CC080 R
0xA00CC0C0 R
0xA00CC100 R
0xA00CC140 R
0xA00CC180 R
0xA00CC1C0 R
0xA00CC200 R
0xA00CC240 R
0xA00CC280 R
0xA00CC2C0 R
0xA00CC300 R
0xA00CC340 R
0xA00CC380 R
0xA00CC3C0 R
0xA00CC400 R
0xA00CC440 R
0xA00CC480 R
0xA00CC4C0 R
0xA00CC500 R
0xA00CC540 R
0xA00CC580 R
0xA00CC5C0 R
0xA00CC600 R
0xA00CC640 R
0xA00CC680 R
0xA00CC6C0 R
0xA00CC700 R
0xA00CC740 R
0xA00CC780 R
0xA00CC7C0 R
0xA00CC800 R
0xA00CC840 R
0xA00CC880 R
0xA00CC8C0 R
0xA00CC900 R
0xA00CC940 R
0xA00CC980 R
0xA00CC9C0 R
0xA00CCA00 R
0xA00CCA40 R
0xA00CCA80 R
0xA00CCAC0 R
0xA00CCB00 R
0xA00CCB40 R
0xA00CCB80 R
0xA00CCBC0 R
0xA00CCC00 R
0xA00CCC40 R
0xA00CCC80 R
0xA00CCCC0 R
0xA00CCD00 R
0xA00CCD40 R
0xA00CCD80 R
0xA00CCDC0 R
0xA00CCE00 R
0xA00CCE40 R
0xA00CCE80 R
0xA00CCEC0 R
0xA00CCF00 R
0xA00CCF40 R
0xA00CCF80 R
0xA00CCFC0 R
0xA00CD000 R
0xA00CD040 R
0xA00CD080 R
0xA00CD0C0 R
0xA00CD100 R
0xA00CD140 R
0xA00CD180 R
0xA00CD1C0 R
0xA00CD200 R
0xA00CD240 R
0xA00CD280 R
0xA00CD2C0 R
0xA00CD300 R
0xA00CD340 R
0xA00CD380 R
0xA00CD3C0 R
0xA00CD400 R
0xA00CD440 R
0xA00CD480 R
0xA00CD4C0 R
0xA00CD500 R
0xA00CD540 R
0xA00CD580 R
0xA00CD5C0 R
0xA00CD600 R
0xA00CD640 R
0xA00CD680 R
0xA00CD6C0 R
0xA00CD700 R
0xA00CD740 R
0xA00CD780 R
0xA00CD7C0 R
0xA00CD800 R
0xA00CD840 R
0xA00CD880 R
0xA00CD8C0 R
0xA00CD900 R
0xA00CD940 R
0xA00CD980 R
0xA00CD9C0 R
0xA00CDA00 R
0xA00CDA40 R
0xA00CDA80 R
0xA00CDAC0 R
0xA00CDB00 R
0xA00CDB40 R
0xA00CDB80 R
0xA00CDBC0 R
0xA00CDC00 R
0xA00CDC40 R
0xA00CDC80 R
0xA00CDCC0 R
0xA00CDD00 R
0xA00CDD40 R
0xA00CDD80 R
0xA00CDDC0 R
0xA00CDE00 R
0xA00CDE40 R
0xA00CDE80 R
0xA00CDEC0 R
0xA00CDF00 R
0xA00CDF40 R
0xA00CDF80 R
0xA00CDFC0 R
0xA00CE000 R
0xA00CE040 R
0xA00CE080 R
0xA00CE0C0 R
0xA00CE100 R
0xA00CE140 R
0xA00CE180 R
0xA00CE1C0 R
0xA00CE200 R
0xA00CE240 R
0xA00CE280 R
0xA00CE2C0 R
0xA00CE300 R
0xA00CE340 R
0xA00CE380 R
0xA00CE3C0 R
0xA00CE400 R
0xA00CE440 R
0xA00CE480 R
0xA00CE4C0 R
0xA00CE500 R
0xA00CE540 R
0xA00CE580 R
0xA00CE5C0 R
0xA00CE600 R
0xA00CE640 R
0xA00CE680 R
0xA00CE6C0 R
0xA00CE700 R
0xA00CE740 R
0xA00CE780 R
0xA00CE7C0 R
0xA00CE800 R
0xA00CE840 R
0xA00CE880 R
0xA00CE8C0 R
0xA00CE900 R
0xA00CE940 R
0xA00CE980 R
0xA00CE9C0 R
0xA00CEA00 R
0xA00CEA40 R
0xA00CEA80 R
0xA00CEAC0 R
0xA00CEB00 R
0xA00CEB40 R
0xA00CEB80 R
0xA00CEBC0 R
0xA00CEC00 R
0xA00CEC40 R
0xA00CEC80 R
0xA00CECC0 R
0xA00CED00 R
0xA00CED40 R
0xA00CED80 R
0xA00CEDC0 R
0xA00CEE00 R
0xA00CEE40 R
0xA00CEE80 R
0xA00CEEC0 R
0xA00CEF00 R
0xA00CEF40 R
0xA00CEF80 R
0xA00CEFC0 R
0xA00CF000 R
0xA00CF040 R
0xA00CF080 R
0xA00CF0C0 R
0xA00CF100 R
0xA00CF140 R
0xA00CF180 R
0xA00CF1C0 R
0xA00CF200 R
0xA00CF240 R
0xA00CF280 R
0xA00CF2C0 R
0xA00CF300 R
0xA00CF340 R
0xA00CF380 R
0xA00CF3C0 R
0xA00CF400 R
0xA00CF440 R
0xA00CF480 R
0xA00CF4C0 R
0xA00CF500 R
0xA00CF540 R
0xA00CF580 R
0xA00CF5C0 R
0xA00CF600 R
0xA00CF640 R
0xA00CF680 R
0xA00CF6C0 R
0xA00CF700 R
0xA00CF740 R
0xA00CF780 R
0xA00CF7C0 R
0xA00CF800 R
0xA00CF840 R
0xA00CF880 R
0xA00CF8C0 R
0xA00CF900 R
0xA00CF940 R
0xA00CF980 R
0xA00CF9C0 R
0xA00CFA00 R
0xA00CFA40 R
0xA00CFA80 R
0xA00CFAC0 R
0xA00CFB00 R
0xA00CFB40 R
0xA00CFB80 R
0xA00CFBC0 R
0xA00CFC00 R
0xA00CFC40 R
0xA00CFC80 R
0xA00CFCC0 R
0xA00CFD00 R
0xA00CFD40 R
0xA00CFD80 R
0xA00CFDC0 R
0xA00CFE00 R
0xA00CFE40 R
0xA00CFE80 R
0xA00CFEC0 R
0xA00CFF00 R
0xA00CFF40 R
0xA00CFF80 R
0xA00CFFC0 R
0xC00C0000 W
0xC00C0040 W
0xC00C0080 W
0xC00C00C0 W
0xC00C0100 W
0xC00C0140 W
0xC00C0180 W
0xC00C01C0 W
0xC00C0200 W
0xC00C0240 W
0xC00C0280 W
0xC00C02C0 W
0xC00C0300 W
0xC00C0340 W
0xC00C0380 W
0xC00C03C0 W
0xC00C0400 W
0xC00C0440 W
0xC00C0480 W
0xC00C04C0 W
0xC00C0500 W
0xC00C0540 W
0xC00C0580 W
0xC00C05C0 W
0xC00C0600 W
0xC00C0640 W
0xC00C0680 W
0xC00C06C0 W
0xC00C0700 W
0xC00C0740 W
0xC00C0780 W
0xC00C07C0 W
0xC00C0800 W
0xC00C0840 W
0xC00C0880 W
0xC00C08C0 W
0xC00C0900 W
0xC00C0940 W
0xC00C0980 W
0xC00C09C0 W
0xC00C0A00 W
0xC00C0A40 W
0xC00C0A80 W
0xC00C0AC0 W
0xC00C0B00 W
0xC00C0B40 W
0xC00C0B80 W
0xC00C0BC0 W
0xC00C0C00 W
0xC00C0C40 W
0xC00C0C80 W
0xC00C0CC0 W
0xC00C0D00 W
0xC00C0D40 W
0xC00C0D80 W
0xC00C0DC0 W
0xC00C0E00 W
0xC00C0E40 W
0xC00C0E80 W
0xC00C0EC0 W
0xC00C0F00 W
0xC00C0F40 W
0xC00C0F80 W
0xC00C0FC0 W
0xC00C1000 W
0xC00C1040 W
0xC00C1080 W
0xC00C10C0 W
0xC00C1100 W
0xC00C1140 W
0xC00C1180 W
0xC00C11C0 W
0xC00C1200 W
0xC00C1240 W
0xC00C1280 W
0xC00C12C0 W
0xC00C1300 W
0xC00C1340 W
0xC00C1380 W
0xC00C13C0 W
0xC00C1400 W
0xC00C1440 W
0xC00C1480 W
0xC00C14C0 W
0xC00C1500 W
0xC00C1540 W
0xC00C1580 W
0xC00C15C0 W
0xC00C1600 W
0xC00C1640 W
0xC00C1680 W
0xC00C16C0 W
0xC00C1700 W
0xC00C1740 W
0xC00C1780 W
0xC00C17C0 W
0xC00C1800 W
0xC00C1840 W
0xC00C1880 W
0xC00C18C0 W
0xC00C1900 W
0xC00C1940 W
0xC00C1980 W
0xC00C19C0 W
0xC00C1A00 W
0xC00C1A40 W
0xC00C1A80 W
0xC00C1AC0 W
0xC00C1B00 W
0xC00C1B40 W
0xC00C1B80 W
0xC00C1BC0 W
0xC00C1C00 W
0xC00C1C40 W
0xC00C1C80 W
0xC00C1CC0 W
0xC00C1D00 W
0xC00C1D40 W
0xC00C1D80 W
0xC00C1DC0 W
0xC00C1E00 W
0xC00C1E40 W
0xC00C1E80 W
0xC00C1EC0 W
0xC00C1F00 W
0xC00C1F40 W
0xC00C1F80 W
0xC00C1FC0 W
0xC00C2000 W
0xC00C2040 W
0xC00C2080 W
0xC00C20C0 W
0xC00C2100 W
0xC00C2140 W
0xC00C2180 W
0xC00C21C0 W
0xC00C2200 W
0xC00C2240 W
0xC00C2280 W
0xC00C22C0 W
0xC00C2300 W
0xC00C2340 W
0xC00C2380 W
0xC00C23C0 W
0xC00C2400 W
0xC00C2440 W
0xC00C2480 W
0xC00C24C0 W
0xC00C2500 W
0xC00C2540 W
0xC00C2580 W
0xC00C25C0 W
0xC00C2600 W
0xC00C2640 W
0xC00C2680 W
0xC00C26C0 W
0xC00C2700 W
0xC00C2740 W
0xC00C2780 W
0xC00C27C0 W
0xC00C2800 W
0xC00C2840 W
0xC00C2880 W
0xC00C28C0 W
0xC00C2900 W
0xC00C2940 W
0xC00C2980 W
0xC00C29C0 W
0xC00C2A00 W
0xC00C2A40 W
0xC00C2A80 W
0xC00C2AC0 W
0xC00C2B00 W
0xC00C2B40 W
0xC00C2B80 W
0xC00C2BC0 W
0xC00C2C00 W
0xC00C2C40 W
0xC00C2C80 W
0xC00C2CC0 W
0xC00C2D00 W
0xC00C2D40 W
0xC00C2D80 W
0xC00C2DC0 W
0xC00C2E00 W
0xC00C2E40 W
0xC00C2E80 W
0xC00C2EC0 W
0xC00C2F00 W
0xC00C2F40 W
0xC00C2F80 W
0xC00C2FC0 W
0xC00C3000 W
0xC00C3040 W
0xC00C3080 W
0xC00C30C0 W
0xC00C3100 W
0xC00C3140 W
0xC00C3180 W
0xC00C31C0 W
0xC00C3200 W
0xC00C3240 W
0xC00C3280 W
0xC00C32C0 W
0xC00C3300 W
0xC00C3340 W
0xC00C3380 W
0xC00C33C0 W
0xC00C3400 W
0xC00C3440 W
0xC00C3480 W
0xC00C34C0 W
0xC00C3500 W
0xC00C3540 W
0xC00C3580 W
0xC00C35C0 W
0xC00C3600 W
0xC00C3640 W
0xC00C3680 W
0xC00C36C0 W
0xC00C3700 W
0xC00C3740 W
0xC00C3780 W
0xC00C37C0 W
0xC00C3800 W
0xC00C3840 W
0xC00C3880 W
0xC00C38C0 W
0xC00C3900 W
0xC00C3940 W
0xC00C3980 W
0xC00C39C0 W
0xC00C3A00 W
0xC00C3A40 W
0xC00C3A80 W
0xC00C3AC0 W
0xC00C3B00 W
0xC00C3B40 W
0xC00C3B80 W
0xC00C3BC0 W
0xC00C3C00 W
0xC00C3C40 W
0xC00C3C80 W
0xC00C3CC0 W
0xC00C3D00 W
0xC00C3D40 W
0xC00C3D80 W
0xC00C3DC0 W
0xC00C3E00 W
0xC00C3E40 W
0xC00C3E80 W
0xC00C3EC0 W
0xC00C3F00 W
0xC00C3F40 W
0xC00C3F80 W
0xC00C3FC0 W
0xC00C4000 W
0xC00C4040 W
0xC00C4080 W
0xC00C40C0 W
0xC00C4100 W
0xC00C4140 W
0xC00C4180 W
0xC00C41C0 W
0xC00C4200 W
0xC00C4240 W
0xC00C4280 W
0xC00C42C0 W
0xC00C4300 W
0xC00C4340 W
0xC00C4380 W
0xC00C43C0 W
0xC00C4400 W
0xC00C4440 W
0xC00C4480 W
0xC00C44C0 W
0xC00C4500 W
0xC00C4540 W
0xC00C4580 W
0xC00C45C0 W
0xC00C4600 W
0xC00C4640 W
0xC00C4680 W
0xC00C46C0 W
0xC00C4700 W
0xC00C4740 W
0xC00C4780 W
0xC00C47C0 W
0xC00C4800 W
0xC00C4840 W
0xC00C4880 W
0xC00C48C0 W
0xC00C4900 W
0xC00C4940 W
0xC00C4980 W
0xC00C49C0 W
0xC00C4A00 W
0xC00C4A40 W
0xC00C4A80 W
0xC00C4AC0 W
0xC00C4B00 W
0xC00C4B40 W
0xC00C4B80 W
0xC00C4BC0 W
0xC00C4C00 W
0xC00C4C40 W
0xC00C4C80 W
0xC00C4CC0 W
0xC00C4D00 W
0xC00C4D40 W
0xC00C4D80 W
0xC00C4DC0 W
0xC00C4E00 W
0xC00C4E40 W
0xC00C4E80 W
0xC00C4EC0 W
0xC00C4F00 W
0xC00C4F40 W
0xC00C4F80 W
0xC00C4FC0 W
0xC00C5000 W
0xC00C5040 W
0xC00C5080 W
0xC00C50C0 W
0xC00C5100 W
0xC00C5140 W
0xC00C5180 W
0xC00C51C0 W
0xC00C5200 W
0xC00C5240 W
0xC00C5280 W
0xC00C52C0 W
0xC00C5300 W
0xC00C5340 W
0xC00C5380 W
0xC00C53C0 W
0xC00C5400 W
0xC00C5440 W
0xC00C5480 W
0xC00C54C0 W
0xC00C5500 W
0xC00C5540 W
0xC00C5580 W
0xC00C55C0 W
0xC00C5600 W
0xC00C5640 W
0xC00C5680 W
0xC00C56C0 W
0xC00C5700 W
0xC00C5740 W
0xC00C5780 W
0xC00C57C0 W
0xC00C5800 W
0xC00C5840 W
0xC00C5880 W
0xC00C58C0 W
0xC00C5900 W
0xC00C5940 W
0xC00C5980 W
0xC00C59C0 W
0xC00C5A00 W
0xC00C5A40 W
0xC00C5A80 W
0xC00C5AC0 W
0xC00C5B00 W
0xC00C5B40 W
0xC00C5B80 W
0xC00C5BC0 W
0xC00C5C00 W
0xC00C5C40 W
0xC00C5C80 W
0xC00C5CC0 W
0xC00C5D00 W
0xC00C5D40 W
0xC00C5D80 W
0xC00C5DC0 W
0xC00C5E00 W
0xC00C5E40 W
0xC00C5E80 W
0xC00C5EC0 W
0xC00C5F00 W
0xC00C5F40 W
0xC00C5F80 W
0xC00C5FC0 W
0xC00C6000 W
0xC00C6040 W
0xC00C6080 W
0xC00C60C0 W
0xC00C6100 W
0xC00C6140 W
0xC00C6180 W
0xC00C61C0 W
0xC00C6200 W
0xC00C6240 W
0xC00C6280 W
0xC00C62C0 W
0xC00C6300 W
0xC00C6340 W
0xC00C6380 W
0xC00C63C0 W
0xC00C6400 W
0xC00C6440 W
0xC00C6480 W
0xC00C64C0 W
0xC00C6500 W
0xC00C6540 W
0xC00C6580 W
0xC00C65C0 W
0xC00C6600 W
0xC00C6640 W
0xC00C6680 W
0xC00C66C0 W
0xC00C6700 W
0xC00C6740 W
0xC00C6780 W
0xC00C67C0 W
0xC00C6800 W
0xC00C6840 W
0xC00C6880 W
0xC00C68C0 W
0xC00C6900 W
0xC00C6940 W
0xC00C6980 W
0xC00C69C0 W
0xC00C6A00 W
0xC00C6A40 W
0xC00C6A80 W
0xC00C6AC0 W
0xC00C6B00 W
0xC00C6B40 W
0xC00C6B80 W
0xC00C6BC0 W
0xC00C6C00 W
0xC00C6C40 W
0xC00C6C80 W
0xC00C6CC0 W
0xC00C6D00 W
0xC00C6D40 W
0xC00C6D80 W
0xC00C6DC0 W
0xC00C6E00 W
0xC00C6E40 W
0xC00C6E80 W
0xC00C6EC0 W
0xC00C6F00 W
0xC00C6F40 W
0xC00C6F80 W
0xC00C6FC0 W
0xC00C7000 W
0xC00C7040 W
0xC00C7080 W
0xC00C70C0 W
0xC00C7100 W
0xC00C7140 W
0xC00C7180 W
0xC00C71C0 W
0xC00C7200 W
0xC00C7240 W
0xC00C7280 W
0xC00C72C0 W
0xC00C7300 W
0xC00C7340 W
0xC00C7380 W
0xC00C73C0 W
0xC00C7400 W
0xC00C7440 W
0xC00C7480 W
0xC00C74C0 W
0xC00C7500 W
0xC00C7540 W
0xC00C7580 W
0xC00C75C0 W
0xC00C7600 W
0xC00C7640 W
0xC00C7680 W
0xC00C76C0 W
0xC00C7700 W
0xC00C7740 W
0xC00C7780 W
0xC00C77C0 W
0xC00C7800 W
0xC00C7840 W
0xC00C7880 W
0xC00C78C0 W
0xC00C7900 W
0xC00C7940 W
0xC00C7980 W
0xC00C79C0 W
0xC00C7A00 W
0xC00C7A40 W
0xC00C7A80 W
0xC00C7AC0 W
0xC00C7B00 W
0xC00C7B40 W
0xC00C7B80 W
0xC00C7BC0 W
0xC00C7C00 W
0xC00C7C40 W
0xC00C7C80 W
0xC00C7CC0 W
0xC00C7D00 W
0xC00C7D40 W
0xC00C7D80 W
0xC00C7DC0 W
0xC00C7E00 W
0xC00C7E40 W
0xC00C7E80 W
0xC00C7EC0 W
0xC00C7F00 W
0xC00C7F40 W
0xC00C7F80 W
0xC00C7FC0 W
0xC00C8000 W
0xC00C8040 W
0xC00C8080 W
0xC00C80C0 W
0xC00C8100 W
0xC00C8140 W
0xC00C8180 W
0xC00C81C0 W
0xC00C8200 W
0xC00C8240 W
0xC00C8280 W
0xC00C82C0 W
0xC00C8300 W
0xC00C8340 W
0xC00C8380 W
0xC00C83C0 W
0xC00C8400 W
0xC00C8440 W
0xC00C8480 W
0xC00C84C0 W
0xC00C8500 W
0xC00C8540 W
0xC00C8580 W
0xC00C85C0 W
0xC00C8600 W
0xC00C8640 W
0xC00C8680 W
0xC00C86C0 W
0xC00C8700 W
0xC00C8740 W
0xC00C8780 W
0xC00C87C0 W
0xC00C8800 W
0xC00C8840 W
0xC00C8880 W
0xC00C88C0 W
0xC00C8900 W
0xC00C8940 W
0xC00C8980 W
0xC00C89C0 W
0xC00C8A00 W
0xC00C8A40 W
0xC00C8A80 W
0xC00C8AC0 W
0xC00C8B00 W
0xC00C8B40 W
0xC00C8B80 W
0xC00C8BC0 W
0xC00C8C00 W
0xC00C8C40 W
0xC00C8C80 W
0xC00C8CC0 W
0xC00C8D00 W
0xC00C8D40 W
0xC00C8D80 W
0xC00C8DC0 W
0xC00C8E00 W
0xC00C8E40 W
0xC00C8E80 W
0xC00C8EC0 W
0xC00C8F00 W
0xC00C8F40 W
0xC00C8F80 W
0xC00C8FC0 W
0xC00C9000 W
0xC00C9040 W
0xC00C9080 W
0xC00C90C0 W
0xC00C9100 W
0xC00C9140 W
0xC00C9180 W
0xC00C91C0 W
0xC00C9200 W
0xC00C9240 W
0xC00C9280 W
0xC00C92C0 W
0xC00C9300 W
0xC00C9340 W
0xC00C9380 W
0xC00C93C0 W
0xC00C9400 W
0xC00C9440 W
0xC00C9480 W
0xC00C94C0 W
0xC00C9500 W
0xC00C9540 W
0xC00C9580 W
0xC00C95C0 W
0xC00C9600 W
0xC00C9640 W
0xC00C9680 W
0xC00C96C0 W
0xC00C9700 W
0xC00C9740 W
0xC00C9780 W
0xC00C97C0 W
0xC00C9800 W
0xC00C9840 W
0xC00C9880 W
0xC00C98C0 W
0xC00C9900 W
0xC00C9940 W
0xC00C9980 W
0xC00C99C0 W
0xC00C9A00 W
0xC00C9A40 W
0xC00C9A80 W
0xC00C9AC0 W
0xC00C9B00 W
0xC00C9B40 W
0xC00C9B80 W
0xC00C9BC0 W
0xC00C9C00 W
0xC00C9C40 W
0xC00C9C80 W
0xC00C9CC0 W
0xC00C9D00 W
0xC00C9D40 W
0xC00C9D80 W
0xC00C9DC0 W
0xC00C9E00 W
0xC00C9E40 W
0xC00C9E80 W
0xC00C9EC0 W
0xC00C9F00 W
0xC00C9F40 W
0xC00C9F80 W
0xC00C9FC0 W
0xC00CA000 W
0xC00CA040 W
0xC00CA080 W
0xC00CA0C0 W
0xC00CA100 W
0xC00CA140 W
0xC00CA180 W
0xC00CA1C0 W
0xC00CA200 W
0xC00CA240 W
0xC00CA280 W
0xC00CA2C0 W
0xC00CA300 W
0xC00CA340 W
0xC00CA380 W
0xC00CA3C0 W
0xC00CA400 W
0xC00CA440 W
0xC00CA480 W
0xC00CA4C0 W
0xC00CA500 W
0xC00CA540 W
0xC00CA580 W
0xC00CA5C0 W
0xC00CA600 W
0xC00CA640 W
0xC00CA680 W
0xC00CA6C0 W
0xC00CA700 W
0xC00CA740 W
0xC00CA780 W
0xC00CA7C0 W
0xC00CA800 W
0xC00CA840 W
0xC00CA880 W
0xC00CA8C0 W
0xC00CA900 W
0xC00CA940 W
0xC00CA980 W
0xC00CA9C0 W
0xC00CAA00 W
0xC00CAA40 W
0xC00CAA80 W
0xC00CAAC0 W
0xC00CAB00 W
0xC00CAB40 W
0xC00CAB80 W
0xC00CABC0 W
0xC00CAC00 W
0xC00CAC40 W
0xC00CAC80 W
0xC00CACC0 W
0xC00CAD00 W
0xC00CAD40 W
0xC00CAD80 W
0xC00CADC0 W
0xC00CAE00 W
0xC00CAE40 W
0xC00CAE80 W
0xC00CAEC0 W
0xC00CAF00 W
0xC00CAF40 W
0xC00CAF80 W
0xC00CAFC0 W
0xC00CB000 W
0xC00CB040 W
0xC00CB080 W
0xC00CB0C0 W
0xC00CB100 W
0xC00CB140 W
0xC00CB180 W
0xC00CB1C0 W
0xC00CB200 W
0xC00CB240 W
0xC00CB280 W
0xC00CB2C0 W
0xC00CB300 W
0xC00CB340 W
0xC00CB380 W
0xC00CB3C0 W
0xC00CB400 W
0xC00CB440 W
0xC00CB480 W
0xC00CB4C0 W
0xC00CB500 W
0xC00CB540 W
0xC00CB580 W
0xC00CB5C0 W
0xC00CB600 W
0xC00CB640 W
0xC00CB680 W
0xC00CB6C0 W
0xC00CB700 W
0xC00CB740 W
0xC00CB780 W
0xC00CB7C0 W
0xC00CB800 W
0xC00CB840 W
0xC00CB880 W
0xC00CB8C0 W
0xC00CB900 W
0xC00CB940 W
0xC00CB980 W
0xC00CB9C0 W
0xC00CBA00 W
0xC00CBA40 W
0xC00CBA80 W
0xC00CBAC0 W
0xC00CBB00 W
0xC00CBB40 W
0xC00CBB80 W
0xC00CBBC0 W
0xC00CBC00 W
0xC00CBC40 W
0xC00CBC80 W
0xC00CBCC0 W
0xC00CBD00 W
0xC00CBD40 W
0xC00CBD80 W
0xC00CBDC0 W
0xC00CBE00 W
0xC00CBE40 W
0xC00CBE80 W
0xC00CBEC0 W
0xC00CBF00 W
0xC00CBF40 W
0xC00CBF80 W
0xC00CBFC0 W
0xC00CC000 W
0xC00CC040 W
0xC00CC080 W
0xC00CC0C0 W
0xC00CC100 W
0xC00CC140 W
0xC00CC180 W
0xC00CC1C0 W
0xC00CC200 W
0xC00CC240 W
0xC00CC280 W
0xC00CC2C0 W
0xC00CC300 W
0xC00CC340 W
0xC00CC380 W
0xC00CC3C0 W
0xC00CC400 W
0xC00CC440 W
0xC00CC480 W
0xC00CC4C0 W
0xC00CC500 W
0xC00CC540 W
0xC00CC580 W
0xC00CC5C0 W
0xC00CC600 W
0xC00CC640 W
0xC00CC680 W
0xC00CC6C0 W
0xC00CC700 W
0xC00CC740 W
0xC00CC780 W
0xC00CC7C0 W
0xC00CC800 W
0xC00CC840 W
0xC00CC880 W
0xC00CC8C0 W
0xC00CC900 W
0xC00CC940 W
0xC00CC980 W
0xC00CC9C0 W
0xC00CCA00 W
0xC00CCA40 W
0xC00CCA80 W
0xC00CCAC0 W
0xC00CCB00 W
0xC00CCB40 W
0xC00CCB80 W
0xC00CCBC0 W
0xC00CCC00 W
0xC00CCC40 W
0xC00CCC80 W
0xC00CCCC0 W
0xC00CCD00 W
0xC00CCD40 W
0xC00CCD80 W
0xC00CCDC0 W
0xC00CCE00 W
0xC00CCE40 W
0xC00CCE80 W
0xC00CCEC0 W
0xC00CCF00 W
0xC00CCF40 W
0xC00CCF80 W
0xC00CCFC0 W
0xC00CD000 W
0xC00CD040 W
0xC00CD080 W
0xC00CD0C0 W
0xC00CD100 W
0xC00CD140 W
0xC00CD180 W
0xC00CD1C0 W
0xC00CD200 W
0xC00CD240 W
0xC00CD280 W
0xC00CD2C0 W
0xC00CD300 W
0xC00CD340 W
0xC00CD380 W
0xC00CD3C0 W
0xC00CD400 W
0xC00CD440 W
0xC00CD480 W
0xC00CD4C0 W
0xC00CD500 W
0xC00CD540 W
0xC00CD580 W
0xC00CD5C0 W
0xC00CD600 W
0xC00CD640 W
0xC00CD680 W
0xC00CD6C0 W
0xC00CD700 W
0xC00CD740 W
0xC00CD780 W
0xC00CD7C0 W
0xC00CD800 W
0xC00CD840 W
0xC00CD880 W
0xC00CD8C0 W
0xC00CD900 W
0xC00CD940 W
0xC00CD980 W
0xC00CD9C0 W
0xC00CDA00 W
0xC00CDA40 W
0xC00CDA80 W
0xC00CDAC0 W
0xC00CDB00 W
0xC00CDB40 W
0xC00CDB80 W
0xC00CDBC0 W
0xC00CDC00 W
0xC00CDC40 W
0xC00CDC80 W
0xC00CDCC0 W
0xC00CDD00 W
0xC00CDD40 W
0xC00CDD80 W
0xC00CDDC0 W
0xC00CDE00 W
0xC00CDE40 W
0xC00CDE80 W
0xC00CDEC0 W
0xC00CDF00 W
0xC00CDF40 W
0xC00CDF80 W
0xC00CDFC0 W
0xC00CE000 W
0xC00CE040 W
0xC00CE080 W
0xC00CE0C0 W
0xC00CE100 W
0xC00CE140 W
0xC00CE180 W
0xC00CE1C0 W
0xC00CE200 W
0xC00CE240 W
0xC00CE280 W
0xC00CE2C0 W
0xC00CE300 W
0xC00CE340 W
0xC00CE380 W
0xC00CE3C0 W
0xC00CE400 W
0xC00CE440 W
0xC00CE480 W
0xC00CE4C0 W
0xC00CE500 W
0xC00CE540 W
0xC00CE580 W
0xC00CE5C0 W
0xC00CE600 W
0xC00CE640 W
0xC00CE680 W
0xC00CE6C0 W
0xC00CE700 W
0xC00CE740 W
0xC00CE780 W
0xC00CE7C0 W
0xC00CE800 W
0xC00CE840 W
0xC00CE880 W
0xC00CE8C0 W
0xC00CE900 W
0xC00CE940 W
0xC00CE980 W
0xC00CE9C0 W
0xC00CEA00 W
0xC00CEA40 W
0xC00CEA80 W
0xC00CEAC0 W
0xC00CEB00 W
0xC00CEB40 W
0xC00CEB80 W
0xC00CEBC0 W
0xC00CEC00 W
0xC00CEC40 W
0xC00CEC80 W
0xC00CECC0 W
0xC00CED00 W
0xC00CED40 W
0xC00CED80 W
0xC00CEDC0 W
0xC00CEE00 W
0xC00CEE40 W
0xC00CEE80 W
0xC00CEEC0 W
0xC00CEF00 W
0xC00CEF40 W
0xC00CEF80 W
0xC00CEFC0 W
0xC00CF000 W
0xC00CF040 W
0xC00CF080 W
0xC00CF0C0 W
0xC00CF100 W
0xC00CF140 W
0xC00CF180 W
0xC00CF1C0 W
0xC00CF200 W
0xC00CF240 W
0xC00CF280 W
0xC00CF2C0 W
0xC00CF300 W
0xC00CF340 W
0xC00CF380 W
0xC00CF3C0 W
0xC00CF400 W
0xC00CF440 W
0xC00CF480 W
0xC00CF4C0 W
0xC00CF500 W
0xC00CF540 W
0xC00CF580 W
0xC00CF5C0 W
0xC00CF600 W
0xC00CF640 W
0xC00CF680 W
0xC00CF6C0 W
0xC00CF700 W
0xC00CF740 W
0xC00CF780 W
0xC00CF7C0 W
0xC00CF800 W
0xC00CF840 W
0xC00CF880 W
0xC00CF8C0 W
0xC00CF900 W
0xC00CF940 W
0xC00CF980 W
0xC00CF9C0 W
0xC00CFA00 W
0xC00CFA40 W
0xC00CFA80 W
0xC00CFAC0 W
0xC00CFB00 W
0xC00CFB40 W
0xC00CFB80 W
0xC00CFBC0 W
0xC00CFC00 W
0xC00CFC40 W
0xC00CFC80 W
0xC00CFCC0 W
0xC00CFD00 W
0xC00CFD40 W
0xC00CFD80 W
0xC00CFDC0 W
0xC00CFE00 W
0xC00CFE40 W
0xC00CFE80 W
0xC00CFEC0 W
0xC00CFF00 W
0xC00CFF40 W
0xC00CFF80 W
0xC00CFFC0 W
0xC00C0000 R
0xC00C0040 R
0xC00C0080 R
0xC00C00C0 R
0xC00C0100 R
0xC00C0140 R
0xC00C0180 R
0xC00C01C0 R
0xC00C0200 R
0xC00C0240 R
0xC00C0280 R
0xC00C02C0 R
0xC00C0300 R
0xC00C0340 R
0xC00C0380 R
0xC00C03C0 R
0xC00C0400 R
0xC00C0440 R
0xC00C0480 R
0xC00C04C0 R
0xC00C0500 R
0xC00C0540 R
0xC00C0580 R
0xC00C05C0 R
0xC00C0600 R
0xC00C0640 R
0xC00C0680 R
0xC00C06C0 R
0xC00C0700 R
0xC00C0740 R
0xC00C0780 R
0xC00C07C0 R
0xC00C0800 R
0xC00C0840 R
0xC00C0880 R
0xC00C08C0 R
0xC00C0900 R
0xC00C0940 R
0xC00C0980 R
0xC00C09C0 R
0xC00C0A00 R
0xC00C0A40 R
0xC00C0A80 R
0xC00C0AC0 R
0xC00C0B00 R
0xC00C0B40 R
0xC00C0B80 R
0xC00C0BC0 R
0xC00C0C00 R
0xC00C0C40 R
0xC00C0C80 R
0xC00C0CC0 R
0xC00C0D00 R
0xC00C0D40 R
0xC00C0D80 R
0xC00C0DC0 R
0xC00C0E00 R
0xC00C0E40 R
0xC00C0E80 R
0xC00C0EC0 R
0xC00C0F00 R
0xC00C0F40 R
0xC00C0F80 R
0xC00C0FC0 R
0xC00C1000 R
0xC00C1040 R
0xC00C1080 R
0xC00C10C0 R
0xC00C1100 R
0xC00C1140 R
0xC00C1180 R
0xC00C11C0 R
0xC00C1200 R
0xC00C1240 R
0xC00C1280 R
0xC00C12C0 R
0xC00C1300 R
0xC00C1340 R
0xC00C1380 R
0xC00C13C0 R
0xC00C1400 R
0xC00C1440 R
0xC00C1480 R
0xC00C14C0 R
0xC00C1500 R
0xC00C1540 R
0xC00C1580 R
0xC00C15C0 R
0xC00C1600 R
0xC00C1640 R
0xC00C1680 R
0xC00C16C0 R
0xC00C1700 R
0xC00C1740 R
0xC00C1780 R
0xC00C17C0 R
0xC00C1800 R
0xC00C1840 R
0xC00C1880 R
0xC00C18C0 R
0xC00C1900 R
0xC00C1940 R
0xC00C1980 R
0xC00C19C0 R
0xC00C1A00 R
0xC00C1A40 R
0xC00C1A80 R
0xC00C1AC0 R
0xC00C1B00 R
0xC00C1B40 R
0xC00C1B80 R
0xC00C1BC0 R
0xC00C1C00 R
0xC00C1C40 R
0xC00C1C80 R
0xC00C1CC0 R
0xC00C1D00 R
0xC00C1D40 R
0xC00C1D80 R
0xC00C1DC0 R
0xC00C1E00 R
0xC00C1E40 R
0xC00C1E80 R
0xC00C1EC0 R
0xC00C1F00 R
0xC00C1F40 R
0xC00C1F80 R
0xC00C1FC0 R
0xC00C2000 R
0xC00C2040 R
0xC00C2080 R
0xC00C20C0 R
0xC00C2100 R
0xC00C2140 R
0xC00C2180 R
0xC00C21C0 R
0xC00C2200 R
0xC00C2240 R
0xC00C2280 R
0xC00C22C0 R
0xC00C2300 R
0xC00C2340 R
0xC00C2380 R
0xC00C23C0 R
0xC00C2400 R
0xC00C2440 R
0xC00C2480 R
0xC00C24C0 R
0xC00C2500 R
0xC00C2540 R
0xC00C2580 R
0xC00C25C0 R
0xC00C2600 R
0xC00C2640 R
0xC00C2680 R
0xC00C26C0 R
0xC00C2700 R
0xC00C2740 R
0xC00C2780 R
0xC00C27C0 R
0xC00C2800 R
0xC00C2840 R
0xC00C2880 R
0xC00C28C0 R
0xC00C2900 R
0xC00C2940 R
0xC00C2980 R
0xC00C29C0 R
0xC00C2A00 R
0xC00C2A40 R
0xC00C2A80 R
0xC00C2AC0 R
0xC00C2B00 R
0xC00C2B40 R
0xC00C2B80 R
0xC00C2BC0 R
0xC00C2C00 R
0xC00C2C40 R
0xC00C2C80 R
0xC00C2CC0 R
0xC00C2D00 R
0xC00C2D40 R
0xC00C2D80 R
0xC00C2DC0 R
0xC00C2E00 R
0xC00C2E40 R
0xC00C2E80 R
0xC00C2EC0 R
0xC00C2F00 R
0xC00C2F40 R
0xC00C2F80 R
0xC00C2FC0 R
0xC00C3000 R
0xC00C3040 R
0xC00C3080 R
0xC00C30C0 R
0xC00C3100 R
0xC00C3140 R
0xC00C3180 R
0xC00C31C0 R
0xC00C3200 R
0xC00C3240 R
0xC00C3280 R
0xC00C32C0 R
0xC00C3300 R
0xC00C3340 R
0xC00C3380 R
0xC00C33C0 R
0xC00C3400 R
0xC00C3440 R
0xC00C3480 R
0xC00C34C0 R
0xC00C3500 R
0xC00C3540 R
0xC00C3580 R
0xC00C35C0 R
0xC00C3600 R
0xC00C3640 R
0xC00C3680 R
0xC00C36C0 R
0xC00C3700 R
0xC00C3740 R
0xC00C3780 R
0xC00C37C0 R
0xC00C3800 R
0xC00C3840 R
0xC00C3880 R
0xC00C38C0 R
0xC00C3900 R
0xC00C3940 R
0xC00C3980 R
0xC00C39C0 R
0xC00C3A00 R
0xC00C3A40 R
0xC00C3A80 R
0xC00C3AC0 R
0xC00C3B00 R
0xC00C3B40 R
0xC00C3B80 R
0xC00C3BC0 R
0xC00C3C00 R
0xC00C3C40 R
0xC00C3C80 R
0xC00C3CC0 R
0xC00C3D00 R
0xC00C3D40 R
0xC00C3D80 R
0xC00C3DC0 R
0xC00C3E00 R
0xC00C3E40 R
0xC00C3E80 R
0xC00C3EC0 R
0xC00C3F00 R
0xC00C3F40 R
0xC00C3F80 R
0xC00C3FC0 R
0xC00C4000 R
0xC00C4040 R
0xC00C4080 R
0xC00C40C0 R
0xC00C4100 R
0xC00C4140 R
0xC00C4180 R
0xC00C41C0 R
0xC00C4200 R
0xC00C4240 R
0xC00C4280 R
0xC00C42C0 R
0xC00C4300 R
0xC00C4340 R
0xC00C4380 R
0xC00C43C0 R
0xC00C4400 R
0xC00C4440 R
0xC00C4480 R
0xC00C44C0 R
0xC00C4500 R
0xC00C4540 R
0xC00C4580 R
0xC00C45C0 R
0xC00C4600 R
0xC00C4640 R
0xC00C4680 R
0xC00C46C0 R
0xC00C4700 R
0xC00C4740 R
0xC00C4780 R
0xC00C47C0 R
0xC00C4800 R
0xC00C4840 R
0xC00C4880 R
0xC00C48C0 R
0xC00C4900 R
0xC00C4940 R
0xC00C4980 R
0xC00C49C0 R
0xC00C4A00 R
0xC00C4A40 R
0xC00C4A80 R
0xC00C4AC0 R
0xC00C4B00 R
0xC00C4B40 R
0xC00C4B80 R
0xC00C4BC0 R
0xC00C4C00 R
0xC00C4C40 R
0xC00C4C80 R
0xC00C4CC0 R
0xC00C4D00 R
0xC00C4D40 R
0xC00C4D80 R
0xC00C4DC0 R
0xC00C4E00 R
0xC00C4E40 R
0xC00C4E80 R
0xC00C4EC0 R
0xC00C4F00 R
0xC00C4F40 R
0xC00C4F80 R
0xC00C4FC0 R
0xC00C5000 R
0xC00C5040 R
0xC00C5080 R
0xC00C50C0 R
0xC00C5100 R
0xC00C5140 R
0xC00C5180 R
0xC00C51C0 R
0xC00C5200 R
0xC00C5240 R
0xC00C5280 R
0xC00C52C0 R
0xC00C5300 R
0xC00C5340 R
0xC00C5380 R
0xC00C53C0 R
0xC00C5400 R
0xC00C5440 R
0xC00C5480 R
0xC00C54C0 R
0xC00C5500 R
0xC00C5540 R
0xC00C5580 R
0xC00C55C0 R
0xC00C5600 R
0xC00C5640 R
0xC00C5680 R
0xC00C56C0 R
0xC00C5700 R
0xC00C5740 R
0xC00C5780 R
0xC00C57C0 R
0xC00C5800 R
0xC00C5840 R
0xC00C5880 R
0xC00C58C0 R
0xC00C5900 R
0xC00C5940 R
0xC00C5980 R
0xC00C59C0 R
0xC00C5A00 R
0xC00C5A40 R
0xC00C5A80 R
0xC00C5AC0 R
0xC00C5B00 R
0xC00C5B40 R
0xC00C5B80 R
0xC00C5BC0 R
0xC00C5C00 R
0xC00C5C40 R
0xC00C5C80 R
0xC00C5CC0 R
0xC00C5D00 R
0xC00C5D40 R
0xC00C5D80 R
0xC00C5DC0 R
0xC00C5E00 R
0xC00C5E40 R
0xC00C5E80 R
0xC00C5EC0 R
0xC00C5F00 R
0xC00C5F40 R
0xC00C5F80 R
0xC00C5FC0 R
0xC00C6000 R
0xC00C6040 R
0xC00C6080 R
0xC00C60C0 R
0xC00C6100 R
0xC00C6140 R
0xC00C6180 R
0xC00C61C0 R
0xC00C6200 R
0xC00C6240 R
0xC00C6280 R
0xC00C62C0 R
0xC00C6300 R
0xC00C6340 R
0xC00C6380 R
0xC00C63C0 R
0xC00C6400 R
0xC00C6440 R
0xC00C6480 R
0xC00C64C0 R
0xC00C6500 R
0xC00C6540 R
0xC00C6580 R
0xC00C65C0 R
0xC00C6600 R
0xC00C6640 R
0xC00C6680 R
0xC00C66C0 R
0xC00C6700 R
0xC00C6740 R
0xC00C6780 R
0xC00C67C0 R
0xC00C6800 R
0xC00C6840 R
0xC00C6880 R
0xC00C68C0 R
0xC00C6900 R
0xC00C6940 R
0xC00C6980 R
0xC00C69C0 R
0xC00C6A00 R
0xC00C6A40 R
0xC00C6A80 R
0xC00C6AC0 R
0xC00C6B00 R
0xC00C6B40 R
0xC00C6B80 R
0xC00C6BC0 R
0xC00C6C00 R
0xC00C6C40 R
0xC00C6C80 R
0xC00C6CC0 R
0xC00C6D00 R
0xC00C6D40 R
0xC00C6D80 R
0xC00C6DC0 R
0xC00C6E00 R
0xC00C6E40 R
0xC00C6E80 R
0xC00C6EC0 R
0xC00C6F00 R
0xC00C6F40 R
0xC00C6F80 R
0xC00C6FC0 R
0xC00C7000 R
0xC00C7040 R
0xC00C7080 R
0xC00C70C0 R
0xC00C7100 R
0xC00C7140 R
0xC00C7180 R
0xC00C71C0 R
0xC00C7200 R
0xC00C7240 R
0xC00C7280 R
0xC00C72C0 R
0xC00C7300 R
0xC00C7340 R
0xC00C7380 R
0xC00C73C0 R
0xC00C7400 R
0xC00C7440 R
0xC00C7480 R
0xC00C74C0 R
0xC00C7500 R
0xC00C7540 R
0xC00C7580 R
0xC00C75C0 R
0xC00C7600 R
0xC00C7640 R
0xC00C7680 R
0xC00C76C0 R
0xC00C7700 R
0xC00C7740 R
0xC00C7780 R
0xC00C77C0 R
0xC00C7800 R
0xC00C7840 R
0xC00C7880 R
0xC00C78C0 R
0xC00C7900 R
0xC00C7940 R
0xC00C7980 R
0xC00C79C0 R
0xC00C7A00 R
0xC00C7A40 R
0xC00C7A80 R
0xC00C7AC0 R
0xC00C7B00 R
0xC00C7B40 R
0xC00C7B80 R
0xC00C7BC0 R
0xC00C7C00 R
0xC00C7C40 R
0xC00C7C80 R
0xC00C7CC0 R
0xC00C7D00 R
0xC00C7D40 R
0xC00C7D80 R
0xC00C7DC0 R
0xC00C7E00 R
0xC00C7E40 R
0xC00C7E80 R
0xC00C7EC0 R
0xC00C7F00 R
0xC00C7F40 R
0xC00C7F80 R
0xC00C7FC0 R
0xC00C8000 R
0xC00C8040 R
0xC00C8080 R
0xC00C80C0 R
0xC00C8100 R
0xC00C8140 R
0xC00C8180 R
0xC00C81C0 R
0xC00C8200 R
0xC00C8240 R
0xC00C8280 R
0xC00C82C0 R
0xC00C8300 R
0xC00C8340 R
0xC00C8380 R
0xC00C83C0 R
0xC00C8400 R
0xC00C8440 R
0xC00C8480 R
0xC00C84C0 R
0xC00C8500 R
0xC00C8540 R
0xC00C8580 R
0xC00C85C0 R
0xC00C8600 R
0xC00C8640 R
0xC00C8680 R
0xC00C86C0 R
0xC00C8700 R
0xC00C8740 R
0xC00C8780 R
0xC00C87C0 R
0xC00C8800 R
0xC00C8840 R
0xC00C8880 R
0xC00C88C0 R
0xC00C8900 R
0xC00C8940 R
0xC00C8980 R
0xC00C89C0 R
0xC00C8A00 R
0xC00C8A40 R
0xC00C8A80 R
0xC00C8AC0 R
0xC00C8B00 R
0xC00C8B40 R
0xC00C8B80 R
0xC00C8BC0 R
0xC00C8C00 R
0xC00C8C40 R
0xC00C8C80 R
0xC00C8CC0 R
0xC00C8D00 R
0xC00C8D40 R
0xC00C8D80 R
0xC00C8DC0 R
0xC00C8E00 R
0xC00C8E40 R
0xC00C8E80 R
0xC00C8EC0 R
0xC00C8F00 R
0xC00C8F40 R
0xC00C8F80 R
0xC00C8FC0 R
0xC00C9000 R
0xC00C9040 R
0xC00C9080 R
0xC00C90C0 R
0xC00C9100 R
0xC00C9140 R
0xC00C9180 R
0xC00C91C0 R
0xC00C9200 R
0xC00C9240 R
0xC00C9280 R
0xC00C92C0 R
0xC00C9300 R
0xC00C9340 R
0xC00C9380 R
0xC00C93C0 R
0xC00C9400 R
0xC00C9440 R
0xC00C9480 R
0xC00C94C0 R
0xC00C9500 R
0xC00C9540 R
0xC00C9580 R
0xC00C95C0 R
0xC00C9600 R
0xC00C9640 R
0xC00C9680 R
0xC00C96C0 R
0xC00C9700 R
0xC00C9740 R
0xC00C9780 R
0xC00C97C0 R
0xC00C9800 R
0xC00C9840 R
0xC00C9880 R
0xC00C98C0 R
0xC00C9900 R
0xC00C9940 R
0xC00C9980 R
0xC00C99C0 R
0xC00C9A00 R
0xC00C9A40 R
0xC00C9A80 R
0xC00C9AC0 R
0xC00C9B00 R
0xC00C9B40 R
0xC00C9B80 R
0xC00C9BC0 R
0xC00C9C00 R
0xC00C9C40 R
0xC00C9C80 R
0xC00C9CC0 R
0xC00C9D00 R
0xC00C9D40 R
0xC00C9D80 R
0xC00C9DC0 R
0xC00C9E00 R
0xC00C9E40 R
0xC00C9E80 R
0xC00C9EC0 R
0xC00C9F00 R
0xC00C9F40 R
0xC00C9F80 R
0xC00C9FC0 R
0xC00CA000 R
0xC00CA040 R
0xC00CA080 R
0xC00CA0C0 R
0xC00CA100 R
0xC00CA140 R
0xC00CA180 R
0xC00CA1C0 R
0xC00CA200 R
0xC00CA240 R
0xC00CA280 R
0xC00CA2C0 R
0xC00CA300 R
0xC00CA340 R
0xC00CA380 R
0xC00CA3C0 R
0xC00CA400 R
0xC00CA440 R
0xC00CA480 R
0xC00CA4C0 R
0xC00CA500 R
0xC00CA540 R
0xC00CA580 R
0xC00CA5C0 R
0xC00CA600 R
0xC00CA640 R
0xC00CA680 R
0xC00CA6C0 R
0xC00CA700 R
0xC00CA740 R
0xC00CA780 R
0xC00CA7C0 R
0xC00CA800 R
0xC00CA840 R
0xC00CA880 R
0xC00CA8C0 R
0xC00CA900 R
0xC00CA940 R
0xC00CA980 R
0xC00CA9C0 R
0xC00CAA00 R
0xC00CAA40 R
0xC00CAA80 R
0xC00CAAC0 R
0xC00CAB00 R
0xC00CAB40 R
0xC00CAB80 R
0xC00CABC0 R
0xC00CAC00 R
0xC00CAC40 R
0xC00CAC80 R
0xC00CACC0 R
0xC00CAD00 R
0xC00CAD40 R
0xC00CAD80 R
0xC00CADC0 R
0xC00CAE00 R
0xC00CAE40 R
0xC00CAE80 R
0xC00CAEC0 R
0xC00CAF00 R
0xC00CAF40 R
0xC00CAF80 R
0xC00CAFC0 R
0xC00CB000 R
0xC00CB040 R
0xC00CB080 R
0xC00CB0C0 R
0xC00CB100 R
0xC00CB140 R
0xC00CB180 R
0xC00CB1C0 R
0xC00CB200 R
0xC00CB240 R
0xC00CB280 R
0xC00CB2C0 R
0xC00CB300 R
0xC00CB340 R
0xC00CB380 R
0xC00CB3C0 R
0xC00CB400 R
0xC00CB440 R
0xC00CB480 R
0xC00CB4C0 R
0xC00CB500 R
0xC00CB540 R
0xC00CB580 R
0xC00CB5C0 R
0xC00CB600 R
0xC00CB640 R
0xC00CB680 R
0xC00CB6C0 R
0xC00CB700 R
0xC00CB740 R
0xC00CB780 R
0xC00CB7C0 R
0xC00CB800 R
0xC00CB840 R
0xC00CB880 R
0xC00CB8C0 R
0xC00CB900 R
0xC00CB940 R
0xC00CB980 R
0xC00CB9C0 R
0xC00CBA00 R
0xC00CBA40 R
0xC00CBA80 R
0xC00CBAC0 R
0xC00CBB00 R
0xC00CBB40 R
0xC00CBB80 R
0xC00CBBC0 R
0xC00CBC00 R
0xC00CBC40 R
0xC00CBC80 R
0xC00CBCC0 R
0xC00CBD00 R
0xC00CBD40 R
0xC00CBD80 R
0xC00CBDC0 R
0xC00CBE00 R
0xC00CBE40 R
0xC00CBE80 R
0xC00CBEC0 R
0xC00CBF00 R
0xC00CBF40 R
0xC00CBF80 R
0xC00CBFC0 R
0xC00CC000 R
0xC00CC040 R
0xC00CC080 R
0xC00CC0C0 R
0xC00CC100 R
0xC00CC140 R
0xC00CC180 R
0xC00CC1C0 R
0xC00CC200 R
0xC00CC240 R
0xC00CC280 R
0xC00CC2C0 R
0xC00CC300 R
0xC00CC340 R
0xC00CC380 R
0xC00CC3C0 R
0xC00CC400 R
0xC00CC440 R
0xC00CC480 R
0xC00CC4C0 R
0xC00CC500 R
0xC00CC540 R
0xC00CC580 R
0xC00CC5C0 R
0xC00CC600 R
0xC00CC640 R
0xC00CC680 R
0xC00CC6C0 R
0xC00CC700 R
0xC00CC740 R
0xC00CC780 R
0xC00CC7C0 R
0xC00CC800 R
0xC00CC840 R
0xC00CC880 R
0xC00CC8C0 R
0xC00CC900 R
0xC00CC940 R
0xC00CC980 R
0xC00CC9C0 R
0xC00CCA00 R
0xC00CCA40 R
0xC00CCA80 R
0xC00CCAC0 R
0xC00CCB00 R
0xC00CCB40 R
0xC00CCB80 R
0xC00CCBC0 R
0xC00CCC00 R
0xC00CCC40 R
0xC00CCC80 R
0xC00CCCC0 R
0xC00CCD00 R
0xC00CCD40 R
0xC00CCD80 R
0xC00CCDC0 R
0xC00CCE00 R
0xC00CCE40 R
0xC00CCE80 R
0xC00CCEC0 R
0xC00CCF00 R
0xC00CCF40 R
0xC00CCF80 R
0xC00CCFC0 R
0xC00CD000 R
0xC00CD040 R
0xC00CD080 R
0xC00CD0C0 R
0xC00CD100 R
0xC00CD140 R
0xC00CD180 R
0xC00CD1C0 R
0xC00CD200 R
0xC00CD240 R
0xC00CD280 R
0xC00CD2C0 R
0xC00CD300 R
0xC00CD340 R
0xC00CD380 R
0xC00CD3C0 R
0xC00CD400 R
0xC00CD440 R
0xC00CD480 R
0xC00CD4C0 R
0xC00CD500 R
0xC00CD540 R
0xC00CD580 R
0xC00CD5C0 R
0xC00CD600 R
0xC00CD640 R
0xC00CD680 R
0xC00CD6C0 R
0xC00CD700 R
0xC00CD740 R
0xC00CD780 R
0xC00CD7C0 R
0xC00CD800 R
0xC00CD840 R
0xC00CD880 R
0xC00CD8C0 R
0xC00CD900 R
0xC00CD940 R
0xC00CD980 R
0xC00CD9C0 R
0xC00CDA00 R
0xC00CDA40 R
0xC00CDA80 R
0xC00CDAC0 R
0xC00CDB00 R
0xC00CDB40 R
0xC00CDB80 R
0xC00CDBC0 R
0xC00CDC00 R
0xC00CDC40 R
0xC00CDC80 R
0xC00CDCC0 R
0xC00CDD00 R
0xC00CDD40 R
0xC00CDD80 R
0xC00CDDC0 R
0xC00CDE00 R
0xC00CDE40 R
0xC00CDE80 R
0xC00CDEC0 R
0xC00CDF00 R
0xC00CDF40 R
0xC00CDF80 R
0xC00CDFC0 R
0xC00CE000 R
0xC00CE040 R
0xC00CE080 R
0xC00CE0C0 R
0xC00CE100 R
0xC00CE140 R
0xC00CE180 R
0xC00CE1C0 R
0xC00CE200 R
0xC00CE240 R
0xC00CE280 R
0xC00CE2C0 R
0xC00CE300 R
0xC00CE340 R
0xC00CE380 R
0xC00CE3C0 R
0xC00CE400 R
0xC00CE440 R
0xC00CE480 R
0xC00CE4C0 R
0xC00CE500 R
0xC00CE540 R
0xC00CE580 R
0xC00CE5C0 R
0xC00CE600 R
0xC00CE640 R
0xC00CE680 R
0xC00CE6C0 R
0xC00CE700 R
0xC00CE740 R
0xC00CE780 R
0xC00CE7C0 R
0xC00CE800 R
0xC00CE840 R
0xC00CE880 R
0xC00CE8C0 R
0xC00CE900 R
0xC00CE940 R
0xC00CE980 R
0xC00CE9C0 R
0xC00CEA00 R
0xC00CEA40 R
0xC00CEA80 R
0xC00CEAC0 R
0xC00CEB00 R
0xC00CEB40 R
0xC00CEB80 R
0xC00CEBC0 R
0xC00CEC00 R
0xC00CEC40 R
0xC00CEC80 R
0xC00CECC0 R
0xC00CED00 R
0xC00CED40 R
0xC00CED80 R
0xC00CEDC0 R
0xC00CEE00 R
0xC00CEE40 R
0xC00CEE80 R
0xC00CEEC0 R
0xC00CEF00 R
0xC00CEF40 R
0xC00CEF80 R
0xC00CEFC0 R
0xC00CF000 R
0xC00CF040 R
0xC00CF080 R
0xC00CF0C0 R
0xC00CF100 R
0xC00CF140 R
0xC00CF180 R
0xC00CF1C0 R
0xC00CF200 R
0xC00CF240 R
0xC00CF280 R
0xC00CF2C0 R
0xC00CF300 R
0xC00CF340 R
0xC00CF380 R
0xC00CF3C0 R
0xC00CF400 R
0xC00CF440 R
0xC00CF480 R
0xC00CF4C0 R
0xC00CF500 R
0xC00CF540 R
0xC00CF580 R
0xC00CF5C0 R
0xC00CF600 R
0xC00CF640 R
0xC00CF680 R
0xC00CF6C0 R
0xC00CF700 R
0xC00CF740 R
0xC00CF780 R
0xC00CF7C0 R
0xC00CF800 R
0xC00CF840 R
0xC00CF880 R
0xC00CF8C0 R
0xC00CF900 R
0xC00CF940 R
0xC00CF980 R
0xC00CF9C0 R
0xC00CFA00 R
0xC00CFA40 R
0xC00CFA80 R
0xC00CFAC0 R
0xC00CFB00 R
0xC00CFB40 R
0xC00CFB80 R
0xC00CFBC0 R
0xC00CFC00 R
0xC00CFC40 R
0xC00CFC80 R
0xC00CFCC0 R
0xC00CFD00 R
0xC00CFD40 R
0xC00CFD80 R
0xC00CFDC0 R
0xC00CFE00 R
0xC00CFE40 R
0xC00CFE80 R
0xC00CFEC0 R
0xC00CFF00 R
0xC00CFF40 R
0xC00CFF80 R
0xC00CFFC0 R
0xA00D0000 R
0xA00D0040 R
0xA00D0080 R
0xA00D00C0 R
0xA00D0100 R
0xA00D0140 R
0xA00D0180 R
0xA00D01C0 R
0xA00D0200 R
0xA00D0240 R
0xA00D0280 R
0xA00D02C0 R
0xA00D0300 R
0xA00D0340 R
0xA00D0380 R
0xA00D03C0 R
0xA00D0400 R
0xA00D0440 R
0xA00D0480 R
0xA00D04C0 R
0xA00D0500 R
0xA00D0540 R
0xA00D0580 R
0xA00D05C0 R
0xA00D0600 R
0xA00D0640 R
0xA00D0680 R
0xA00D06C0 R
0xA00D0700 R
0xA00D0740 R
0xA00D0780 R
0xA00D07C0 R
0xA00D0800 R
0xA00D0840 R
0xA00D0880 R
0xA00D08C0 R
0xA00D0900 R
0xA00D0940 R
0xA00D0980 R
0xA00D09C0 R
0xA00D0A00 R
0xA00D0A40 R
0xA00D0A80 R
0xA00D0AC0 R
0xA00D0B00 R
0xA00D0B40 R
0xA00D0B80 R
0xA00D0BC0 R
0xA00D0C00 R
0xA00D0C40 R
0xA00D0C80 R
0xA00D0CC0 R
0xA00D0D00 R
0xA00D0D40 R
0xA00D0D80 R
0xA00D0DC0 R
0xA00D0E00 R
0xA00D0E40 R
0xA00D0E80 R
0xA00D0EC0 R
0xA00D0F00 R
0xA00D0F40 R
0xA00D0F80 R
0xA00D0FC0 R
0xA00D1000 R
0xA00D1040 R
0xA00D1080 R
0xA00D10C0 R
0xA00D1100 R
0xA00D1140 R
0xA00D1180 R
0xA00D11C0 R
0xA00D1200 R
0xA00D1240 R
0xA00D1280 R
0xA00D12C0 R
0xA00D1300 R
0xA00D1340 R
0xA00D1380 R
0xA00D13C0 R
0xA00D1400 R
0xA00D1440 R
0xA00D1480 R
0xA00D14C0 R
0xA00D1500 R
0xA00D1540 R
0xA00D1580 R
0xA00D15C0 R
0xA00D1600 R
0xA00D1640 R
0xA00D1680 R
0xA00D16C0 R
0xA00D1700 R
0xA00D1740 R
0xA00D1780 R
0xA00D17C0 R
0xA00D1800 R
0xA00D1840 R
0xA00D1880 R
0xA00D18C0 R
0xA00D1900 R
0xA00D1940 R
0xA00D1980 R
0xA00D19C0 R
0xA00D1A00 R
0xA00D1A40 R
0xA00D1A80 R
0xA00D1AC0 R
0xA00D1B00 R
0xA00D1B40 R
0xA00D1B80 R
0xA00D1BC0 R
0xA00D1C00 R
0xA00D1C40 R
0xA00D1C80 R
0xA00D1CC0 R
0xA00D1D00 R
0xA00D1D40 R
0xA00D1D80 R
0xA00D1DC0 R
0xA00D1E00 R
0xA00D1E40 R
0xA00D1E80 R
0xA00D1EC0 R
0xA00D1F00 R
0xA00D1F40 R
0xA00D1F80 R
0xA00D1FC0 R
0xA00D2000 R
0xA00D2040 R
0xA00D2080 R
0xA00D20C0 R
0xA00D2100 R
0xA00D2140 R
0xA00D2180 R
0xA00D21C0 R
0xA00D2200 R
0xA00D2240 R
0xA00D2280 R
0xA00D22C0 R
0xA00D2300 R
0xA00D2340 R
0xA00D2380 R
0xA00D23C0 R
0xA00D2400 R
0xA00D2440 R
0xA00D2480 R
0xA00D24C0 R
0xA00D2500 R
0xA00D2540 R
0xA00D2580 R
0xA00D25C0 R
0xA00D2600 R
0xA00D2640 R
0xA00D2680 R
0xA00D26C0 R
0xA00D2700 R
0xA00D2740 R
0xA00D2780 R
0xA00D27C0 R
0xA00D2800 R
0xA00D2840 R
0xA00D2880 R
0xA00D28C0 R
0xA00D2900 R
0xA00D2940 R
0xA00D2980 R
0xA00D29C0 R
0xA00D2A00 R
0xA00D2A40 R
0xA00D2A80 R
0xA00D2AC0 R
0xA00D2B00 R
0xA00D2B40 R
0xA00D2B80 R
0xA00D2BC0 R
0xA00D2C00 R
0xA00D2C40 R
0xA00D2C80 R
0xA00D2CC0 R
0xA00D2D00 R
0xA00D2D40 R
0xA00D2D80 R
0xA00D2DC0 R
0xA00D2E00 R
0xA00D2E40 R
0xA00D2E80 R
0xA00D2EC0 R
0xA00D2F00 R
0xA00D2F40 R
0xA00D2F80 R
0xA00D2FC0 R
0xA00D3000 R
0xA00D3040 R
0xA00D3080 R
0xA00D30C0 R
0xA00D3100 R
0xA00D3140 R
0xA00D3180 R
0xA00D31C0 R
0xA00D3200 R
0xA00D3240 R
0xA00D3280 R
0xA00D32C0 R
0xA00D3300 R
0xA00D3340 R
0xA00D3380 R
0xA00D33C0 R
0xA00D3400 R
0xA00D3440 R
0xA00D3480 R
0xA00D34C0 R
0xA00D3500 R
0xA00D3540 R
0xA00D3580 R
0xA00D35C0 R
0xA00D3600 R
0xA00D3640 R
0xA00D3680 R
0xA00D36C0 R
0xA00D3700 R
0xA00D3740 R
0xA00D3780 R
0xA00D37C0 R
0xA00D3800 R
0xA00D3840 R
0xA00D3880 R
0xA00D38C0 R
0xA00D3900 R
0xA00D3940 R
0xA00D3980 R
0xA00D39C0 R
0xA00D3A00 R
0xA00D3A40 R
0xA00D3A80 R
0xA00D3AC0 R
0xA00D3B00 R
0xA00D3B40 R
0xA00D3B80 R
0xA00D3BC0 R
0xA00D3C00 R
0xA00D3C40 R
0xA00D3C80 R
0xA00D3CC0 R
0xA00D3D00 R
0xA00D3D40 R
0xA00D3D80 R
0xA00D3DC0 R
0xA00D3E00 R
0xA00D3E40 R
0xA00D3E80 R
0xA00D3EC0 R
0xA00D3F00 R
0xA00D3F40 R
0xA00D3F80 R
0xA00D3FC0 R
0xA00D4000 R
0xA00D4040 R
0xA00D4080 R
0xA00D40C0 R
0xA00D4100 R
0xA00D4140 R
0xA00D4180 R
0xA00D41C0 R
0xA00D4200 R
0xA00D4240 R
0xA00D4280 R
0xA00D42C0 R
0xA00D4300 R
0xA00D4340 R
0xA00D4380 R
0xA00D43C0 R
0xA00D4400 R
0xA00D4440 R
0xA00D4480 R
0xA00D44C0 R
0xA00D4500 R
0xA00D4540 R
0xA00D4580 R
0xA00D45C0 R
0xA00D4600 R
0xA00D4640 R
0xA00D4680 R
0xA00D46C0 R
0xA00D4700 R
0xA00D4740 R
0xA00D4780 R
0xA00D47C0 R
0xA00D4800 R
0xA00D4840 R
0xA00D4880 R
0xA00D48C0 R
0xA00D4900 R
0xA00D4940 R
0xA00D4980 R
0xA00D49C0 R
0xA00D4A00 R
0xA00D4A40 R
0xA00D4A80 R
0xA00D4AC0 R
0xA00D4B00 R
0xA00D4B40 R
0xA00D4B80 R
0xA00D4BC0 R
0xA00D4C00 R
0xA00D4C40 R
0xA00D4C80 R
0xA00D4CC0 R
0xA00D4D00 R
0xA00D4D40 R
0xA00D4D80 R
0xA00D4DC0 R
0xA00D4E00 R
0xA00D4E40 R
0xA00D4E80 R
0xA00D4EC0 R
0xA00D4F00 R
0xA00D4F40 R
0xA00D4F80 R
0xA00D4FC0 R
0xA00D5000 R
0xA00D5040 R
0xA00D5080 R
0xA00D50C0 R
0xA00D5100 R
0xA00D5140 R
0xA00D5180 R
0xA00D51C0 R
0xA00D5200 R
0xA00D5240 R
0xA00D5280 R
0xA00D52C0 R
0xA00D5300 R
0xA00D5340 R
0xA00D5380 R
0xA00D53C0 R
0xA00D5400 R
0xA00D5440 R
0xA00D5480 R
0xA00D54C0 R
0xA00D5500 R
0xA00D5540 R
0xA00D5580 R
0xA00D55C0 R
0xA00D5600 R
0xA00D5640 R
0xA00D5680 R
0xA00D56C0 R
0xA00D5700 R
0xA00D5740 R
0xA00D5780 R
0xA00D57C0 R
0xA00D5800 R
0xA00D5840 R
0xA00D5880 R
0xA00D58C0 R
0xA00D5900 R
0xA00D5940 R
0xA00D5980 R
0xA00D59C0 R
0xA00D5A00 R
0xA00D5A40 R
0xA00D5A80 R
0xA00D5AC0 R
0xA00D5B00 R
0xA00D5B40 R
0xA00D5B80 R
0xA00D5BC0 R
0xA00D5C00 R
0xA00D5C40 R
0xA00D5C80 R
0xA00D5CC0 R
0xA00D5D00 R
0xA00D5D40 R
0xA00D5D80 R
0xA00D5DC0 R
0xA00D5E00 R
0xA00D5E40 R
0xA00D5E80 R
0xA00D5EC0 R
0xA00D5F00 R
0xA00D5F40 R
0xA00D5F80 R
0xA00D5FC0 R
0xA00D6000 R
0xA00D6040 R
0xA00D6080 R
0xA00D60C0 R
0xA00D6100 R
0xA00D6140 R
0xA00D6180 R
0xA00D61C0 R
0xA00D6200 R
0xA00D6240 R
0xA00D6280 R
0xA00D62C0 R
0xA00D6300 R
0xA00D6340 R
0xA00D6380 R
0xA00D63C0 R
0xA00D6400 R
0xA00D6440 R
0xA00D6480 R
0xA00D64C0 R
0xA00D6500 R
0xA00D6540 R
0xA00D6580 R
0xA00D65C0 R
0xA00D6600 R
0xA00D6640 R
0xA00D6680 R
0xA00D66C0 R
0xA00D6700 R
0xA00D6740 R
0xA00D6780 R
0xA00D67C0 R
0xA00D6800 R
0xA00D6840 R
0xA00D6880 R
0xA00D68C0 R
0xA00D6900 R
0xA00D6940 R
0xA00D6980 R
0xA00D69C0 R
0xA00D6A00 R
0xA00D6A40 R
0xA00D6A80 R
0xA00D6AC0 R
0xA00D6B00 R
0xA00D6B40 R
0xA00D6B80 R
0xA00D6BC0 R
0xA00D6C00 R
0xA00D6C40 R
0xA00D6C80 R
0xA00D6CC0 R
0xA00D6D00 R
0xA00D6D40 R
0xA00D6D80 R
0xA00D6DC0 R
0xA00D6E00 R
0xA00D6E40 R
0xA00D6E80 R
0xA00D6EC0 R
0xA00D6F00 R
0xA00D6F40 R
0xA00D6F80 R
0xA00D6FC0 R
0xA00D7000 R
0xA00D7040 R
0xA00D7080 R
0xA00D70C0 R
0xA00D7100 R
0xA00D7140 R
0xA00D7180 R
0xA00D71C0 R
0xA00D7200 R
0xA00D7240 R
0xA00D7280 R
0xA00D72C0 R
0xA00D7300 R
0xA00D7340 R
0xA00D7380 R
0xA00D73C0 R
0xA00D7400 R
0xA00D7440 R
0xA00D7480 R
0xA00D74C0 R
0xA00D7500 R
0xA00D7540 R
0xA00D7580 R
0xA00D75C0 R
0xA00D7600 R
0xA00D7640 R
0xA00D7680 R
0xA00D76C0 R
0xA00D7700 R
0xA00D7740 R
0xA00D7780 R
0xA00D77C0 R
0xA00D7800 R
0xA00D7840 R
0xA00D7880 R
0xA00D78C0 R
0xA00D7900 R
0xA00D7940 R
0xA00D7980 R
0xA00D79C0 R
0xA00D7A00 R
0xA00D7A40 R
0xA00D7A80 R
0xA00D7AC0 R
0xA00D7B00 R
0xA00D7B40 R
0xA00D7B80 R
0xA00D7BC0 R
0xA00D7C00 R
0xA00D7C40 R
0xA00D7C80 R
0xA00D7CC0 R
0xA00D7D00 R
0xA00D7D40 R
0xA00D7D80 R
0xA00D7DC0 R
0xA00D7E00 R
0xA00D7E40 R
0xA00D7E80 R
0xA00D7EC0 R
0xA00D7F00 R
0xA00D7F40 R
0xA00D7F80 R
0xA00D7FC0 R
0xA00D8000 R
0xA00D8040 R
0xA00D8080 R
0xA00D80C0 R
0xA00D8100 R
0xA00D8140 R
0xA00D8180 R
0xA00D81C0 R
0xA00D8200 R
0xA00D8240 R
0xA00D8280 R
0xA00D82C0 R
0xA00D8300 R
0xA00D8340 R
0xA00D8380 R
0xA00D83C0 R
0xA00D8400 R
0xA00D8440 R
0xA00D8480 R
0xA00D84C0 R
0xA00D8500 R
0xA00D8540 R
0xA00D8580 R
0xA00D85C0 R
0xA00D8600 R
0xA00D8640 R
0xA00D8680 R
0xA00D86C0 R
0xA00D8700 R
0xA00D8740 R
0xA00D8780 R
0xA00D87C0 R
0xA00D8800 R
0xA00D8840 R
0xA00D8880 R
0xA00D88C0 R
0xA00D8900 R
0xA00D8940 R
0xA00D8980 R
0xA00D89C0 R
0xA00D8A00 R
0xA00D8A40 R
0xA00D8A80 R
0xA00D8AC0 R
0xA00D8B00 R
0xA00D8B40 R
0xA00D8B80 R
0xA00D8BC0 R
0xA00D8C00 R
0xA00D8C40 R
0xA00D8C80 R
0xA00D8CC0 R
0xA00D8D00 R
0xA00D8D40 R
0xA00D8D80 R
0xA00D8DC0 R
0xA00D8E00 R
0xA00D8E40 R
0xA00D8E80 R
0xA00D8EC0 R
0xA00D8F00 R
0xA00D8F40 R
0xA00D8F80 R
0xA00D8FC0 R
0xA00D9000 R
0xA00D9040 R
0xA00D9080 R
0xA00D90C0 R
0xA00D9100 R
0xA00D9140 R
0xA00D9180 R
0xA00D91C0 R
0xA00D9200 R
0xA00D9240 R
0xA00D9280 R
0xA00D92C0 R
0xA00D9300 R
0xA00D9340 R
0xA00D9380 R
0xA00D93C0 R
0xA00D9400 R
0xA00D9440 R
0xA00D9480 R
0xA00D94C0 R
0xA00D9500 R
0xA00D9540 R
0xA00D9580 R
0xA00D95C0 R
0xA00D9600 R
0xA00D9640 R
0xA00D9680 R
0xA00D96C0 R
0xA00D9700 R
0xA00D9740 R
0xA00D9780 R
0xA00D97C0 R
0xA00D9800 R
0xA00D9840 R
0xA00D9880 R
0xA00D98C0 R
0xA00D9900 R
0xA00D9940 R
0xA00D9980 R
0xA00D99C0 R
0xA00D9A00 R
0xA00D9A40 R
0xA00D9A80 R
0xA00D9AC0 R
0xA00D9B00 R
0xA00D9B40 R
0xA00D9B80 R
0xA00D9BC0 R
0xA00D9C00 R
0xA00D9C40 R
0xA00D9C80 R
0xA00D9CC0 R
0xA00D9D00 R
0xA00D9D40 R
0xA00D9D80 R
0xA00D9DC0 R
0xA00D9E00 R
0xA00D9E40 R
0xA00D9E80 R
0xA00D9EC0 R
0xA00D9F00 R
0xA00D9F40 R
0xA00D9F80 R
0xA00D9FC0 R
0xA00DA000 R
0xA00DA040 R
0xA00DA080 R
0xA00DA0C0 R
0xA00DA100 R
0xA00DA140 R
0xA00DA180 R
0xA00DA1C0 R
0xA00DA200 R
0xA00DA240 R
0xA00DA280 R
0xA00DA2C0 R
0xA00DA300 R
0xA00DA340 R
0xA00DA380 R
0xA00DA3C0 R
0xA00DA400 R
0xA00DA440 R
0xA00DA480 R
0xA00DA4C0 R
0xA00DA500 R
0xA00DA540 R
0xA00DA580 R
0xA00DA5C0 R
0xA00DA600 R
0xA00DA640 R
0xA00DA680 R
0xA00DA6C0 R
0xA00DA700 R
0xA00DA740 R
0xA00DA780 R
0xA00DA7C0 R
0xA00DA800 R
0xA00DA840 R
0xA00DA880 R
0xA00DA8C0 R
0xA00DA900 R
0xA00DA940 R
0xA00DA980 R
0xA00DA9C0 R
0xA00DAA00 R
0xA00DAA40 R
0xA00DAA80 R
0xA00DAAC0 R
0xA00DAB00 R
0xA00DAB40 R
0xA00DAB80 R
0xA00DABC0 R
0xA00DAC00 R
0xA00DAC40 R
0xA00DAC80 R
0xA00DACC0 R
0xA00DAD00 R
0xA00DAD40 R
0xA00DAD80 R
0xA00DADC0 R
0xA00DAE00 R
0xA00DAE40 R
0xA00DAE80 R
0xA00DAEC0 R
0xA00DAF00 R
0xA00DAF40 R
0xA00DAF80 R
0xA00DAFC0 R
0xA00DB000 R
0xA00DB040 R
0xA00DB080 R
0xA00DB0C0 R
0xA00DB100 R
0xA00DB140 R
0xA00DB180 R
0xA00DB1C0 R
0xA00DB200 R
0xA00DB240 R
0xA00DB280 R
0xA00DB2C0 R
0xA00DB300 R
0xA00DB340 R
0xA00DB380 R
0xA00DB3C0 R
0xA00DB400 R
0xA00DB440 R
0xA00DB480 R
0xA00DB4C0 R
0xA00DB500 R
0xA00DB540 R
0xA00DB580 R
0xA00DB5C0 R
0xA00DB600 R
0xA00DB640 R
0xA00DB680 R
0xA00DB6C0 R
0xA00DB700 R
0xA00DB740 R
0xA00DB780 R
0xA00DB7C0 R
0xA00DB800 R
0xA00DB840 R
0xA00DB880 R
0xA00DB8C0 R
0xA00DB900 R
0xA00DB940 R
0xA00DB980 R
0xA00DB9C0 R
0xA00DBA00 R
0xA00DBA40 R
0xA00DBA80 R
0xA00DBAC0 R
0xA00DBB00 R
0xA00DBB40 R
0xA00DBB80 R
0xA00DBBC0 R
0xA00DBC00 R
0xA00DBC40 R
0xA00DBC80 R
0xA00DBCC0 R
0xA00DBD00 R
0xA00DBD40 R
0xA00DBD80 R
0xA00DBDC0 R
0xA00DBE00 R
0xA00DBE40 R
0xA00DBE80 R
0xA00DBEC0 R
0xA00DBF00 R
0xA00DBF40 R
0xA00DBF80 R
0xA00DBFC0 R
0xA00DC000 R
0xA00DC040 R
0xA00DC080 R
0xA00DC0C0 R
0xA00DC100 R
0xA00DC140 R
0xA00DC180 R
0xA00DC1C0 R
0xA00DC200 R
0xA00DC240 R
0xA00DC280 R
0xA00DC2C0 R
0xA00DC300 R
0xA00DC340 R
0xA00DC380 R
0xA00DC3C0 R
0xA00DC400 R
0xA00DC440 R
0xA00DC480 R
0xA00DC4C0 R
0xA00DC500 R
0xA00DC540 R
0xA00DC580 R
0xA00DC5C0 R
0xA00DC600 R
0xA00DC640 R
0xA00DC680 R
0xA00DC6C0 R
0xA00DC700 R
0xA00DC740 R
0xA00DC780 R
0xA00DC7C0 R
0xA00DC800 R
0xA00DC840 R
0xA00DC880 R
0xA00DC8C0 R
0xA00DC900 R
0xA00DC940 R
0xA00DC980 R
0xA00DC9C0 R
0xA00DCA00 R
0xA00DCA40 R
0xA00DCA80 R
0xA00DCAC0 R
0xA00DCB00 R
0xA00DCB40 R
0xA00DCB80 R
0xA00DCBC0 R
0xA00DCC00 R
0xA00DCC40 R
0xA00DCC80 R
0xA00DCCC0 R
0xA00DCD00 R
0xA00DCD40 R
0xA00DCD80 R
0xA00DCDC0 R
0xA00DCE00 R
0xA00DCE40 R
0xA00DCE80 R
0xA00DCEC0 R
0xA00DCF00 R
0xA00DCF40 R
0xA00DCF80 R
0xA00DCFC0 R
0xA00DD000 R
0xA00DD040 R
0xA00DD080 R
0xA00DD0C0 R
0xA00DD100 R
0xA00DD140 R
0xA00DD180 R
0xA00DD1C0 R
0xA00DD200 R
0xA00DD240 R
0xA00DD280 R
0xA00DD2C0 R
0xA00DD300 R
0xA00DD340 R
0xA00DD380 R
0xA00DD3C0 R
0xA00DD400 R
0xA00DD440 R
0xA00DD480 R
0xA00DD4C0 R
0xA00DD500 R
0xA00DD540 R
0xA00DD580 R
0xA00DD5C0 R
0xA00DD600 R
0xA00DD640 R
0xA00DD680 R
0xA00DD6C0 R
0xA00DD700 R
0xA00DD740 R
0xA00DD780 R
0xA00DD7C0 R
0xA00DD800 R
0xA00DD840 R
0xA00DD880 R
0xA00DD8C0 R
0xA00DD900 R
0xA00DD940 R
0xA00DD980 R
0xA00DD9C0 R
0xA00DDA00 R
0xA00DDA40 R
0xA00DDA80 R
0xA00DDAC0 R
0xA00DDB00 R
0xA00DDB40 R
0xA00DDB80 R
0xA00DDBC0 R
0xA00DDC00 R
0xA00DDC40 R
0xA00DDC80 R
0xA00DDCC0 R
0xA00DDD00 R
0xA00DDD40 R
0xA00DDD80 R
0xA00DDDC0 R
0xA00DDE00 R
0xA00DDE40 R
0xA00DDE80 R
0xA00DDEC0 R
0xA00DDF00 R
0xA00DDF40 R
0xA00DDF80 R
0xA00DDFC0 R
0xA00DE000 R
0xA00DE040 R
0xA00DE080 R
0xA00DE0C0 R
0xA00DE100 R
0xA00DE140 R
0xA00DE180 R
0xA00DE1C0 R
0xA00DE200 R
0xA00DE240 R
0xA00DE280 R
0xA00DE2C0 R
0xA00DE300 R
0xA00DE340 R
0xA00DE380 R
0xA00DE3C0 R
0xA00DE400 R
0xA00DE440 R
0xA00DE480 R
0xA00DE4C0 R
0xA00DE500 R
0xA00DE540 R
0xA00DE580 R
0xA00DE5C0 R
0xA00DE600 R
0xA00DE640 R
0xA00DE680 R
0xA00DE6C0 R
0xA00DE700 R
0xA00DE740 R
0xA00DE780 R
0xA00DE7C0 R
0xA00DE800 R
0xA00DE840 R
0xA00DE880 R
0xA00DE8C0 R
0xA00DE900 R
0xA00DE940 R
0xA00DE980 R
0xA00DE9C0 R
0xA00DEA00 R
0xA00DEA40 R
0xA00DEA80 R
0xA00DEAC0 R
0xA00DEB00 R
0xA00DEB40 R
0xA00DEB80 R
0xA00DEBC0 R
0xA00DEC00 R
0xA00DEC40 R
0xA00DEC80 R
0xA00DECC0 R
0xA00DED00 R
0xA00DED40 R
0xA00DED80 R
0xA00DEDC0 R
0xA00DEE00 R
0xA00DEE40 R
0xA00DEE80 R
0xA00DEEC0 R
0xA00DEF00 R
0xA00DEF40 R
0xA00DEF80 R
0xA00DEFC0 R
0xA00DF000 R
0xA00DF040 R
0xA00DF080 R
0xA00DF0C0 R
0xA00DF100 R
0xA00DF140 R
0xA00DF180 R
0xA00DF1C0 R
0xA00DF200 R
0xA00DF240 R
0xA00DF280 R
0xA00DF2C0 R
0xA00DF300 R
0xA00DF340 R
0xA00DF380 R
0xA00DF3C0 R
0xA00DF400 R
0xA00DF440 R
0xA00DF480 R
0xA00DF4C0 R
0xA00DF500 R
0xA00DF540 R
0xA00DF580 R
0xA00DF5C0 R
0xA00DF600 R
0xA00DF640 R
0xA00DF680 R
0xA00DF6C0 R
0xA00DF700 R
0xA00DF740 R
0xA00DF780 R
0xA00DF7C0 R
0xA00DF800 R
0xA00DF840 R
0xA00DF880 R
0xA00DF8C0 R
0xA00DF900 R
0xA00DF940 R
0xA00DF980 R
0xA00DF9C0 R
0xA00DFA00 R
0xA00DFA40 R
0xA00DFA80 R
0xA00DFAC0 R
0xA00DFB00 R
0xA00DFB40 R
0xA00DFB80 R
0xA00DFBC0 R
0xA00DFC00 R
0xA00DFC40 R
0xA00DFC80 R
0xA00DFCC0 R
0xA00DFD00 R
0xA00DFD40 R
0xA00DFD80 R
0xA00DFDC0 R
0xA00DFE00 R
0xA00DFE40 R
0xA00DFE80 R
0xA00DFEC0 R
0xA00DFF00 R
0xA00DFF40 R
0xA00DFF80 R
0xA00DFFC0 R
0xC00D0000 W
0xC00D0040 W
0xC00D0080 W
0xC00D00C0 W
0xC00D0100 W
0xC00D0140 W
0xC00D0180 W
0xC00D01C0 W
0xC00D0200 W
0xC00D0240 W
0xC00D0280 W
0xC00D02C0 W
0xC00D0300 W
0xC00D0340 W
0xC00D0380 W
0xC00D03C0 W
0xC00D0400 W
0xC00D0440 W
0xC00D0480 W
0xC00D04C0 W
0xC00D0500 W
0xC00D0540 W
0xC00D0580 W
0xC00D05C0 W
0xC00D0600 W
0xC00D0640 W
0xC00D0680 W
0xC00D06C0 W
0xC00D0700 W
0xC00D0740 W
0xC00D0780 W
0xC00D07C0 W
0xC00D0800 W
0xC00D0840 W
0xC00D0880 W
0xC00D08C0 W
0xC00D0900 W
0xC00D0940 W
0xC00D0980 W
0xC00D09C0 W
0xC00D0A00 W
0xC00D0A40 W
0xC00D0A80 W
0xC00D0AC0 W
0xC00D0B00 W
0xC00D0B40 W
0xC00D0B80 W
0xC00D0BC0 W
0xC00D0C00 W
0xC00D0C40 W
0xC00D0C80 W
0xC00D0CC0 W
0xC00D0D00 W
0xC00D0D40 W
0xC00D0D80 W
0xC00D0DC0 W
0xC00D0E00 W
0xC00D0E40 W
0xC00D0E80 W
0xC00D0EC0 W
0xC00D0F00 W
0xC00D0F40 W
0xC00D0F80 W
0xC00D0FC0 W
0xC00D1000 W
0xC00D1040 W
0xC00D1080 W
0xC00D10C0 W
0xC00D1100 W
0xC00D1140 W
0xC00D1180 W
0xC00D11C0 W
0xC00D1200 W
0xC00D1240 W
0xC00D1280 W
0xC00D12C0 W
0xC00D1300 W
0xC00D1340 W
0xC00D1380 W
0xC00D13C0 W
0xC00D1400 W
0xC00D1440 W
0xC00D1480 W
0xC00D14C0 W
0xC00D1500 W
0xC00D1540 W
0xC00D1580 W
0xC00D15C0 W
0xC00D1600 W
0xC00D1640 W
0xC00D1680 W
0xC00D16C0 W
0xC00D1700 W
0xC00D1740 W
0xC00D1780 W
0xC00D17C0 W
0xC00D1800 W
0xC00D1840 W
0xC00D1880 W
0xC00D18C0 W
0xC00D1900 W
0xC00D1940 W
0xC00D1980 W
0xC00D19C0 W
0xC00D1A00 W
0xC00D1A40 W
0xC00D1A80 W
0xC00D1AC0 W
0xC00D1B00 W
0xC00D1B40 W
0xC00D1B80 W
0xC00D1BC0 W
0xC00D1C00 W
0xC00D1C40 W
0xC00D1C80 W
0xC00D1CC0 W
0xC00D1D00 W
0xC00D1D40 W
0xC00D1D80 W
0xC00D1DC0 W
0xC00D1E00 W
0xC00D1E40 W
0xC00D1E80 W
0xC00D1EC0 W
0xC00D1F00 W
0xC00D1F40 W
0xC00D1F80 W
0xC00D1FC0 W
0xC00D2000 W
0xC00D2040 W
0xC00D2080 W
0xC00D20C0 W
0xC00D2100 W
0xC00D2140 W
0xC00D2180 W
0xC00D21C0 W
0xC00D2200 W
0xC00D2240 W
0xC00D2280 W
0xC00D22C0 W
0xC00D2300 W
0xC00D2340 W
0xC00D2380 W
0xC00D23C0 W
0xC00D2400 W
0xC00D2440 W
0xC00D2480 W
0xC00D24C0 W
0xC00D2500 W
0xC00D2540 W
0xC00D2580 W
0xC00D25C0 W
0xC00D2600 W
0xC00D2640 W
0xC00D2680 W
0xC00D26C0 W
0xC00D2700 W
0xC00D2740 W
0xC00D2780 W
0xC00D27C0 W
0xC00D2800 W
0xC00D2840 W
0xC00D2880 W
0xC00D28C0 W
0xC00D2900 W
0xC00D2940 W
0xC00D2980 W
0xC00D29C0 W
0xC00D2A00 W
0xC00D2A40 W
0xC00D2A80 W
0xC00D2AC0 W
0xC00D2B00 W
0xC00D2B40 W
0xC00D2B80 W
0xC00D2BC0 W
0xC00D2C00 W
0xC00D2C40 W
0xC00D2C80 W
0xC00D2CC0 W
0xC00D2D00 W
0xC00D2D40 W
0xC00D2D80 W
0xC00D2DC0 W
0xC00D2E00 W
0xC00D2E40 W
0xC00D2E80 W
0xC00D2EC0 W
0xC00D2F00 W
0xC00D2F40 W
0xC00D2F80 W
0xC00D2FC0 W
0xC00D3000 W
0xC00D3040 W
0xC00D3080 W
0xC00D30C0 W
0xC00D3100 W
0xC00D3140 W
0xC00D3180 W
0xC00D31C0 W
0xC00D3200 W
0xC00D3240 W
0xC00D3280 W
0xC00D32C0 W
0xC00D3300 W
0xC00D3340 W
0xC00D3380 W
0xC00D33C0 W
0xC00D3400 W
0xC00D3440 W
0xC00D3480 W
0xC00D34C0 W
0xC00D3500 W
0xC00D3540 W
0xC00D3580 W
0xC00D35C0 W
0xC00D3600 W
0xC00D3640 W
0xC00D3680 W
0xC00D36C0 W
0xC00D3700 W
0xC00D3740 W
0xC00D3780 W
0xC00D37C0 W
0xC00D3800 W
0xC00D3840 W
0xC00D3880 W
0xC00D38C0 W
0xC00D3900 W
0xC00D3940 W
0xC00D3980 W
0xC00D39C0 W
0xC00D3A00 W
0xC00D3A40 W
0xC00D3A80 W
0xC00D3AC0 W
0xC00D3B00 W
0xC00D3B40 W
0xC00D3B80 W
0xC00D3BC0 W
0xC00D3C00 W
0xC00D3C40 W
0xC00D3C80 W
0xC00D3CC0 W
0xC00D3D00 W
0xC00D3D40 W
0xC00D3D80 W
0xC00D3DC0 W
0xC00D3E00 W
0xC00D3E40 W
0xC00D3E80 W
0xC00D3EC0 W
0xC00D3F00 W
0xC00D3F40 W
0xC00D3F80 W
0xC00D3FC0 W
0xC00D4000 W
0xC00D4040 W
0xC00D4080 W
0xC00D40C0 W
0xC00D4100 W
0xC00D4140 W
0xC00D4180 W
0xC00D41C0 W
0xC00D4200 W
0xC00D4240 W
0xC00D4280 W
0xC00D42C0 W
0xC00D4300 W
0xC00D4340 W
0xC00D4380 W
0xC00D43C0 W
0xC00D4400 W
0xC00D4440 W
0xC00D4480 W
0xC00D44C0 W
0xC00D4500 W
0xC00D4540 W
0xC00D4580 W
0xC00D45C0 W
0xC00D4600 W
0xC00D4640 W
0xC00D4680 W
0xC00D46C0 W
0xC00D4700 W
0xC00D4740 W
0xC00D4780 W
0xC00D47C0 W
0xC00D4800 W
0xC00D4840 W
0xC00D4880 W
0xC00D48C0 W
0xC00D4900 W
0xC00D4940 W
0xC00D4980 W
0xC00D49C0 W
0xC00D4A00 W
0xC00D4A40 W
0xC00D4A80 W
0xC00D4AC0 W
0xC00D4B00 W
0xC00D4B40 W
0xC00D4B80 W
0xC00D4BC0 W
0xC00D4C00 W
0xC00D4C40 W
0xC00D4C80 W
0xC00D4CC0 W
0xC00D4D00 W
0xC00D4D40 W
0xC00D4D80 W
0xC00D4DC0 W
0xC00D4E00 W
0xC00D4E40 W
0xC00D4E80 W
0xC00D4EC0 W
0xC00D4F00 W
0xC00D4F40 W
0xC00D4F80 W
0xC00D4FC0 W
0xC00D5000 W
0xC00D5040 W
0xC00D5080 W
0xC00D50C0 W
0xC00D5100 W
0xC00D5140 W
0xC00D5180 W
0xC00D51C0 W
0xC00D5200 W
0xC00D5240 W
0xC00D5280 W
0xC00D52C0 W
0xC00D5300 W
0xC00D5340 W
0xC00D5380 W
0xC00D53C0 W
0xC00D5400 W
0xC00D5440 W
0xC00D5480 W
0xC00D54C0 W
0xC00D5500 W
0xC00D5540 W
0xC00D5580 W
0xC00D55C0 W
0xC00D5600 W
0xC00D5640 W
0xC00D5680 W
0xC00D56C0 W
0xC00D5700 W
0xC00D5740 W
0xC00D5780 W
0xC00D57C0 W
0xC00D5800 W
0xC00D5840 W
0xC00D5880 W
0xC00D58C0 W
0xC00D5900 W
0xC00D5940 W
0xC00D5980 W
0xC00D59C0 W
0xC00D5A00 W
0xC00D5A40 W
0xC00D5A80 W
0xC00D5AC0 W
0xC00D5B00 W
0xC00D5B40 W
0xC00D5B80 W
0xC00D5BC0 W
0xC00D5C00 W
0xC00D5C40 W
0xC00D5C80 W
0xC00D5CC0 W
0xC00D5D00 W
0xC00D5D40 W
0xC00D5D80 W
0xC00D5DC0 W
0xC00D5E00 W
0xC00D5E40 W
0xC00D5E80 W
0xC00D5EC0 W
0xC00D5F00 W
0xC00D5F40 W
0xC00D5F80 W
0xC00D5FC0 W
0xC00D6000 W
0xC00D6040 W
0xC00D6080 W
0xC00D60C0 W
0xC00D6100 W
0xC00D6140 W
0xC00D6180 W
0xC00D61C0 W
0xC00D6200 W
0xC00D6240 W
0xC00D6280 W
0xC00D62C0 W
0xC00D6300 W
0xC00D6340 W
0xC00D6380 W
0xC00D63C0 W
0xC00D6400 W
0xC00D6440 W
0xC00D6480 W
0xC00D64C0 W
0xC00D6500 W
0xC00D6540 W
0xC00D6580 W
0xC00D65C0 W
0xC00D6600 W
0xC00D6640 W
0xC00D6680 W
0xC00D66C0 W
0xC00D6700 W
0xC00D6740 W
0xC00D6780 W
0xC00D67C0 W
0xC00D6800 W
0xC00D6840 W
0xC00D6880 W
0xC00D68C0 W
0xC00D6900 W
0xC00D6940 W
0xC00D6980 W
0xC00D69C0 W
0xC00D6A00 W
0xC00D6A40 W
0xC00D6A80 W
0xC00D6AC0 W
0xC00D6B00 W
0xC00D6B40 W
0xC00D6B80 W
0xC00D6BC0 W
0xC00D6C00 W
0xC00D6C40 W
0xC00D6C80 W
0xC00D6CC0 W
0xC00D6D00 W
0xC00D6D40 W
0xC00D6D80 W
0xC00D6DC0 W
0xC00D6E00 W
0xC00D6E40 W
0xC00D6E80 W
0xC00D6EC0 W
0xC00D6F00 W
0xC00D6F40 W
0xC00D6F80 W
0xC00D6FC0 W
0xC00D7000 W
0xC00D7040 W
0xC00D7080 W
0xC00D70C0 W
0xC00D7100 W
0xC00D7140 W
0xC00D7180 W
0xC00D71C0 W
0xC00D7200 W
0xC00D7240 W
0xC00D7280 W
0xC00D72C0 W
0xC00D7300 W
0xC00D7340 W
0xC00D7380 W
0xC00D73C0 W
0xC00D7400 W
0xC00D7440 W
0xC00D7480 W
0xC00D74C0 W
0xC00D7500 W
0xC00D7540 W
0xC00D7580 W
0xC00D75C0 W
0xC00D7600 W
0xC00D7640 W
0xC00D7680 W
0xC00D76C0 W
0xC00D7700 W
0xC00D7740 W
0xC00D7780 W
0xC00D77C0 W
0xC00D7800 W
0xC00D7840 W
0xC00D7880 W
0xC00D78C0 W
0xC00D7900 W
0xC00D7940 W
0xC00D7980 W
0xC00D79C0 W
0xC00D7A00 W
0xC00D7A40 W
0xC00D7A80 W
0xC00D7AC0 W
0xC00D7B00 W
0xC00D7B40 W
0xC00D7B80 W
0xC00D7BC0 W
0xC00D7C00 W
0xC00D7C40 W
0xC00D7C80 W
0xC00D7CC0 W
0xC00D7D00 W
0xC00D7D40 W
0xC00D7D80 W
0xC00D7DC0 W
0xC00D7E00 W
0xC00D7E40 W
0xC00D7E80 W
0xC00D7EC0 W
0xC00D7F00 W
0xC00D7F40 W
0xC00D7F80 W
0xC00D7FC0 W
0xC00D8000 W
0xC00D8040 W
0xC00D8080 W
0xC00D80C0 W
0xC00D8100 W
0xC00D8140 W
0xC00D8180 W
0xC00D81C0 W
0xC00D8200 W
0xC00D8240 W
0xC00D8280 W
0xC00D82C0 W
0xC00D8300 W
0xC00D8340 W
0xC00D8380 W
0xC00D83C0 W
0xC00D8400 W
0xC00D8440 W
0xC00D8480 W
0xC00D84C0 W
0xC00D8500 W
0xC00D8540 W
0xC00D8580 W
0xC00D85C0 W
0xC00D8600 W
0xC00D8640 W
0xC00D8680 W
0xC00D86C0 W
0xC00D8700 W
0xC00D8740 W
0xC00D8780 W
0xC00D87C0 W
0xC00D8800 W
0xC00D8840 W
0xC00D8880 W
0xC00D88C0 W
0xC00D8900 W
0xC00D8940 W
0xC00D8980 W
0xC00D89C0 W
0xC00D8A00 W
0xC00D8A40 W
0xC00D8A80 W
0xC00D8AC0 W
0xC00D8B00 W
0xC00D8B40 W
0xC00D8B80 W
0xC00D8BC0 W
0xC00D8C00 W
0xC00D8C40 W
0xC00D8C80 W
0xC00D8CC0 W
0xC00D8D00 W
0xC00D8D40 W
0xC00D8D80 W
0xC00D8DC0 W
0xC00D8E00 W
0xC00D8E40 W
0xC00D8E80 W
0xC00D8EC0 W
0xC00D8F00 W
0xC00D8F40 W
0xC00D8F80 W
0xC00D8FC0 W
0xC00D9000 W
0xC00D9040 W
0xC00D9080 W
0xC00D90C0 W
0xC00D9100 W
0xC00D9140 W
0xC00D9180 W
0xC00D91C0 W
0xC00D9200 W
0xC00D9240 W
0xC00D9280 W
0xC00D92C0 W
0xC00D9300 W
0xC00D9340 W
0xC00D9380 W
0xC00D93C0 W
0xC00D9400 W
0xC00D9440 W
0xC00D9480 W
0xC00D94C0 W
0xC00D9500 W
0xC00D9540 W
0xC00D9580 W
0xC00D95C0 W
0xC00D9600 W
0xC00D9640 W
0xC00D9680 W
0xC00D96C0 W
0xC00D9700 W
0xC00D9740 W
0xC00D9780 W
0xC00D97C0 W
0xC00D9800 W
0xC00D9840 W
0xC00D9880 W
0xC00D98C0 W
0xC00D9900 W
0xC00D9940 W
0xC00D9980 W
0xC00D99C0 W
0xC00D9A00 W
0xC00D9A40 W
0xC00D9A80 W
0xC00D9AC0 W
0xC00D9B00 W
0xC00D9B40 W
0xC00D9B80 W
0xC00D9BC0 W
0xC00D9C00 W
0xC00D9C40 W
0xC00D9C80 W
0xC00D9CC0 W
0xC00D9D00 W
0xC00D9D40 W
0xC00D9D80 W
0xC00D9DC0 W
0xC00D9E00 W
0xC00D9E40 W
0xC00D9E80 W
0xC00D9EC0 W
0xC00D9F00 W
0xC00D9F40 W
0xC00D9F80 W
0xC00D9FC0 W
0xC00DA000 W
0xC00DA040 W
0xC00DA080 W
0xC00DA0C0 W
0xC00DA100 W
0xC00DA140 W
0xC00DA180 W
0xC00DA1C0 W
0xC00DA200 W
0xC00DA240 W
0xC00DA280 W
0xC00DA2C0 W
0xC00DA300 W
0xC00DA340 W
0xC00DA380 W
0xC00DA3C0 W
0xC00DA400 W
0xC00DA440 W
0xC00DA480 W
0xC00DA4C0 W
0xC00DA500 W
0xC00DA540 W
0xC00DA580 W
0xC00DA5C0 W
0xC00DA600 W
0xC00DA640 W
0xC00DA680 W
0xC00DA6C0 W
0xC00DA700 W
0xC00DA740 W
0xC00DA780 W
0xC00DA7C0 W
0xC00DA800 W
0xC00DA840 W
0xC00DA880 W
0xC00DA8C0 W
0xC00DA900 W
0xC00DA940 W
0xC00DA980 W
0xC00DA9C0 W
0xC00DAA00 W
0xC00DAA40 W
0xC00DAA80 W
0xC00DAAC0 W
0xC00DAB00 W
0xC00DAB40 W
0xC00DAB80 W
0xC00DABC0 W
0xC00DAC00 W
0xC00DAC40 W
0xC00DAC80 W
0xC00DACC0 W
0xC00DAD00 W
0xC00DAD40 W
0xC00DAD80 W
0xC00DADC0 W
0xC00DAE00 W
0xC00DAE40 W
0xC00DAE80 W
0xC00DAEC0 W
0xC00DAF00 W
0xC00DAF40 W
0xC00DAF80 W
0xC00DAFC0 W
0xC00DB000 W
0xC00DB040 W
0xC00DB080 W
0xC00DB0C0 W
0xC00DB100 W
0xC00DB140 W
0xC00DB180 W
0xC00DB1C0 W
0xC00DB200 W
0xC00DB240 W
0xC00DB280 W
0xC00DB2C0 W
0xC00DB300 W
0xC00DB340 W
0xC00DB380 W
0xC00DB3C0 W
0xC00DB400 W
0xC00DB440 W
0xC00DB480 W
0xC00DB4C0 W
0xC00DB500 W
0xC00DB540 W
0xC00DB580 W
0xC00DB5C0 W
0xC00DB600 W
0xC00DB640 W
0xC00DB680 W
0xC00DB6C0 W
0xC00DB700 W
0xC00DB740 W
0xC00DB780 W
0xC00DB7C0 W
0xC00DB800 W
0xC00DB840 W
0xC00DB880 W
0xC00DB8C0 W
0xC00DB900 W
0xC00DB940 W
0xC00DB980 W
0xC00DB9C0 W
0xC00DBA00 W
0xC00DBA40 W
0xC00DBA80 W
0xC00DBAC0 W
0xC00DBB00 W
0xC00DBB40 W
0xC00DBB80 W
0xC00DBBC0 W
0xC00DBC00 W
0xC00DBC40 W
0xC00DBC80 W
0xC00DBCC0 W
0xC00DBD00 W
0xC00DBD40 W
0xC00DBD80 W
0xC00DBDC0 W
0xC00DBE00 W
0xC00DBE40 W
0xC00DBE80 W
0xC00DBEC0 W
0xC00DBF00 W
0xC00DBF40 W
0xC00DBF80 W
0xC00DBFC0 W
0xC00DC000 W
0xC00DC040 W
0xC00DC080 W
0xC00DC0C0 W
0xC00DC100 W
0xC00DC140 W
0xC00DC180 W
0xC00DC1C0 W
0xC00DC200 W
0xC00DC240 W
0xC00DC280 W
0xC00DC2C0 W
0xC00DC300 W
0xC00DC340 W
0xC00DC380 W
0xC00DC3C0 W
0xC00DC400 W
0xC00DC440 W
0xC00DC480 W
0xC00DC4C0 W
0xC00DC500 W
0xC00DC540 W
0xC00DC580 W
0xC00DC5C0 W
0xC00DC600 W
0xC00DC640 W
0xC00DC680 W
0xC00DC6C0 W
0xC00DC700 W
0xC00DC740 W
0xC00DC780 W
0xC00DC7C0 W
0xC00DC800 W
0xC00DC840 W
0xC00DC880 W
0xC00DC8C0 W
0xC00DC900 W
0xC00DC940 W
0xC00DC980 W
0xC00DC9C0 W
0xC00DCA00 W
0xC00DCA40 W
0xC00DCA80 W
0xC00DCAC0 W
0xC00DCB00 W
0xC00DCB40 W
0xC00DCB80 W
0xC00DCBC0 W
0xC00DCC00 W
0xC00DCC40 W
0xC00DCC80 W
0xC00DCCC0 W
0xC00DCD00 W
0xC00DCD40 W
0xC00DCD80 W
0xC00DCDC0 W
0xC00DCE00 W
0xC00DCE40 W
0xC00DCE80 W
0xC00DCEC0 W
0xC00DCF00 W
0xC00DCF40 W
0xC00DCF80 W
0xC00DCFC0 W
0xC00DD000 W
0xC00DD040 W
0xC00DD080 W
0xC00DD0C0 W
0xC00DD100 W
0xC00DD140 W
0xC00DD180 W
0xC00DD1C0 W
0xC00DD200 W
0xC00DD240 W
0xC00DD280 W
0xC00DD2C0 W
0xC00DD300 W
0xC00DD340 W
0xC00DD380 W
0xC00DD3C0 W
0xC00DD400 W
0xC00DD440 W
0xC00DD480 W
0xC00DD4C0 W
0xC00DD500 W
0xC00DD540 W
0xC00DD580 W
0xC00DD5C0 W
0xC00DD600 W
0xC00DD640 W
0xC00DD680 W
0xC00DD6C0 W
0xC00DD700 W
0xC00DD740 W
0xC00DD780 W
0xC00DD7C0 W
0xC00DD800 W
0xC00DD840 W
0xC00DD880 W
0xC00DD8C0 W
0xC00DD900 W
0xC00DD940 W
0xC00DD980 W
0xC00DD9C0 W
0xC00DDA00 W
0xC00DDA40 W
0xC00DDA80 W
0xC00DDAC0 W
0xC00DDB00 W
0xC00DDB40 W
0xC00DDB80 W
0xC00DDBC0 W
0xC00DDC00 W
0xC00DDC40 W
0xC00DDC80 W
0xC00DDCC0 W
0xC00DDD00 W
0xC00DDD40 W
0xC00DDD80 W
0xC00DDDC0 W
0xC00DDE00 W
0xC00DDE40 W
0xC00DDE80 W
0xC00DDEC0 W
0xC00DDF00 W
0xC00DDF40 W
0xC00DDF80 W
0xC00DDFC0 W
0xC00DE000 W
0xC00DE040 W
0xC00DE080 W
0xC00DE0C0 W
0xC00DE100 W
0xC00DE140 W
0xC00DE180 W
0xC00DE1C0 W
0xC00DE200 W
0xC00DE240 W
0xC00DE280 W
0xC00DE2C0 W
0xC00DE300 W
0xC00DE340 W
0xC00DE380 W
0xC00DE3C0 W
0xC00DE400 W
0xC00DE440 W
0xC00DE480 W
0xC00DE4C0 W
0xC00DE500 W
0xC00DE540 W
0xC00DE580 W
0xC00DE5C0 W
0xC00DE600 W
0xC00DE640 W
0xC00DE680 W
0xC00DE6C0 W
0xC00DE700 W
0xC00DE740 W
0xC00DE780 W
0xC00DE7C0 W
0xC00DE800 W
0xC00DE840 W
0xC00DE880 W
0xC00DE8C0 W
0xC00DE900 W
0xC00DE940 W
0xC00DE980 W
0xC00DE9C0 W
0xC00DEA00 W
0xC00DEA40 W
0xC00DEA80 W
0xC00DEAC0 W
0xC00DEB00 W
0xC00DEB40 W
0xC00DEB80 W
0xC00DEBC0 W
0xC00DEC00 W
0xC00DEC40 W
0xC00DEC80 W
0xC00DECC0 W
0xC00DED00 W
0xC00DED40 W
0xC00DED80 W
0xC00DEDC0 W
0xC00DEE00 W
0xC00DEE40 W
0xC00DEE80 W
0xC00DEEC0 W
0xC00DEF00 W
0xC00DEF40 W
0xC00DEF80 W
0xC00DEFC0 W
0xC00DF000 W
0xC00DF040 W
0xC00DF080 W
0xC00DF0C0 W
0xC00DF100 W
0xC00DF140 W
0xC00DF180 W
0xC00DF1C0 W
0xC00DF200 W
0xC00DF240 W
0xC00DF280 W
0xC00DF2C0 W
0xC00DF300 W
0xC00DF340 W
0xC00DF380 W
0xC00DF3C0 W
0xC00DF400 W
0xC00DF440 W
0xC00DF480 W
0xC00DF4C0 W
0xC00DF500 W
0xC00DF540 W
0xC00DF580 W
0xC00DF5C0 W
0xC00DF600 W
0xC00DF640 W
0xC00DF680 W
0xC00DF6C0 W
0xC00DF700 W
0xC00DF740 W
0xC00DF780 W
0xC00DF7C0 W
0xC00DF800 W
0xC00DF840 W
0xC00DF880 W
0xC00DF8C0 W
0xC00DF900 W
0xC00DF940 W
0xC00DF980 W
0xC00DF9C0 W
0xC00DFA00 W
0xC00DFA40 W
0xC00DFA80 W
0xC00DFAC0 W
0xC00DFB00 W
0xC00DFB40 W
0xC00DFB80 W
0xC00DFBC0 W
0xC00DFC00 W
0xC00DFC40 W
0xC00DFC80 W
0xC00DFCC0 W
0xC00DFD00 W
0xC00DFD40 W
0xC00DFD80 W
0xC00DFDC0 W
0xC00DFE00 W
0xC00DFE40 W
0xC00DFE80 W
0xC00DFEC0 W
0xC00DFF00 W
0xC00DFF40 W
0xC00DFF80 W
0xC00DFFC0 W
0xC00D0000 R
0xC00D0040 R
0xC00D0080 R
0xC00D00C0 R
0xC00D0100 R
0xC00D0140 R
0xC00D0180 R
0xC00D01C0 R
0xC00D0200 R
0xC00D0240 R
0xC00D0280 R
0xC00D02C0 R
0xC00D0300 R
0xC00D0340 R
0xC00D0380 R
0xC00D03C0 R
0xC00D0400 R
0xC00D0440 R
0xC00D0480 R
0xC00D04C0 R
0xC00D0500 R
0xC00D0540 R
0xC00D0580 R
0xC00D05C0 R
0xC00D0600 R
0xC00D0640 R
0xC00D0680 R
0xC00D06C0 R
0xC00D0700 R
0xC00D0740 R
0xC00D0780 R
0xC00D07C0 R
0xC00D0800 R
0xC00D0840 R
0xC00D0880 R
0xC00D08C0 R
0xC00D0900 R
0xC00D0940 R
0xC00D0980 R
0xC00D09C0 R
0xC00D0A00 R
0xC00D0A40 R
0xC00D0A80 R
0xC00D0AC0 R
0xC00D0B00 R
0xC00D0B40 R
0xC00D0B80 R
0xC00D0BC0 R
0xC00D0C00 R
0xC00D0C40 R
0xC00D0C80 R
0xC00D0CC0 R
0xC00D0D00 R
0xC00D0D40 R
0xC00D0D80 R
0xC00D0DC0 R
0xC00D0E00 R
0xC00D0E40 R
0xC00D0E80 R
0xC00D0EC0 R
0xC00D0F00 R
0xC00D0F40 R
0xC00D0F80 R
0xC00D0FC0 R
0xC00D1000 R
0xC00D1040 R
0xC00D1080 R
0xC00D10C0 R
0xC00D1100 R
0xC00D1140 R
0xC00D1180 R
0xC00D11C0 R
0xC00D1200 R
0xC00D1240 R
0xC00D1280 R
0xC00D12C0 R
0xC00D1300 R
0xC00D1340 R
0xC00D1380 R
0xC00D13C0 R
0xC00D1400 R
0xC00D1440 R
0xC00D1480 R
0xC00D14C0 R
0xC00D1500 R
0xC00D1540 R
0xC00D1580 R
0xC00D15C0 R
0xC00D1600 R
0xC00D1640 R
0xC00D1680 R
0xC00D16C0 R
0xC00D1700 R
0xC00D1740 R
0xC00D1780 R
0xC00D17C0 R
0xC00D1800 R
0xC00D1840 R
0xC00D1880 R
0xC00D18C0 R
0xC00D1900 R
0xC00D1940 R
0xC00D1980 R
0xC00D19C0 R
0xC00D1A00 R
0xC00D1A40 R
0xC00D1A80 R
0xC00D1AC0 R
0xC00D1B00 R
0xC00D1B40 R
0xC00D1B80 R
0xC00D1BC0 R
0xC00D1C00 R
0xC00D1C40 R
0xC00D1C80 R
0xC00D1CC0 R
0xC00D1D00 R
0xC00D1D40 R
0xC00D1D80 R
0xC00D1DC0 R
0xC00D1E00 R
0xC00D1E40 R
0xC00D1E80 R
0xC00D1EC0 R
0xC00D1F00 R
0xC00D1F40 R
0xC00D1F80 R
0xC00D1FC0 R
0xC00D2000 R
0xC00D2040 R
0xC00D2080 R
0xC00D20C0 R
0xC00D2100 R
0xC00D2140 R
0xC00D2180 R
0xC00D21C0 R
0xC00D2200 R
0xC00D2240 R
0xC00D2280 R
0xC00D22C0 R
0xC00D2300 R
0xC00D2340 R
0xC00D2380 R
0xC00D23C0 R
0xC00D2400 R
0xC00D2440 R
0xC00D2480 R
0xC00D24C0 R
0xC00D2500 R
0xC00D2540 R
0xC00D2580 R
0xC00D25C0 R
0xC00D2600 R
0xC00D2640 R
0xC00D2680 R
0xC00D26C0 R
0xC00D2700 R
0xC00D2740 R
0xC00D2780 R
0xC00D27C0 R
0xC00D2800 R
0xC00D2840 R
0xC00D2880 R
0xC00D28C0 R
0xC00D2900 R
0xC00D2940 R
0xC00D2980 R
0xC00D29C0 R
0xC00D2A00 R
0xC00D2A40 R
0xC00D2A80 R
0xC00D2AC0 R
0xC00D2B00 R
0xC00D2B40 R
0xC00D2B80 R
0xC00D2BC0 R
0xC00D2C00 R
0xC00D2C40 R
0xC00D2C80 R
0xC00D2CC0 R
0xC00D2D00 R
0xC00D2D40 R
0xC00D2D80 R
0xC00D2DC0 R
0xC00D2E00 R
0xC00D2E40 R
0xC00D2E80 R
0xC00D2EC0 R
0xC00D2F00 R
0xC00D2F40 R
0xC00D2F80 R
0xC00D2FC0 R
0xC00D3000 R
0xC00D3040 R
0xC00D3080 R
0xC00D30C0 R
0xC00D3100 R
0xC00D3140 R
0xC00D3180 R
0xC00D31C0 R
0xC00D3200 R
0xC00D3240 R
0xC00D3280 R
0xC00D32C0 R
0xC00D3300 R
0xC00D3340 R
0xC00D3380 R
0xC00D33C0 R
0xC00D3400 R
0xC00D3440 R
0xC00D3480 R
0xC00D34C0 R
0xC00D3500 R
0xC00D3540 R
0xC00D3580 R
0xC00D35C0 R
0xC00D3600 R
0xC00D3640 R
0xC00D3680 R
0xC00D36C0 R
0xC00D3700 R
0xC00D3740 R
0xC00D3780 R
0xC00D37C0 R
0xC00D3800 R
0xC00D3840 R
0xC00D3880 R
0xC00D38C0 R
0xC00D3900 R
0xC00D3940 R
0xC00D3980 R
0xC00D39C0 R
0xC00D3A00 R
0xC00D3A40 R
0xC00D3A80 R
0xC00D3AC0 R
0xC00D3B00 R
0xC00D3B40 R
0xC00D3B80 R
0xC00D3BC0 R
0xC00D3C00 R
0xC00D3C40 R
0xC00D3C80 R
0xC00D3CC0 R
0xC00D3D00 R
0xC00D3D40 R
0xC00D3D80 R
0xC00D3DC0 R
0xC00D3E00 R
0xC00D3E40 R
0xC00D3E80 R
0xC00D3EC0 R
0xC00D3F00 R
0xC00D3F40 R
0xC00D3F80 R
0xC00D3FC0 R
0xC00D4000 R
0xC00D4040 R
0xC00D4080 R
0xC00D40C0 R
0xC00D4100 R
0xC00D4140 R
0xC00D4180 R
0xC00D41C0 R
0xC00D4200 R
0xC00D4240 R
0xC00D4280 R
0xC00D42C0 R
0xC00D4300 R
0xC00D4340 R
0xC00D4380 R
0xC00D43C0 R
0xC00D4400 R
0xC00D4440 R
0xC00D4480 R
0xC00D44C0 R
0xC00D4500 R
0xC00D4540 R
0xC00D4580 R
0xC00D45C0 R
0xC00D4600 R
0xC00D4640 R
0xC00D4680 R
0xC00D46C0 R
0xC00D4700 R
0xC00D4740 R
0xC00D4780 R
0xC00D47C0 R
0xC00D4800 R
0xC00D4840 R
0xC00D4880 R
0xC00D48C0 R
0xC00D4900 R
0xC00D4940 R
0xC00D4980 R
0xC00D49C0 R
0xC00D4A00 R
0xC00D4A40 R
0xC00D4A80 R
0xC00D4AC0 R
0xC00D4B00 R
0xC00D4B40 R
0xC00D4B80 R
0xC00D4BC0 R
0xC00D4C00 R
0xC00D4C40 R
0xC00D4C80 R
0xC00D4CC0 R
0xC00D4D00 R
0xC00D4D40 R
0xC00D4D80 R
0xC00D4DC0 R
0xC00D4E00 R
0xC00D4E40 R
0xC00D4E80 R
0xC00D4EC0 R
0xC00D4F00 R
0xC00D4F40 R
0xC00D4F80 R
0xC00D4FC0 R
0xC00D5000 R
0xC00D5040 R
0xC00D5080 R
0xC00D50C0 R
0xC00D5100 R
0xC00D5140 R
0xC00D5180 R
0xC00D51C0 R
0xC00D5200 R
0xC00D5240 R
0xC00D5280 R
0xC00D52C0 R
0xC00D5300 R
0xC00D5340 R
0xC00D5380 R
0xC00D53C0 R
0xC00D5400 R
0xC00D5440 R
0xC00D5480 R
0xC00D54C0 R
0xC00D5500 R
0xC00D5540 R
0xC00D5580 R
0xC00D55C0 R
0xC00D5600 R
0xC00D5640 R
0xC00D5680 R
0xC00D56C0 R
0xC00D5700 R
0xC00D5740 R
0xC00D5780 R
0xC00D57C0 R
0xC00D5800 R
0xC00D5840 R
0xC00D5880 R
0xC00D58C0 R
0xC00D5900 R
0xC00D5940 R
0xC00D5980 R
0xC00D59C0 R
0xC00D5A00 R
0xC00D5A40 R
0xC00D5A80 R
0xC00D5AC0 R
0xC00D5B00 R
0xC00D5B40 R
0xC00D5B80 R
0xC00D5BC0 R
0xC00D5C00 R
0xC00D5C40 R
0xC00D5C80 R
0xC00D5CC0 R
0xC00D5D00 R
0xC00D5D40 R
0xC00D5D80 R
0xC00D5DC0 R
0xC00D5E00 R
0xC00D5E40 R
0xC00D5E80 R
0xC00D5EC0 R
0xC00D5F00 R
0xC00D5F40 R
0xC00D5F80 R
0xC00D5FC0 R
0xC00D6000 R
0xC00D6040 R
0xC00D6080 R
0xC00D60C0 R
0xC00D6100 R
0xC00D6140 R
0xC00D6180 R
0xC00D61C0 R
0xC00D6200 R
0xC00D6240 R
0xC00D6280 R
0xC00D62C0 R
0xC00D6300 R
0xC00D6340 R
0xC00D6380 R
0xC00D63C0 R
0xC00D6400 R
0xC00D6440 R
0xC00D6480 R
0xC00D64C0 R
0xC00D6500 R
0xC00D6540 R
0xC00D6580 R
0xC00D65C0 R
0xC00D6600 R
0xC00D6640 R
0xC00D6680 R
0xC00D66C0 R
0xC00D6700 R
0xC00D6740 R
0xC00D6780 R
0xC00D67C0 R
0xC00D6800 R
0xC00D6840 R
0xC00D6880 R
0xC00D68C0 R
0xC00D6900 R
0xC00D6940 R
0xC00D6980 R
0xC00D69C0 R
0xC00D6A00 R
0xC00D6A40 R
0xC00D6A80 R
0xC00D6AC0 R
0xC00D6B00 R
0xC00D6B40 R
0xC00D6B80 R
0xC00D6BC0 R
0xC00D6C00 R
0xC00D6C40 R
0xC00D6C80 R
0xC00D6CC0 R
0xC00D6D00 R
0xC00D6D40 R
0xC00D6D80 R
0xC00D6DC0 R
0xC00D6E00 R
0xC00D6E40 R
0xC00D6E80 R
0xC00D6EC0 R
0xC00D6F00 R
0xC00D6F40 R
0xC00D6F80 R
0xC00D6FC0 R
0xC00D7000 R
0xC00D7040 R
0xC00D7080 R
0xC00D70C0 R
0xC00D7100 R
0xC00D7140 R
0xC00D7180 R
0xC00D71C0 R
0xC00D7200 R
0xC00D7240 R
0xC00D7280 R
0xC00D72C0 R
0xC00D7300 R
0xC00D7340 R
0xC00D7380 R
0xC00D73C0 R
0xC00D7400 R
0xC00D7440 R
0xC00D7480 R
0xC00D74C0 R
0xC00D7500 R
0xC00D7540 R
0xC00D7580 R
0xC00D75C0 R
0xC00D7600 R
0xC00D7640 R
0xC00D7680 R
0xC00D76C0 R
0xC00D7700 R
0xC00D7740 R
0xC00D7780 R
0xC00D77C0 R
0xC00D7800 R
0xC00D7840 R
0xC00D7880 R
0xC00D78C0 R
0xC00D7900 R
0xC00D7940 R
0xC00D7980 R
0xC00D79C0 R
0xC00D7A00 R
0xC00D7A40 R
0xC00D7A80 R
0xC00D7AC0 R
0xC00D7B00 R
0xC00D7B40 R
0xC00D7B80 R
0xC00D7BC0 R
0xC00D7C00 R
0xC00D7C40 R
0xC00D7C80 R
0xC00D7CC0 R
0xC00D7D00 R
0xC00D7D40 R
0xC00D7D80 R
0xC00D7DC0 R
0xC00D7E00 R
0xC00D7E40 R
0xC00D7E80 R
0xC00D7EC0 R
0xC00D7F00 R
0xC00D7F40 R
0xC00D7F80 R
0xC00D7FC0 R
0xC00D8000 R
0xC00D8040 R
0xC00D8080 R
0xC00D80C0 R
0xC00D8100 R
0xC00D8140 R
0xC00D8180 R
0xC00D81C0 R
0xC00D8200 R
0xC00D8240 R
0xC00D8280 R
0xC00D82C0 R
0xC00D8300 R
0xC00D8340 R
0xC00D8380 R
0xC00D83C0 R
0xC00D8400 R
0xC00D8440 R
0xC00D8480 R
0xC00D84C0 R
0xC00D8500 R
0xC00D8540 R
0xC00D8580 R
0xC00D85C0 R
0xC00D8600 R
0xC00D8640 R
0xC00D8680 R
0xC00D86C0 R
0xC00D8700 R
0xC00D8740 R
0xC00D8780 R
0xC00D87C0 R
0xC00D8800 R
0xC00D8840 R
0xC00D8880 R
0xC00D88C0 R
0xC00D8900 R
0xC00D8940 R
0xC00D8980 R
0xC00D89C0 R
0xC00D8A00 R
0xC00D8A40 R
0xC00D8A80 R
0xC00D8AC0 R
0xC00D8B00 R
0xC00D8B40 R
0xC00D8B80 R
0xC00D8BC0 R
0xC00D8C00 R
0xC00D8C40 R
0xC00D8C80 R
0xC00D8CC0 R
0xC00D8D00 R
0xC00D8D40 R
0xC00D8D80 R
0xC00D8DC0 R
0xC00D8E00 R
0xC00D8E40 R
0xC00D8E80 R
0xC00D8EC0 R
0xC00D8F00 R
0xC00D8F40 R
0xC00D8F80 R
0xC00D8FC0 R
0xC00D9000 R
0xC00D9040 R
0xC00D9080 R
0xC00D90C0 R
0xC00D9100 R
0xC00D9140 R
0xC00D9180 R
0xC00D91C0 R
0xC00D9200 R
0xC00D9240 R
0xC00D9280 R
0xC00D92C0 R
0xC00D9300 R
0xC00D9340 R
0xC00D9380 R
0xC00D93C0 R
0xC00D9400 R
0xC00D9440 R
0xC00D9480 R
0xC00D94C0 R
0xC00D9500 R
0xC00D9540 R
0xC00D9580 R
0xC00D95C0 R
0xC00D9600 R
0xC00D9640 R
0xC00D9680 R
0xC00D96C0 R
0xC00D9700 R
0xC00D9740 R
0xC00D9780 R
0xC00D97C0 R
0xC00D9800 R
0xC00D9840 R
0xC00D9880 R
0xC00D98C0 R
0xC00D9900 R
0xC00D9940 R
0xC00D9980 R
0xC00D99C0 R
0xC00D9A00 R
0xC00D9A40 R
0xC00D9A80 R
0xC00D9AC0 R
0xC00D9B00 R
0xC00D9B40 R
0xC00D9B80 R
0xC00D9BC0 R
0xC00D9C00 R
0xC00D9C40 R
0xC00D9C80 R
0xC00D9CC0 R
0xC00D9D00 R
0xC00D9D40 R
0xC00D9D80 R
0xC00D9DC0 R
0xC00D9E00 R
0xC00D9E40 R
0xC00D9E80 R
0xC00D9EC0 R
0xC00D9F00 R
0xC00D9F40 R
0xC00D9F80 R
0xC00D9FC0 R
0xC00DA000 R
0xC00DA040 R
0xC00DA080 R
0xC00DA0C0 R
0xC00DA100 R
0xC00DA140 R
0xC00DA180 R
0xC00DA1C0 R
0xC00DA200 R
0xC00DA240 R
0xC00DA280 R
0xC00DA2C0 R
0xC00DA300 R
0xC00DA340 R
0xC00DA380 R
0xC00DA3C0 R
0xC00DA400 R
0xC00DA440 R
0xC00DA480 R
0xC00DA4C0 R
0xC00DA500 R
0xC00DA540 R
0xC00DA580 R
0xC00DA5C0 R
0xC00DA600 R
0xC00DA640 R
0xC00DA680 R
0xC00DA6C0 R
0xC00DA700 R
0xC00DA740 R
0xC00DA780 R
0xC00DA7C0 R
0xC00DA800 R
0xC00DA840 R
0xC00DA880 R
0xC00DA8C0 R
0xC00DA900 R
0xC00DA940 R
0xC00DA980 R
0xC00DA9C0 R
0xC00DAA00 R
0xC00DAA40 R
0xC00DAA80 R
0xC00DAAC0 R
0xC00DAB00 R
0xC00DAB40 R
0xC00DAB80 R
0xC00DABC0 R
0xC00DAC00 R
0xC00DAC40 R
0xC00DAC80 R
0xC00DACC0 R
0xC00DAD00 R
0xC00DAD40 R
0xC00DAD80 R
0xC00DADC0 R
0xC00DAE00 R
0xC00DAE40 R
0xC00DAE80 R
0xC00DAEC0 R
0xC00DAF00 R
0xC00DAF40 R
0xC00DAF80 R
0xC00DAFC0 R
0xC00DB000 R
0xC00DB040 R
0xC00DB080 R
0xC00DB0C0 R
0xC00DB100 R
0xC00DB140 R
0xC00DB180 R
0xC00DB1C0 R
0xC00DB200 R
0xC00DB240 R
0xC00DB280 R
0xC00DB2C0 R
0xC00DB300 R
0xC00DB340 R
0xC00DB380 R
0xC00DB3C0 R
0xC00DB400 R
0xC00DB440 R
0xC00DB480 R
0xC00DB4C0 R
0xC00DB500 R
0xC00DB540 R
0xC00DB580 R
0xC00DB5C0 R
0xC00DB600 R
0xC00DB640 R
0xC00DB680 R
0xC00DB6C0 R
0xC00DB700 R
0xC00DB740 R
0xC00DB780 R
0xC00DB7C0 R
0xC00DB800 R
0xC00DB840 R
0xC00DB880 R
0xC00DB8C0 R
0xC00DB900 R
0xC00DB940 R
0xC00DB980 R
0xC00DB9C0 R
0xC00DBA00 R
0xC00DBA40 R
0xC00DBA80 R
0xC00DBAC0 R
0xC00DBB00 R
0xC00DBB40 R
0xC00DBB80 R
0xC00DBBC0 R
0xC00DBC00 R
0xC00DBC40 R
0xC00DBC80 R
0xC00DBCC0 R
0xC00DBD00 R
0xC00DBD40 R
0xC00DBD80 R
0xC00DBDC0 R
0xC00DBE00 R
0xC00DBE40 R
0xC00DBE80 R
0xC00DBEC0 R
0xC00DBF00 R
0xC00DBF40 R
0xC00DBF80 R
0xC00DBFC0 R
0xC00DC000 R
0xC00DC040 R
0xC00DC080 R
0xC00DC0C0 R
0xC00DC100 R
0xC00DC140 R
0xC00DC180 R
0xC00DC1C0 R
0xC00DC200 R
0xC00DC240 R
0xC00DC280 R
0xC00DC2C0 R
0xC00DC300 R
0xC00DC340 R
0xC00DC380 R
0xC00DC3C0 R
0xC00DC400 R
0xC00DC440 R
0xC00DC480 R
0xC00DC4C0 R
0xC00DC500 R
0xC00DC540 R
0xC00DC580 R
0xC00DC5C0 R
0xC00DC600 R
0xC00DC640 R
0xC00DC680 R
0xC00DC6C0 R
0xC00DC700 R
0xC00DC740 R
0xC00DC780 R
0xC00DC7C0 R
0xC00DC800 R
0xC00DC840 R
0xC00DC880 R
0xC00DC8C0 R
0xC00DC900 R
0xC00DC940 R
0xC00DC980 R
0xC00DC9C0 R
0xC00DCA00 R
0xC00DCA40 R
0xC00DCA80 R
0xC00DCAC0 R
0xC00DCB00 R
0xC00DCB40 R
0xC00DCB80 R
0xC00DCBC0 R
0xC00DCC00 R
0xC00DCC40 R
0xC00DCC80 R
0xC00DCCC0 R
0xC00DCD00 R
0xC00DCD40 R
0xC00DCD80 R
0xC00DCDC0 R
0xC00DCE00 R
0xC00DCE40 R
0xC00DCE80 R
0xC00DCEC0 R
0xC00DCF00 R
0xC00DCF40 R
0xC00DCF80 R
0xC00DCFC0 R
0xC00DD000 R
0xC00DD040 R
0xC00DD080 R
0xC00DD0C0 R
0xC00DD100 R
0xC00DD140 R
0xC00DD180 R
0xC00DD1C0 R
0xC00DD200 R
0xC00DD240 R
0xC00DD280 R
0xC00DD2C0 R
0xC00DD300 R
0xC00DD340 R
0xC00DD380 R
0xC00DD3C0 R
0xC00DD400 R
0xC00DD440 R
0xC00DD480 R
0xC00DD4C0 R
0xC00DD500 R
0xC00DD540 R
0xC00DD580 R
0xC00DD5C0 R
0xC00DD600 R
0xC00DD640 R
0xC00DD680 R
0xC00DD6C0 R
0xC00DD700 R
0xC00DD740 R
0xC00DD780 R
0xC00DD7C0 R
0xC00DD800 R
0xC00DD840 R
0xC00DD880 R
0xC00DD8C0 R
0xC00DD900 R
0xC00DD940 R
0xC00DD980 R
0xC00DD9C0 R
0xC00DDA00 R
0xC00DDA40 R
0xC00DDA80 R
0xC00DDAC0 R
0xC00DDB00 R
0xC00DDB40 R
0xC00DDB80 R
0xC00DDBC0 R
0xC00DDC00 R
0xC00DDC40 R
0xC00DDC80 R
0xC00DDCC0 R
0xC00DDD00 R
0xC00DDD40 R
0xC00DDD80 R
0xC00DDDC0 R
0xC00DDE00 R
0xC00DDE40 R
0xC00DDE80 R
0xC00DDEC0 R
0xC00DDF00 R
0xC00DDF40 R
0xC00DDF80 R
0xC00DDFC0 R
0xC00DE000 R
0xC00DE040 R
0xC00DE080 R
0xC00DE0C0 R
0xC00DE100 R
0xC00DE140 R
0xC00DE180 R
0xC00DE1C0 R
0xC00DE200 R
0xC00DE240 R
0xC00DE280 R
0xC00DE2C0 R
0xC00DE300 R
0xC00DE340 R
0xC00DE380 R
0xC00DE3C0 R
0xC00DE400 R
0xC00DE440 R
0xC00DE480 R
0xC00DE4C0 R
0xC00DE500 R
0xC00DE540 R
0xC00DE580 R
0xC00DE5C0 R
0xC00DE600 R
0xC00DE640 R
0xC00DE680 R
0xC00DE6C0 R
0xC00DE700 R
0xC00DE740 R
0xC00DE780 R
0xC00DE7C0 R
0xC00DE800 R
0xC00DE840 R
0xC00DE880 R
0xC00DE8C0 R
0xC00DE900 R
0xC00DE940 R
0xC00DE980 R
0xC00DE9C0 R
0xC00DEA00 R
0xC00DEA40 R
0xC00DEA80 R
0xC00DEAC0 R
0xC00DEB00 R
0xC00DEB40 R
0xC00DEB80 R
0xC00DEBC0 R
0xC00DEC00 R
0xC00DEC40 R
0xC00DEC80 R
0xC00DECC0 R
0xC00DED00 R
0xC00DED40 R
0xC00DED80 R
0xC00DEDC0 R
0xC00DEE00 R
0xC00DEE40 R
0xC00DEE80 R
0xC00DEEC0 R
0xC00DEF00 R
0xC00DEF40 R
0xC00DEF80 R
0xC00DEFC0 R
0xC00DF000 R
0xC00DF040 R
0xC00DF080 R
0xC00DF0C0 R
0xC00DF100 R
0xC00DF140 R
0xC00DF180 R
0xC00DF1C0 R
0xC00DF200 R
0xC00DF240 R
0xC00DF280 R
0xC00DF2C0 R
0xC00DF300 R
0xC00DF340 R
0xC00DF380 R
0xC00DF3C0 R
0xC00DF400 R
0xC00DF440 R
0xC00DF480 R
0xC00DF4C0 R
0xC00DF500 R
0xC00DF540 R
0xC00DF580 R
0xC00DF5C0 R
0xC00DF600 R
0xC00DF640 R
0xC00DF680 R
0xC00DF6C0 R
0xC00DF700 R
0xC00DF740 R
0xC00DF780 R
0xC00DF7C0 R
0xC00DF800 R
0xC00DF840 R
0xC00DF880 R
0xC00DF8C0 R
0xC00DF900 R
0xC00DF940 R
0xC00DF980 R
0xC00DF9C0 R
0xC00DFA00 R
0xC00DFA40 R
0xC00DFA80 R
0xC00DFAC0 R
0xC00DFB00 R
0xC00DFB40 R
0xC00DFB80 R
0xC00DFBC0 R
0xC00DFC00 R
0xC00DFC40 R
0xC00DFC80 R
0xC00DFCC0 R
0xC00DFD00 R
0xC00DFD40 R
0xC00DFD80 R
0xC00DFDC0 R
0xC00DFE00 R
0xC00DFE40 R
0xC00DFE80 R
0xC00DFEC0 R
0xC00DFF00 R
0xC00DFF40 R
0xC00DFF80 R
0xC00DFFC0 R
